{
    "center": [
        2.118178000711387e-05,
        0.11274457106981156,
        0.0013336256808618475
    ],
    "extents": [
        1.9311913944412211,
        0.32168825746682084,
        0.3103910043535411
    ],
    "scale": [
        0.13,
        0.1,
        0.1
    ],
    "transform_matrix": [
        [
            1.0,
            0.0,
            0.0,
            0.0
        ],
        [
            0.0,
            1.0,
            0.0,
            0.0
        ],
        [
            0.0,
            0.0,
            1.0,
            0.0
        ],
        [
            0.0,
            0.0,
            0.0,
            1.0
        ]
    ],
    "target_pose": [],
    "contact_points_pose": [
        [
            [
                1.0,
                0.0,
                0.0,
                0.6836299896240234
            ],
            [
                0.0,
                1.0,
                0.0,
                0.13534000515937805
            ],
            [
                0.0,
                -0.0,
                1.0,
                0.022050000727176666
            ],
            [
                0.0,
                0.0,
                0.0,
                1.0
            ]
        ],
        [
            [
                -1.0,
                -0.0,
                -0.0,
                -0.6790900230407715
            ],
            [
                0.0,
                1.0,
                -0.0,
                0.12472999840974808
            ],
            [
                0.0,
                -0.0,
                -1.0,
                -0.0023300000466406345
            ],
            [
                0.0,
                0.0,
                0.0,
                1.0
            ]
        ]
    ],
    "functional_matrix": [],
    "orientation_point": [],
    "contact_points_group": [],
    "contact_points_mask": [],
    "target_point_discription": [],
    "contact_points_discription": [],
    "functional_point_discription": [],
    "orientation_point_discription": [],
    "stable": true
}