{
    "center": [
        4.407461345265363e-05,
        0.16139178799652434,
        -5.591878525230326e-06
    ],
    "extents": [
        0.41231079352086225,
        0.35638386244056697,
        1.9082818236866979
    ],
    "scale": [
        0.11,
        0.11,
        0.12
    ],
    "transform_matrix": [
        [
            1.0,
            0.0,
            0.0,
            0.0
        ],
        [
            0.0,
            1.0,
            0.0,
            0.0
        ],
        [
            0.0,
            0.0,
            1.0,
            0.0
        ],
        [
            0.0,
            0.0,
            0.0,
            1.0
        ]
    ],
    "target_pose": [],
    "contact_points_pose": [
        [
            [
                -0.0,
                0.0,
                1.0,
                0.0
            ],
            [
                -0.0,
                1.0,
                -0.0,
                0.1638299971818924
            ],
            [
                -1.0,
                -0.0,
                -0.0,
                -0.8093100190162659
            ],
            [
                0.0,
                0.0,
                0.0,
                1.0
            ]
        ],
        [
            [
                -0.0,
                -0.0,
                -1.0,
                0.0
            ],
            [
                0.0,
                1.0,
                -0.0,
                0.1706800013780594
            ],
            [
                1.0,
                -0.0,
                -0.0,
                0.7998700141906738
            ],
            [
                0.0,
                0.0,
                0.0,
                1.0
            ]
        ]
    ],
    "functional_matrix": [],
    "orientation_point": [],
    "contact_points_group": [],
    "contact_points_mask": [],
    "target_point_discription": [],
    "contact_points_discription": [],
    "functional_point_discription": [],
    "orientation_point_discription": [],
    "stable": true
}