{
    "scale": 0.15,
    "transform_matrix": [
        [
            0.9999991655349731,
            0.0012915469706058502,
            -2.6679620077629806e-06,
            0
        ],
        [
            -0.0012915469706058502,
            0.9999991655349731,
            3.070265677251882e-07,
            0
        ],
        [
            2.6683562737161992e-06,
            -3.035804923001706e-07,
            1.0,
            0.035550929605960846
        ],
        [
            0.0,
            0.0,
            0.0,
            1.0
        ]
    ],
    "init_qpos": [],
    "target_points": [],
    "contact_points": [
        {
            "matrix": [
                [
                    0.9998000264167786,
                    -0.008449999615550041,
                    -0.018219999969005585,
                    -0.5173500180244446
                ],
                [
                    0.013179999776184559,
                    0.9606800079345703,
                    0.2773300111293793,
                    0.9134100079536438
                ],
                [
                    0.015159999951720238,
                    -0.27750998735427856,
                    0.9606000185012817,
                    -0.2836099863052368
                ],
                [
                    0.0,
                    0.0,
                    0.0,
                    1.0
                ]
            ],
            "base": "link_1"
        },
        {
            "matrix": [
                [
                    0.9997900128364563,
                    -0.014659999869763851,
                    -0.01425000000745058,
                    -0.5595999956130981
                ],
                [
                    0.018160000443458557,
                    0.9567999839782715,
                    0.2901799976825714,
                    0.8506399989128113
                ],
                [
                    0.009379999712109566,
                    -0.29038000106811523,
                    0.9568700194358826,
                    -0.5060999989509583
                ],
                [
                    0.0,
                    0.0,
                    0.0,
                    1.0
                ]
            ],
            "base": "link_1"
        },
        {
            "matrix": [
                [
                    -0.014659999869763851,
                    -0.014220000244677067,
                    0.9997900128364563,
                    -0.5628899931907654
                ],
                [
                    0.9567899703979492,
                    0.29019999504089355,
                    0.018160000443458557,
                    0.9186099767684937
                ],
                [
                    -0.2903999984264374,
                    0.9568600058555603,
                    0.009349999949336052,
                    -0.28828999400138855
                ],
                [
                    0.0,
                    0.0,
                    0.0,
                    1.0
                ]
            ],
            "base": "link_1"
        },
        {
            "matrix": [
                [
                    0.00022000000171829015,
                    -0.0003000000142492354,
                    1.0,
                    9.000000136438757e-05
                ],
                [
                    0.8001599907875061,
                    0.5997800230979919,
                    9.999999747378752e-06,
                    -0.15460999310016632
                ],
                [
                    -0.5997800230979919,
                    0.8001599907875061,
                    0.0003699999942909926,
                    0.7115899920463562
                ],
                [
                    0.0,
                    0.0,
                    0.0,
                    1.0
                ]
            ],
            "base": "link_0"
        }
    ],
    "functional_points": [],
    "orientation_point": [],
    "contact_points_group": [
        [
            0,
            1
        ]
    ],
    "contact_points_mask": [
        true
    ],
    "target_points_discription": [],
    "contact_points_discription": [],
    "functional_points_discription": [],
    "orientation_point_discription": []
}