{"min": [-0.903801, -0.573232, -0.769716], "max": [0.950205, 0.572119, 0.685418]}