{
    "scale": 0.12,
    "transform_matrix": [
        [
            1.0,
            2.536829015298281e-05,
            6.799973107263213e-06,
            0
        ],
        [
            -2.536826468713116e-05,
            1.0,
            -3.5132670745952055e-06,
            0
        ],
        [
            -6.800062237743987e-06,
            3.5130947253492195e-06,
            1.0,
            0.06878799200057983
        ],
        [
            0.0,
            0.0,
            0.0,
            1.0
        ]
    ],
    "init_qpos": [],
    "target_points": [],
    "contact_points": [
        {
            "matrix": [
                [
                    -2.9999999242136255e-05,
                    1.0,
                    -7.000000186963007e-05,
                    0.9536799788475037
                ],
                [
                    9.999999747378752e-06,
                    -7.000000186963007e-05,
                    -1.0,
                    0.29089000821113586
                ],
                [
                    -1.0,
                    -2.9999999242136255e-05,
                    -9.999999747378752e-06,
                    0.04535999894142151
                ],
                [
                    0.0,
                    0.0,
                    0.0,
                    1.0
                ]
            ],
            "base": "link_3"
        },
        {
            "matrix": [
                [
                    -2.9999999242136255e-05,
                    -1.0,
                    -0.0,
                    -0.9079599976539612
                ],
                [
                    9.999999747378752e-06,
                    -0.0,
                    1.0,
                    0.3168799877166748
                ],
                [
                    -1.0,
                    2.9999999242136255e-05,
                    9.999999747378752e-06,
                    0.042180001735687256
                ],
                [
                    0.0,
                    0.0,
                    0.0,
                    1.0
                ]
            ],
            "base": "link_3"
        }
    ],
    "functional_points": [],
    "orientation_point": [],
    "contact_points_group": [],
    "contact_points_mask": [],
    "target_points_discription": [],
    "contact_points_discription": [],
    "functional_points_discription": [],
    "orientation_point_discription": []
}