{
    "center": [
        -0.006569986372540686,
        0.9428110041954143,
        -0.004385472030116843
    ],
    "extents": [
        1.2579409427375774,
        1.9234751081521766,
        1.1886405129378916
    ],
    "scale": [
        0.1,
        0.1,
        0.1
    ],
    "transform_matrix": [
        [
            1.0,
            0.0,
            0.0,
            0.0
        ],
        [
            0.0,
            1.0,
            0.0,
            0.0
        ],
        [
            0.0,
            0.0,
            1.0,
            0.0
        ],
        [
            0.0,
            0.0,
            0.0,
            1.0
        ]
    ],
    "target_pose": [],
    "contact_points_pose": [
        [
            [
                0.0006699999794363976,
                -0.9998999834060669,
                0.014379999600350857,
                0.0
            ],
            [
                1.0,
                0.0006699999794363976,
                -0.0,
                0.5919600129127502
            ],
            [
                -9.999999747378752e-06,
                0.014379999600350857,
                0.9998999834060669,
                -0.0
            ],
            [
                0.0,
                0.0,
                0.0,
                1.0
            ]
        ],
        [
            [
                0.0006699999794363976,
                -0.707099974155426,
                0.7071099877357483,
                0.0
            ],
            [
                1.0,
                0.00046999999904073775,
                -0.00046999999904073775,
                0.5919600129127502
            ],
            [
                -0.0,
                0.7071099877357483,
                0.707099974155426,
                -0.0
            ],
            [
                0.0,
                0.0,
                0.0,
                1.0
            ]
        ],
        [
            [
                0.0006699999794363976,
                9.999999747378752e-06,
                1.0,
                0.0
            ],
            [
                1.0,
                0.0,
                -0.0006699999794363976,
                0.5919600129127502
            ],
            [
                -0.0,
                1.0,
                -9.999999747378752e-06,
                -0.0
            ],
            [
                0.0,
                0.0,
                0.0,
                1.0
            ]
        ],
        [
            [
                0.0006699999794363976,
                0.7071099877357483,
                0.707099974155426,
                0.0
            ],
            [
                1.0,
                -0.00046999999904073775,
                -0.00046999999904073775,
                0.5919600129127502
            ],
            [
                -0.0,
                0.707099974155426,
                -0.7071099877357483,
                -0.0
            ],
            [
                0.0,
                0.0,
                0.0,
                1.0
            ]
        ],
        [
            [
                0.0006699999794363976,
                1.0,
                -9.999999747378752e-06,
                0.0
            ],
            [
                1.0,
                -0.0006699999794363976,
                -0.0,
                0.5919600129127502
            ],
            [
                -0.0,
                -9.999999747378752e-06,
                -1.0,
                -0.0
            ],
            [
                0.0,
                0.0,
                0.0,
                1.0
            ]
        ],
        [
            [
                0.0006699999794363976,
                0.707099974155426,
                -0.7071099877357483,
                0.0
            ],
            [
                1.0,
                -0.00046999999904073775,
                0.00046999999904073775,
                0.5919600129127502
            ],
            [
                -0.0,
                -0.7071099877357483,
                -0.707099974155426,
                -0.0
            ],
            [
                0.0,
                0.0,
                0.0,
                1.0
            ]
        ],
        [
            [
                0.0006699999794363976,
                -9.999999747378752e-06,
                -1.0,
                0.0
            ],
            [
                1.0,
                -0.0,
                0.0006699999794363976,
                0.5919600129127502
            ],
            [
                -0.0,
                -1.0,
                9.999999747378752e-06,
                -0.0
            ],
            [
                0.0,
                0.0,
                0.0,
                1.0
            ]
        ],
        [
            [
                0.0006699999794363976,
                -0.7071099877357483,
                -0.707099974155426,
                0.0
            ],
            [
                1.0,
                0.00046999999904073775,
                0.00046999999904073775,
                0.5919600129127502
            ],
            [
                -0.0,
                -0.707099974155426,
                0.7071099877357483,
                -0.0
            ],
            [
                0.0,
                0.0,
                0.0,
                1.0
            ]
        ]
    ],
    "functional_matrix": [],
    "orientation_point": [],
    "contact_points_group": [
        [
            0,
            1,
            2,
            3,
            4,
            5,
            6,
            7
        ]
    ],
    "contact_points_mask": [
        true
    ],
    "target_point_discription": [],
    "contact_points_discription": [],
    "functional_point_discription": [],
    "orientation_point_discription": [],
    "stable": true
}