{
    "center": [
        -0.0006547155577471021,
        0.9504308488135421,
        0.0007010122901591511
    ],
    "extents": [
        1.587665746810429,
        1.936544003435245,
        1.4274004090985954
    ],
    "scale": [
        0.1,
        0.1,
        0.1
    ],
    "transform_matrix": [
        [
            1.0,
            0.0,
            0.0,
            0.0
        ],
        [
            0.0,
            1.0,
            0.0,
            0.0
        ],
        [
            0.0,
            0.0,
            1.0,
            0.0
        ],
        [
            0.0,
            0.0,
            0.0,
            1.0
        ]
    ],
    "target_pose": [],
    "contact_points_pose": [
        [
            [
                0.0006699999794363976,
                -1.0,
                0.0026599999982863665,
                0.0
            ],
            [
                1.0,
                0.0006699999794363976,
                -0.0,
                0.3473599851131439
            ],
            [
                -0.0,
                0.0026599999982863665,
                1.0,
                -0.0
            ],
            [
                0.0,
                0.0,
                0.0,
                1.0
            ]
        ],
        [
            [
                0.0006699999794363976,
                -0.707099974155426,
                0.7071099877357483,
                0.0
            ],
            [
                1.0,
                0.00046999999904073775,
                -0.00046999999904073775,
                0.3473599851131439
            ],
            [
                -0.0,
                0.7071099877357483,
                0.707099974155426,
                -0.0
            ],
            [
                0.0,
                0.0,
                0.0,
                1.0
            ]
        ],
        [
            [
                0.0006699999794363976,
                9.999999747378752e-06,
                1.0,
                0.0
            ],
            [
                1.0,
                0.0,
                -0.0006699999794363976,
                0.3473599851131439
            ],
            [
                -0.0,
                1.0,
                -9.999999747378752e-06,
                -0.0
            ],
            [
                0.0,
                0.0,
                0.0,
                1.0
            ]
        ],
        [
            [
                0.0006699999794363976,
                0.7071099877357483,
                0.707099974155426,
                0.0
            ],
            [
                1.0,
                -0.00046999999904073775,
                -0.00046999999904073775,
                0.3473599851131439
            ],
            [
                -0.0,
                0.707099974155426,
                -0.7071099877357483,
                -0.0
            ],
            [
                0.0,
                0.0,
                0.0,
                1.0
            ]
        ],
        [
            [
                0.0006699999794363976,
                1.0,
                -9.999999747378752e-06,
                0.0
            ],
            [
                1.0,
                -0.0006699999794363976,
                -0.0,
                0.3473599851131439
            ],
            [
                -0.0,
                -9.999999747378752e-06,
                -1.0,
                -0.0
            ],
            [
                0.0,
                0.0,
                0.0,
                1.0
            ]
        ],
        [
            [
                0.0006699999794363976,
                0.707099974155426,
                -0.7071099877357483,
                0.0
            ],
            [
                1.0,
                -0.00046999999904073775,
                0.00046999999904073775,
                0.3473599851131439
            ],
            [
                -0.0,
                -0.7071099877357483,
                -0.707099974155426,
                -0.0
            ],
            [
                0.0,
                0.0,
                0.0,
                1.0
            ]
        ],
        [
            [
                0.0006699999794363976,
                -9.999999747378752e-06,
                -1.0,
                0.0
            ],
            [
                1.0,
                -0.0,
                0.0006699999794363976,
                0.3473599851131439
            ],
            [
                -0.0,
                -1.0,
                9.999999747378752e-06,
                -0.0
            ],
            [
                0.0,
                0.0,
                0.0,
                1.0
            ]
        ],
        [
            [
                0.0006699999794363976,
                -0.7071099877357483,
                -0.707099974155426,
                0.0
            ],
            [
                1.0,
                0.00046999999904073775,
                0.00046999999904073775,
                0.3473599851131439
            ],
            [
                -0.0,
                -0.707099974155426,
                0.7071099877357483,
                -0.0
            ],
            [
                0.0,
                0.0,
                0.0,
                1.0
            ]
        ]
    ],
    "functional_matrix": [],
    "orientation_point": [],
    "contact_points_group": [
        [
            0,
            1,
            2,
            3,
            4,
            5,
            6,
            7
        ]
    ],
    "contact_points_mask": [
        true
    ],
    "target_point_discription": [],
    "contact_points_discription": [],
    "functional_point_discription": [],
    "orientation_point_discription": [],
    "stable": true
}