{
    "center": [
        3.385441615875882e-05,
        0.9417507047196586,
        -0.004063369682036255
    ],
    "extents": [
        1.5588545750392706,
        1.9211906636523968,
        1.4984336994329504
    ],
    "scale": [
        0.1,
        0.1,
        0.1
    ],
    "transform_matrix": [
        [
            1.0,
            0.0,
            0.0,
            0.0
        ],
        [
            0.0,
            1.0,
            0.0,
            0.0
        ],
        [
            0.0,
            0.0,
            1.0,
            0.0
        ],
        [
            0.0,
            0.0,
            0.0,
            1.0
        ]
    ],
    "target_pose": [],
    "contact_points_pose": [
        [
            [
                0.0006699999794363976,
                -1.0,
                9.999999747378752e-06,
                0.0
            ],
            [
                1.0,
                0.0006699999794363976,
                0.0,
                0.5800999999046326
            ],
            [
                -0.0,
                9.999999747378752e-06,
                1.0,
                -0.0
            ],
            [
                0.0,
                0.0,
                0.0,
                1.0
            ]
        ],
        [
            [
                0.0006699999794363976,
                -0.707099974155426,
                0.7071099877357483,
                0.0
            ],
            [
                1.0,
                0.00046999999904073775,
                -0.00046999999904073775,
                0.5800999999046326
            ],
            [
                -0.0,
                0.7071099877357483,
                0.707099974155426,
                -0.0
            ],
            [
                0.0,
                0.0,
                0.0,
                1.0
            ]
        ],
        [
            [
                0.0006699999794363976,
                9.999999747378752e-06,
                1.0,
                0.0
            ],
            [
                1.0,
                0.0,
                -0.0006699999794363976,
                0.5800999999046326
            ],
            [
                -0.0,
                1.0,
                -9.999999747378752e-06,
                -0.0
            ],
            [
                0.0,
                0.0,
                0.0,
                1.0
            ]
        ],
        [
            [
                0.0006699999794363976,
                0.7071099877357483,
                0.707099974155426,
                0.0
            ],
            [
                1.0,
                -0.00046999999904073775,
                -0.00046999999904073775,
                0.5800999999046326
            ],
            [
                -0.0,
                0.707099974155426,
                -0.7071099877357483,
                -0.0
            ],
            [
                0.0,
                0.0,
                0.0,
                1.0
            ]
        ],
        [
            [
                0.0006699999794363976,
                1.0,
                -9.999999747378752e-06,
                0.0
            ],
            [
                1.0,
                -0.0006699999794363976,
                -0.0,
                0.5800999999046326
            ],
            [
                -0.0,
                -9.999999747378752e-06,
                -1.0,
                -0.0
            ],
            [
                0.0,
                0.0,
                0.0,
                1.0
            ]
        ],
        [
            [
                0.0006699999794363976,
                0.707099974155426,
                -0.7071099877357483,
                0.0
            ],
            [
                1.0,
                -0.00046999999904073775,
                0.00046999999904073775,
                0.5800999999046326
            ],
            [
                -0.0,
                -0.7071099877357483,
                -0.707099974155426,
                -0.0
            ],
            [
                0.0,
                0.0,
                0.0,
                1.0
            ]
        ],
        [
            [
                0.0006699999794363976,
                -9.999999747378752e-06,
                -1.0,
                0.0
            ],
            [
                1.0,
                -0.0,
                0.0006699999794363976,
                0.5800999999046326
            ],
            [
                -0.0,
                -1.0,
                9.999999747378752e-06,
                -0.0
            ],
            [
                0.0,
                0.0,
                0.0,
                1.0
            ]
        ],
        [
            [
                0.0006699999794363976,
                -0.7071099877357483,
                -0.707099974155426,
                0.0
            ],
            [
                1.0,
                0.00046999999904073775,
                0.00046999999904073775,
                0.5800999999046326
            ],
            [
                -0.0,
                -0.707099974155426,
                0.7071099877357483,
                -0.0
            ],
            [
                0.0,
                0.0,
                0.0,
                1.0
            ]
        ]
    ],
    "functional_matrix": [],
    "orientation_point": [],
    "contact_points_group": [
        [
            0,
            1,
            2,
            3,
            4,
            5,
            6,
            7
        ]
    ],
    "contact_points_mask": [
        true
    ],
    "target_point_discription": [],
    "contact_points_discription": [],
    "functional_point_discription": [],
    "orientation_point_discription": [],
    "stable": true
}