{
    "center": [
        -0.0003146050482426703,
        0.9439116115595724,
        0.001064143586487923
    ],
    "extents": [
        0.9568699172598235,
        1.924723427793152,
        0.6748044108999526
    ],
    "scale": [
        0.1,
        0.1,
        0.1
    ],
    "transform_matrix": [
        [
            1.0,
            0.0,
            0.0,
            0.0
        ],
        [
            0.0,
            1.0,
            0.0,
            0.0
        ],
        [
            0.0,
            0.0,
            1.0,
            0.0
        ],
        [
            0.0,
            0.0,
            0.0,
            1.0
        ]
    ],
    "target_pose": [],
    "contact_points_pose": [
        [
            [
                0.0006699999794363976,
                -0.9999600052833557,
                0.009270000271499157,
                0.0
            ],
            [
                1.0,
                0.0006699999794363976,
                -0.0,
                0.5532100200653076
            ],
            [
                -0.0,
                0.009270000271499157,
                0.9999600052833557,
                -0.0
            ],
            [
                0.0,
                0.0,
                0.0,
                1.0
            ]
        ],
        [
            [
                0.0006699999794363976,
                -0.707099974155426,
                0.7071099877357483,
                0.0
            ],
            [
                1.0,
                0.00046999999904073775,
                -0.00046999999904073775,
                0.5532100200653076
            ],
            [
                -0.0,
                0.7071099877357483,
                0.707099974155426,
                -0.0
            ],
            [
                0.0,
                0.0,
                0.0,
                1.0
            ]
        ],
        [
            [
                0.0006699999794363976,
                9.999999747378752e-06,
                1.0,
                0.0
            ],
            [
                1.0,
                0.0,
                -0.0006699999794363976,
                0.5532100200653076
            ],
            [
                -0.0,
                1.0,
                -9.999999747378752e-06,
                -0.0
            ],
            [
                0.0,
                0.0,
                0.0,
                1.0
            ]
        ],
        [
            [
                0.0006699999794363976,
                0.7071099877357483,
                0.707099974155426,
                0.0
            ],
            [
                1.0,
                -0.00046999999904073775,
                -0.00046999999904073775,
                0.5532100200653076
            ],
            [
                -0.0,
                0.707099974155426,
                -0.7071099877357483,
                -0.0
            ],
            [
                0.0,
                0.0,
                0.0,
                1.0
            ]
        ],
        [
            [
                0.0006699999794363976,
                1.0,
                -9.999999747378752e-06,
                0.0
            ],
            [
                1.0,
                -0.0006699999794363976,
                -0.0,
                0.5532100200653076
            ],
            [
                -0.0,
                -9.999999747378752e-06,
                -1.0,
                -0.0
            ],
            [
                0.0,
                0.0,
                0.0,
                1.0
            ]
        ],
        [
            [
                0.0006699999794363976,
                0.707099974155426,
                -0.7071099877357483,
                0.0
            ],
            [
                1.0,
                -0.00046999999904073775,
                0.00046999999904073775,
                0.5532100200653076
            ],
            [
                -0.0,
                -0.7071099877357483,
                -0.707099974155426,
                -0.0
            ],
            [
                0.0,
                0.0,
                0.0,
                1.0
            ]
        ],
        [
            [
                0.0006699999794363976,
                -9.999999747378752e-06,
                -1.0,
                0.0
            ],
            [
                1.0,
                -0.0,
                0.0006699999794363976,
                0.5532100200653076
            ],
            [
                -0.0,
                -1.0,
                9.999999747378752e-06,
                -0.0
            ],
            [
                0.0,
                0.0,
                0.0,
                1.0
            ]
        ],
        [
            [
                0.0006699999794363976,
                -0.7071099877357483,
                -0.707099974155426,
                0.0
            ],
            [
                1.0,
                0.00046999999904073775,
                0.00046999999904073775,
                0.5532100200653076
            ],
            [
                -0.0,
                -0.707099974155426,
                0.7071099877357483,
                -0.0
            ],
            [
                0.0,
                0.0,
                0.0,
                1.0
            ]
        ]
    ],
    "functional_matrix": [],
    "orientation_point": [],
    "contact_points_group": [
        [
            0,
            1,
            2,
            3,
            4,
            5,
            6,
            7
        ]
    ],
    "contact_points_mask": [
        true
    ],
    "target_point_discription": [],
    "contact_points_discription": [],
    "functional_point_discription": [],
    "orientation_point_discription": [],
    "stable": true
}