{
    "center": [
        2.1439145438146267e-05,
        0.17515499716553293,
        -0.029588341057975368
    ],
    "extents": [
        1.225306775101383,
        0.7410235277713523,
        1.716424184732401
    ],
    "scale": [
        0.167,
        0.167,
        0.167
    ],
    "target_pose": [
        [
            [
                1.0,
                0.0,
                0.0,
                0.0
            ],
            [
                0.0,
                1.0,
                0.0,
                -0.15
            ],
            [
                0.0,
                0.0,
                1.0,
                0.8
            ],
            [
                0.0,
                0.0,
                0.0,
                1.0
            ]
        ]
    ],
    "contact_pose": [
        [
            [
                1.0,
                0.0,
                0.0,
                0.0
            ],
            [
                0.0,
                1.0,
                0.0,
                0.15
            ],
            [
                0.0,
                0.0,
                1.0,
                -0.6
            ],
            [
                0.0,
                0.0,
                0.0,
                1.0
            ]
        ]
    ],
    "trans_matrix": [
        [
            0.0007963267107332633,
            -0.0,
            -0.9999996829318346,
            0.0
        ],
        [
            0.0,
            1.0,
            -0.0,
            0.0
        ],
        [
            0.9999996829318346,
            0.0,
            0.0007963267107332633,
            0.0
        ],
        [
            0.0,
            0.0,
            0.0,
            1.0
        ]
    ],
    "stable": false
}