{
    "center": [
        -1.2132333553083452e-05,
        0.15407920132055827,
        -0.024418723380746108
    ],
    "extents": [
        0.9830405374836345,
        0.8945506517710153,
        2.019464863994993
    ],
    "scale": [
        0.1,
        0.1,
        0.1
    ],
    "transform_matrix": [
        [
            1.0,
            0.0,
            0.0,
            0.0
        ],
        [
            0.0,
            1.0,
            0.0,
            0.0
        ],
        [
            0.0,
            0.0,
            1.0,
            0.0
        ],
        [
            0.0,
            0.0,
            0.0,
            1.0
        ]
    ],
    "target_pose": [],
    "contact_points_pose": [
        [
            [
                -0.042980000376701355,
                9.999999747378752e-06,
                -0.9990800023078918,
                -0.0032599999103695154
            ],
            [
                -0.19554999470710754,
                0.9806600213050842,
                0.008419999852776527,
                0.4018000066280365
            ],
            [
                0.9797499775886536,
                0.19573000073432922,
                -0.04213999956846237,
                -0.6392199993133545
            ],
            [
                0.0,
                0.0,
                0.0,
                1.0
            ]
        ]
    ],
    "functional_matrix": [
        [
            [
                1.0,
                0.0,
                0.0,
                0.0
            ],
            [
                0.0,
                1.0,
                -0.0,
                0.0
            ],
            [
                0.0,
                0.0,
                1.0,
                0.953029990196228
            ],
            [
                0.0,
                0.0,
                0.0,
                1.0
            ]
        ]
    ],
    "orientation_point": [],
    "contact_points_group": [],
    "contact_points_mask": [],
    "target_point_discription": [],
    "contact_points_discription": [],
    "functional_point_discription": [],
    "orientation_point_discription": [],
    "stable": true
}