{
    "center": [
        -5.273632102541908e-05,
        0.14770419710189367,
        -0.018467679506229337
    ],
    "extents": [
        1.1206600974287455,
        0.9471717719657307,
        1.9946528532498853
    ],
    "scale": [
        0.1,
        0.1,
        0.1
    ],
    "transform_matrix": [
        [
            1.0,
            0.0,
            0.0,
            0.0
        ],
        [
            0.0,
            1.0,
            0.0,
            0.0
        ],
        [
            0.0,
            0.0,
            1.0,
            0.0
        ],
        [
            0.0,
            0.0,
            0.0,
            1.0
        ]
    ],
    "target_pose": [],
    "contact_points_pose": [
        [
            [
                -0.042980000376701355,
                0.0,
                -0.9990800023078918,
                -0.001449999981559813
            ],
            [
                -0.14751000702381134,
                0.9890400171279907,
                0.00634999992325902,
                0.3825100064277649
            ],
            [
                0.9881299734115601,
                0.14765000343322754,
                -0.04250999912619591,
                -0.5781099796295166
            ],
            [
                0.0,
                0.0,
                0.0,
                1.0
            ]
        ]
    ],
    "functional_matrix": [
        [
            [
                1.0,
                0.0,
                0.0,
                0.0
            ],
            [
                0.0,
                1.0,
                -0.0,
                0.0
            ],
            [
                0.0,
                0.0,
                1.0,
                1.0034699440002441
            ],
            [
                0.0,
                0.0,
                0.0,
                1.0
            ]
        ]
    ],
    "orientation_point": [],
    "contact_points_group": [],
    "contact_points_mask": [],
    "target_point_discription": [],
    "contact_points_discription": [],
    "functional_point_discription": [],
    "orientation_point_discription": [],
    "stable": true
}