{
    "center": [
        -0.09568655736659626,
        0.1269716036756135,
        0.030746560791641418
    ],
    "extents": [
        0.9895218678937183,
        0.41209091099770234,
        2.037263744979099
    ],
    "scale": [
        0.1,
        0.1,
        0.1
    ],
    "transform_matrix": [
        [
            1.0,
            0.0,
            0.0,
            0.0
        ],
        [
            0.0,
            1.0,
            0.0,
            0.0
        ],
        [
            0.0,
            0.0,
            1.0,
            0.0
        ],
        [
            0.0,
            0.0,
            0.0,
            1.0
        ]
    ],
    "target_pose": [],
    "contact_points_pose": [
        [
            [
                -0.042980000376701355,
                0.0,
                -0.9990800023078918,
                -0.001449999981559813
            ],
            [
                -0.038989998400211334,
                0.999239981174469,
                0.0016799999866634607,
                0.24950000643730164
            ],
            [
                0.9983100295066833,
                0.03903000056743622,
                -0.04295000061392784,
                -0.5781099796295166
            ],
            [
                0.0,
                0.0,
                0.0,
                1.0
            ]
        ]
    ],
    "functional_matrix": [
        [
            [
                1.0,
                0.0,
                0.0,
                0.0
            ],
            [
                0.0,
                1.0,
                0.0,
                0.0
            ],
            [
                0.0,
                -0.0,
                1.0,
                0.953029990196228
            ],
            [
                0.0,
                0.0,
                0.0,
                1.0
            ]
        ]
    ],
    "orientation_point": [],
    "contact_points_group": [],
    "contact_points_mask": [],
    "target_point_discription": [],
    "contact_points_discription": [],
    "functional_point_discription": [],
    "orientation_point_discription": [],
    "stable": true
}