{
    "stable": true,
    "center": [
        0.0019206040150916385,
        0.9479917188490785,
        -8.234342897874704e-05
    ],
    "extents": [
        0.915701440224099,
        1.9227762500652492,
        0.9113586980674706
    ]
}