{
    "stable": false,
    "center": [
        0.0012474517643154166,
        0.9485199253998922,
        0.002726084195028625
    ],
    "extents": [
        1.389066592839545,
        1.930983935979699,
        1.388658661661541
    ]
}