{
    "stable": true,
    "center": [
        0.0004047939898513898,
        0.9467217747806066,
        -0.00231958802830617
    ],
    "extents": [
        1.764065073511473,
        1.9324678837293265,
        1.766982910977526
    ]
}