{
    "stable": false,
    "center": [
        -0.00044157014772792545,
        0.9509681376317565,
        0.0009270156113349438
    ],
    "extents": [
        1.1769227781325144,
        1.9421723596860225,
        1.1948584027390898
    ]
}