{
    "center": [
        -7.80685723398964e-06,
        0.32620239796596395,
        -0.34596316662411614
    ],
    "extents": [
        0.6137258307328799,
        0.6873379077926886,
        1.2408854425648332
    ],
    "scale": [
        0.08,
        0.08,
        0.08
    ],
    "transform_matrix": [
        [
            1.0,
            0.0,
            0.0,
            0.0
        ],
        [
            0.0,
            1.0,
            0.0,
            0.0
        ],
        [
            0.0,
            0.0,
            1.0,
            0.0
        ],
        [
            0.0,
            0.0,
            0.0,
            1.0
        ]
    ],
    "target_pose": [],
    "contact_points_pose": [
        [
            [
                0.020519999787211418,
                -0.9997900128364563,
                0.0017600000137463212,
                -0.007739999797195196
            ],
            [
                -0.012210000306367874,
                0.001509999972768128,
                0.9999200105667114,
                0.3445200026035309
            ],
            [
                -0.9997199773788452,
                -0.02054000087082386,
                -0.012179999612271786,
                -0.06567999720573425
            ],
            [
                0.0,
                0.0,
                0.0,
                1.0
            ]
        ],
        [
            [
                0.021870000287890434,
                0.9997599720954895,
                -0.0024800000246614218,
                -0.012609999626874924
            ],
            [
                -0.006169999949634075,
                -0.0023399998899549246,
                -0.9999799728393555,
                0.341839998960495
            ],
            [
                -0.9997400045394897,
                0.021880000829696655,
                0.00610999995842576,
                0.610069990158081
            ],
            [
                0.0,
                0.0,
                0.0,
                1.0
            ]
        ],
        [
            [
                0.020519999787211418,
                -0.7057099938392639,
                0.7081999778747559,
                -0.007739999797195196
            ],
            [
                -0.012210000306367874,
                0.7081199884414673,
                0.7059900164604187,
                0.3445200026035309
            ],
            [
                -0.9997199773788452,
                -0.02314000017940998,
                0.005909999832510948,
                -0.06567999720573425
            ],
            [
                0.0,
                0.0,
                0.0,
                1.0
            ]
        ],
        [
            [
                0.020519999787211418,
                0.0017600000137463212,
                0.9997900128364563,
                -0.007739999797195196
            ],
            [
                -0.012210000306367874,
                0.9999200105667114,
                -0.001509999972768128,
                0.3445200026035309
            ],
            [
                -0.9997199773788452,
                -0.012179999612271786,
                0.02054000087082386,
                -0.06567999720573425
            ],
            [
                0.0,
                0.0,
                0.0,
                1.0
            ]
        ],
        [
            [
                0.020519999787211418,
                0.7081999778747559,
                0.7057099938392639,
                -0.007739999797195196
            ],
            [
                -0.012210000306367874,
                0.7059900164604187,
                -0.7081199884414673,
                0.3445200026035309
            ],
            [
                -0.9997199773788452,
                0.005909999832510948,
                0.02314000017940998,
                -0.06567999720573425
            ],
            [
                0.0,
                0.0,
                0.0,
                1.0
            ]
        ],
        [
            [
                0.020519999787211418,
                0.9997900128364563,
                -0.0017600000137463212,
                -0.007739999797195196
            ],
            [
                -0.012210000306367874,
                -0.001509999972768128,
                -0.9999200105667114,
                0.3445200026035309
            ],
            [
                -0.9997199773788452,
                0.02054000087082386,
                0.012179999612271786,
                -0.06567999720573425
            ],
            [
                0.0,
                0.0,
                0.0,
                1.0
            ]
        ],
        [
            [
                0.020519999787211418,
                0.7057099938392639,
                -0.7081999778747559,
                -0.007739999797195196
            ],
            [
                -0.012210000306367874,
                -0.7081199884414673,
                -0.7059900164604187,
                0.3445200026035309
            ],
            [
                -0.9997199773788452,
                0.02314000017940998,
                -0.005909999832510948,
                -0.06567999720573425
            ],
            [
                0.0,
                0.0,
                0.0,
                1.0
            ]
        ],
        [
            [
                0.020519999787211418,
                -0.0017600000137463212,
                -0.9997900128364563,
                -0.007739999797195196
            ],
            [
                -0.012210000306367874,
                -0.9999200105667114,
                0.001509999972768128,
                0.3445200026035309
            ],
            [
                -0.9997199773788452,
                0.012179999612271786,
                -0.02054000087082386,
                -0.06567999720573425
            ],
            [
                0.0,
                0.0,
                0.0,
                1.0
            ]
        ],
        [
            [
                0.020519999787211418,
                -0.7081999778747559,
                -0.7057099938392639,
                -0.007739999797195196
            ],
            [
                -0.012210000306367874,
                -0.7059900164604187,
                0.7081199884414673,
                0.3445200026035309
            ],
            [
                -0.9997199773788452,
                -0.005909999832510948,
                -0.02314000017940998,
                -0.06567999720573425
            ],
            [
                0.0,
                0.0,
                0.0,
                1.0
            ]
        ],
        [
            [
                0.021870000287890434,
                0.7051799893379211,
                -0.7086899876594543,
                -0.012609999626874924
            ],
            [
                -0.006169999949634075,
                -0.7087500095367432,
                -0.7054399847984314,
                0.341839998960495
            ],
            [
                -0.9997400045394897,
                0.01979999989271164,
                -0.011149999685585499,
                0.610069990158081
            ],
            [
                0.0,
                0.0,
                0.0,
                1.0
            ]
        ],
        [
            [
                0.021870000287890434,
                -0.0024800000246614218,
                -0.9997599720954895,
                -0.012609999626874924
            ],
            [
                -0.006169999949634075,
                -0.9999799728393555,
                0.0023399998899549246,
                0.341839998960495
            ],
            [
                -0.9997400045394897,
                0.00610999995842576,
                -0.021880000829696655,
                0.610069990158081
            ],
            [
                0.0,
                0.0,
