{
    "center": [
        -2.3527995835813663e-05,
        0.7189426311759427,
        2.0529598794739175e-05
    ],
    "extents": [
        1.9318259406345308,
        1.4726046031467996,
        1.3278655965932193
    ],
    "scale": [
        0.12,
        0.12,
        0.12
    ],
    "transform_matrix": [
        [
            1.0,
            0.0,
            0.0,
            0.0
        ],
        [
            0.0,
            1.0,
            0.0,
            0.0
        ],
        [
            0.0,
            0.0,
            1.0,
            0.0
        ],
        [
            0.0,
            0.0,
            0.0,
            1.0
        ]
    ],
    "target_pose": [],
    "contact_points_pose": [
        [
            [
                -1.0,
                0.0,
                0.0003499999875202775,
                0.0
            ],
            [
                0.0,
                1.0,
                -0.0,
                1.4234199523925781
            ],
            [
                -0.0003499999875202775,
                0.0,
                -1.0,
                -0.0
            ],
            [
                0.0,
                0.0,
                0.0,
                1.0
            ]
        ],
        [
            [
                1.0,
                -0.0,
                -0.0003499999875202775,
                0.0
            ],
            [
                0.0,
                1.0,
                0.0,
                1.4234199523925781
            ],
            [
                0.0003499999875202775,
                -0.0,
                1.0,
                -0.0
            ],
            [
                0.0,
                0.0,
                0.0,
                1.0
            ]
        ]
    ],
    "functional_matrix": [
        [
            [
                1.0,
                0.0,
                0.0,
                0.5990099906921387
            ],
            [
                0.0,
                1.0,
                -0.0,
                0.8022599816322327
            ],
            [
                0.0,
                0.0,
                1.0,
                -0.0
            ],
            [
                0.0,
                0.0,
                0.0,
                1.0
            ]
        ],
        [
            [
                1.0,
                0.0,
                0.0,
                -0.5714499950408936
            ],
            [
                0.0,
                1.0,
                -0.0,
                0.7986800074577332
            ],
            [
                0.0,
                0.0,
                1.0,
                -0.0
            ],
            [
                0.0,
                0.0,
                0.0,
                1.0
            ]
        ]
    ],
    "orientation_point": [],
    "contact_points_group": [
        [
            0,
            1
        ],
        [
            2,
            3
        ],
        [
            0,
            1
        ]
    ],
    "contact_points_mask": [
        true,
        true,
        true
    ],
    "target_point_discription": [],
    "contact_points_discription": [],
    "functional_point_discription": [],
    "orientation_point_discription": [],
    "stable": true
}