{
    "center": [
        0.00010334725003548433,
        0.8613523643748053,
        9.938393917180606e-06
    ],
    "extents": [
        1.9349248076892327,
        1.7578536697597467,
        1.3223619071096653
    ],
    "scale": [
        0.15,
        0.15,
        0.15
    ],
    "transform_matrix": [
        [
            1.0,
            0.0,
            0.0,
            0.0
        ],
        [
            0.0,
            1.0,
            0.0,
            0.0
        ],
        [
            0.0,
            0.0,
            1.0,
            0.0
        ],
        [
            0.0,
            0.0,
            0.0,
            1.0
        ]
    ],
    "target_pose": [],
    "contact_points_pose": [
        [
            [
                0.9995999932289124,
                -0.003640000009909272,
                -0.027879999950528145,
                0.0
            ],
            [
                0.003650000086054206,
                0.9999899864196777,
                0.0002800000074785203,
                1.715019941329956
            ],
            [
                0.027879999950528145,
                -0.00039000000106170774,
                0.9996100068092346,
                -0.0
            ],
            [
                0.0,
                0.0,
                0.0,
                1.0
            ]
        ],
        [
            [
                -0.999459981918335,
                -1.9999999494757503e-05,
                0.03297000005841255,
                0.0
            ],
            [
                9.999999747378752e-05,
                0.9999899864196777,
                0.003650000086054206,
                1.715019941329956
            ],
            [
                -0.03297000005841255,
                0.003650000086054206,
                -0.9994500279426575,
                -0.0
            ],
            [
                0.0,
                0.0,
                0.0,
                1.0
            ]
        ]
    ],
    "functional_matrix": [
        [
            [
                1.0,
                0.0,
                0.0,
                0.02339000068604946
            ],
            [
                0.0,
                1.0,
                -0.0,
                0.9163900017738342
            ],
            [
                0.0,
                0.0,
                1.0,
                0.2891499996185303
            ],
            [
                0.0,
                0.0,
                0.0,
                1.0
            ]
        ],
        [
            [
                1.0,
                0.0,
                0.0,
                0.03480000048875809
            ],
            [
                0.0,
                1.0,
                -0.0,
                0.9127200245857239
            ],
            [
                0.0,
                0.0,
                1.0,
                -0.3644999861717224
            ],
            [
                0.0,
                0.0,
                0.0,
                1.0
            ]
        ]
    ],
    "orientation_point": [],
    "contact_points_group": [
        [
            0,
            1
        ],
        [
            2,
            3
        ]
    ],
    "contact_points_mask": [
        true,
        true
    ],
    "target_point_discription": [],
    "contact_points_discription": [],
    "functional_point_discription": [],
    "orientation_point_discription": [],
    "stable": true
}