{
    "center": [
        0.09576430595910669,
        0.6857785970010556,
        0.10265151713698971
    ],
    "extents": [
        2.1146395043761763,
        1.384304165895018,
        2.2421313458504333
    ],
    "scale": [
        0.074,
        0.074,
        0.074
    ],
    "target_pose": [
        [
            [
                1.0,
                0.0,
                0.0,
                0.0
            ],
            [
                0.0,
                1.0,
                0.0,
                0.0
            ],
            [
                0.0,
                0.0,
                1.0,
                0.0
            ],
            [
                0.0,
                0.0,
                0.0,
                1.0
            ]
        ]
    ],
    "contact_points_pose": [
        [
            [
                1.0,
                0.0,
                0.0,
                0.0
            ],
            [
                0.0,
                1.0,
                0.0,
                1.2975081915863043
            ],
            [
                0.0,
                0.0,
                1.0,
                0.92
            ],
            [
                0.0,
                0.0,
                0.0,
                1.0
            ]
        ],
        [
            [
                -1.0,
                0.0,
                1.2246467991473532e-16,
                0.0
            ],
            [
                0.0,
                1.0,
                0.0,
                1.2975081915863043
            ],
            [
                -1.2246467991473532e-16,
                0.0,
                -1.0,
                0.92
            ],
            [
                0.0,
                0.0,
                0.0,
                1.0
            ]
        ],
        [
            [
                6.123233995736766e-17,
                0.0,
                -1.0,
                0.65
            ],
            [
                0.0,
                1.0,
                0.0,
                1.2975081915863043
            ],
            [
                1.0,
                0.0,
                6.123233995736766e-17,
                0.28
            ],
            [
                0.0,
                0.0,
                0.0,
                1.0
            ]
        ],
        [
            [
                6.123233995736766e-17,
                0.0,
                1.0,
                0.65
            ],
            [
                0.0,
                1.0,
                0.0,
                1.2975081915863043
            ],
            [
                -1.0,
                0.0,
                6.123233995736766e-17,
                0.28
            ],
            [
                0.0,
                0.0,
                0.0,
                1.0
            ]
        ],
        [
            [
                6.123233995736766e-17,
                0.0,
                -1.0,
                0.65
            ],
            [
                0.0,
                1.0,
                0.0,
                1.2975081915863043
            ],
            [
                1.0,
                0.0,
                6.123233995736766e-17,
                0.28
            ],
            [
                0.0,
                0.0,
                0.0,
                1.0
            ]
        ],
        [
            [
                6.123233995736766e-17,
                0.0,
                1.0,
                0.65
            ],
            [
                0.0,
                1.0,
                0.0,
                1.2975081915863043
            ],
            [
                -1.0,
                0.0,
                6.123233995736766e-17,
                0.28
            ],
            [
                0.0,
                0.0,
                0.0,
                1.0
            ]
        ]
    ],
    "transform_matrix": [
        [
            1.0,
            0.0,
            0.0,
            0.0
        ],
        [
            0.0,
            1.0,
            0.0,
            0.0
        ],
        [
            -0.0,
            0.0,
            1.0,
            0.0
        ],
        [
            0.0,
            0.0,
            0.0,
            1.0
        ]
    ],
    "functional_matrix": [
        [
            [
                6.123233995736766e-17,
                0.0,
                1.0,
                0.0
            ],
            [
                0.0,
                1.0,
                0.0,
                0.8775081915863043
            ],
            [
                -1.0,
                0.0,
                6.123233995736766e-17,
                -0.6
            ],
            [
                0.0,
                0.0,
                0.0,
                1.0
            ]
        ],
        [
            [
                1.0,
                0.0,
                0.0,
                0.0
            ],
            [
                0.0,
                6.123233995736766e-17,
                -1.0,
                0.0
            ],
            [
                0.0,
                1.0,
                6.123233995736766e-17,
                0.0
            ],
            [
                0.0,
                0.0,
                0.0,
                1.0
            ]
        ]
    ],
    "orientation_point": [
        [
            1.0,
            0.0,
            0.0,
            0.0
        ],
        [
            0.0,
            1.0,
            0.0,
            0.6775081915863043
        ],
        [
            0.0,
            0.0,
            1.0,
            0.0
        ],
        [
            0.0,
            0.0,
            0.0,
            1.0
        ]
    ],
    "contact_points_group": [
        [
            0,
            1
        ],
        [
            2,
            3
        ],
        [
            4,
            5
        ]
    ],
    "contact_points_mask": [
        true,
        true,
        true
    ],
    "contact_points_discription": [
        "Grasping the side of the cup.",
        "Grasping the side of the cup.",
        "Grasping the side of the cup.",
        "Grasping the side of the cup.",
        "Grasping the side of the cup.",
        "Grasping the side of the cup."
    ],
    "target_point_discription": [
        ""
    ],
    "functional_point_discription": [
        "Point0: The function point is inside the handle of the mug, and the function axis is perpendicular to the plane of the handle.",
        "Point1: The function point is at the bottom of the mug, and the function axis is perpendicular to the bottom of the cup, Used to put down the cup."
    ],
    "orientation_point_discription": [
        ""
    ],
    "stable": true
}