{
    "center": [
        -0.007429484282471364,
        0.04957207991375062,
        0.009084294717935057
    ],
    "extents": [
        0.1796060659748724,
        0.1024114178323588,
        0.18746004966069357
    ],
    "scale": [
        1.0,
        1.0,
        1.0
    ],
    "transform_matrix": [
        [
            1.0,
            0.0,
            0.0,
            0.0
        ],
        [
            0.0,
            1.0,
            0.0,
            0.0
        ],
        [
            -0.0,
            0.0,
            1.0,
            0.0
        ],
        [
            0.0,
            0.0,
            0.0,
            1.0
        ]
    ],
    "target_pose": [
        [
            [
                1.0,
                0.0,
                0.0,
                0.0
            ],
            [
                0.0,
                1.0,
                -0.0,
                0.0
            ],
            [
                0.0,
                0.0,
                1.0,
                0.02142000012099743
            ],
            [
                0.0,
                0.0,
                0.0,
                1.0
            ]
        ]
    ],
    "contact_points_pose": [
        [
            [
                1.0,
                0.0,
                0.0,
                0.0
            ],
            [
                0.0,
                1.0,
                -0.0,
                0.1003900021314621
            ],
            [
                0.0,
                0.0,
                1.0,
                0.063680000603199
            ],
            [
                0.0,
                0.0,
                0.0,
                1.0
            ]
        ],
        [
            [
                -1.0,
                0.0,
                0.0,
                0.0
            ],
            [
                0.0,
                1.0,
                -0.0,
                0.1003900021314621
            ],
            [
                0.0,
                -0.0,
                -1.0,
                0.063680000603199
            ],
            [
                0.0,
                0.0,
                0.0,
                1.0
            ]
        ],
        [
            [
                -0.0,
                -0.0,
                -1.0,
                0.04501999914646149
            ],
            [
                0.0,
                1.0,
                -0.0,
                0.09934999793767929
            ],
            [
                1.0,
                0.0,
                0.0,
                0.022360000759363174
            ],
            [
                0.0,
                0.0,
                0.0,
                1.0
            ]
        ],
        [
            [
                -0.0,
                0.0,
                1.0,
                0.04501999914646149
            ],
            [
                -0.0,
                1.0,
                -0.0,
                0.09934999793767929
            ],
            [
                -1.0,
                0.0,
                0.0,
                0.022360000759363174
            ],
            [
                0.0,
                0.0,
                0.0,
                1.0
            ]
        ],
        [
            [
                -0.0,
                -0.0,
                -1.0,
                0.044449999928474426
            ],
            [
                0.0,
                1.0,
                -0.0,
                0.092289999127388
            ],
            [
                1.0,
                -0.0,
                -0.0,
                0.02167999930679798
            ],
            [
                0.0,
                0.0,
                0.0,
                1.0
            ]
        ],
        [
            [
                -0.0,
                0.0,
                1.0,
                0.044449999928474426
            ],
            [
                -0.0,
                1.0,
                -0.0,
                0.092289999127388
            ],
            [
                -1.0,
                0.0,
                0.0,
                0.02167999930679798
            ],
            [
                0.0,
                0.0,
                0.0,
                1.0
            ]
        ]
    ],
    "functional_matrix": [
        [
            [
                -0.0,
                0.0,
                1.0,
                0.0
            ],
            [
                -0.0,
                1.0,
                -0.0,
                0.06722000241279602
            ],
            [
                -1.0,
                0.0,
                0.0,
                -0.05920000001788139
            ],
            [
                0.0,
                0.0,
                0.0,
                1.0
            ]
        ],
        [
            [
                1.0,
                0.0,
                0.0,
                0.0
            ],
            [
                0.0,
                0.0,
                -1.0,
                0.0
            ],
            [
                0.0,
                1.0,
                0.0,
                0.021560000255703926
            ],
            [
                0.0,
                0.0,
                0.0,
                1.0
            ]
        ]
    ],
    "orientation_point": [],
    "contact_points_group": [
        [
            0,
            1
        ],
        [
            2,
            3
        ],
        [
            4,
            5
        ]
    ],
    "contact_points_mask": [
        true,
        true,
        true
    ],
    "target_point_discription": [
        ""
    ],
    "contact_points_discription": [
        "Grasping the side of the cup.",
        "Grasping the side of the cup.",
        "Grasping the side of the cup.",
        "Grasping the side of the cup.",
        "Grasping the side of the cup.",
        "Grasping the side of the cup."
    ],
    "functional_point_discription": [
        "Point0: The function point is inside the handle of the mug, and the function axis is perpendicular to the plane of the handle.",
        "Point1: The function point is at the bottom of the mug, and the function axis is perpendicular to the bottom of the cup, Used to put down the cup."
    ],
    "orientation_point_discription": [
        ""
    ],
    "stable": true
}