{
    "center": [
        -0.10614042643874394,
        0.8377166502121607,
        0.08905121595517085
    ],
    "extents": [
        2.0611274882603494,
        1.6772261338511762,
        2.2335738454446132
    ],
    "scale": [
        0.065,
        0.065,
        0.065
    ],
    "target_pose": [
        [
            [
                1.0,
                0.0,
                0.0,
                0.0
            ],
            [
                0.0,
                1.0,
                0.0,
                0.0
            ],
            [
                0.0,
                0.0,
                1.0,
                0.0
            ],
            [
                0.0,
                0.0,
                0.0,
                1.0
            ]
        ]
    ],
    "contact_points_pose": [
        [
            [
                1.0,
                0.0,
                0.0,
                0.0
            ],
            [
                0.0,
                1.0,
                0.0,
                1.6517019282623164
            ],
            [
                0.0,
                0.0,
                1.0,
                0.85
            ],
            [
                0.0,
                0.0,
                0.0,
                1.0
            ]
        ],
        [
            [
                -1.0,
                0.0,
                1.2246467991473532e-16,
                0.0
            ],
            [
                0.0,
                1.0,
                0.0,
                1.6517019282623164
            ],
            [
                -1.2246467991473532e-16,
                0.0,
                -1.0,
                0.85
            ],
            [
                0.0,
                0.0,
                0.0,
                1.0
            ]
        ],
        [
            [
                6.123233995736766e-17,
                0.0,
                -1.0,
                0.57
            ],
            [
                0.0,
                1.0,
                0.0,
                1.6517019282623164
            ],
            [
                1.0,
                0.0,
                6.123233995736766e-17,
                0.25
            ],
            [
                0.0,
                0.0,
                0.0,
                1.0
            ]
        ],
        [
            [
                6.123233995736766e-17,
                0.0,
                1.0,
                0.57
            ],
            [
                0.0,
                1.0,
                0.0,
                1.6517019282623164
            ],
            [
                -1.0,
                0.0,
                6.123233995736766e-17,
                0.25
            ],
            [
                0.0,
                0.0,
                0.0,
                1.0
            ]
        ],
        [
            [
                6.123233995736766e-17,
                0.0,
                -1.0,
                0.57
            ],
            [
                0.0,
                1.0,
                0.0,
                1.6517019282623164
            ],
            [
                1.0,
                0.0,
                6.123233995736766e-17,
                0.25
            ],
            [
                0.0,
                0.0,
                0.0,
                1.0
            ]
        ],
        [
            [
                6.123233995736766e-17,
                0.0,
                1.0,
                0.57
            ],
            [
                0.0,
                1.0,
                0.0,
                1.6517019282623164
            ],
            [
                -1.0,
                0.0,
                6.123233995736766e-17,
                0.25
            ],
            [
                0.0,
                0.0,
                0.0,
                1.0
            ]
        ]
    ],
    "transform_matrix": [
        [
            1.0,
            0.0,
            0.0,
            0.0
        ],
        [
            0.0,
            1.0,
            0.0,
            0.0
        ],
        [
            -0.0,
            0.0,
            1.0,
            0.0
        ],
        [
            0.0,
            0.0,
            0.0,
            1.0
        ]
    ],
    "functional_matrix": [
        [
            [
                6.123233995736766e-17,
                0.0,
                1.0,
                0.0
            ],
            [
                0.0,
                1.0,
                0.0,
                0.9517019282623164
            ],
            [
                -1.0,
                0.0,
                6.123233995736766e-17,
                -0.58
            ],
            [
                0.0,
                0.0,
                0.0,
                1.0
            ]
        ],
        [
            [
                1.0,
                0.0,
                0.0,
                0.0
            ],
            [
                0.0,
                6.123233995736766e-17,
                -1.0,
                0.0
            ],
            [
                0.0,
                1.0,
                6.123233995736766e-17,
                0.0
            ],
            [
                0.0,
                0.0,
                0.0,
                1.0
            ]
        ]
    ],
    "orientation_point": [
        [
            1.0,
            0.0,
            0.0,
            0.0
        ],
        [
            0.0,
            1.0,
            0.0,
            0.8717019282623164
        ],
        [
            0.0,
            0.0,
            1.0,
            0.0
        ],
        [
            0.0,
            0.0,
            0.0,
            1.0
        ]
    ],
    "contact_points_group": [
        [
            0,
            1
        ],
        [
            2,
            3
        ],
        [
            4,
            5
        ]
    ],
    "contact_points_mask": [
        true,
        true,
        true
    ],
    "contact_points_discription": [
        "Grasping the side of the cup.",
        "Grasping the side of the cup.",
        "Grasping the side of the cup.",
        "Grasping the side of the cup.",
        "Grasping the side of the cup.",
        "Grasping the side of the cup."
    ],
    "target_point_discription": [
        ""
    ],
    "functional_point_discription": [
        "Point0: The function point is inside the handle of the mug, and the function axis is perpendicular to the plane of the handle.",
        "Point1: The function point is at the bottom of the mug, and the function axis is perpendicular to the bottom of the cup, Used to put down the cup."
    ],
    "orientation_point_discription": [
        ""
    ],
    "stable": true
}