{
    "stable": true,
    "center": [
        -0.00020365054732018783,
        0.35243269319220116,
        -0.00022137121227659015
    ],
    "extents": [
        1.934206651805583,
        0.7390886737486417,
        0.6361580367198352
    ]
}