{
    "stable": false,
    "center": [
        -0.0001843500604734623,
        0.7859103643363252,
        -0.0007093384642850679
    ],
    "extents": [
        1.9221050425749089,
        1.6070815785973709,
        0.7438633963913084
    ]
}