{
    "stable": true,
    "center": [
        9.01638973096455e-05,
        0.9057726854971974,
        -0.0005344819148433643
    ],
    "extents": [
        1.9210261852966564,
        1.846351392896398,
        1.2999335405025698
    ]
}