{
    "stable": true,
    "center": [
        0.00013339644241882104,
        0.6213952989794184,
        0.00012963682123757242
    ],
    "extents": [
        1.9357790082546136,
        1.2778503873409972,
        1.2649525469996232
    ]
}