{
    "center": [
        -6.73966459978867e-05,
        0.49765962261997904,
        0.09395391304435244
    ],
    "extents": [
        1.9235802370485664,
        1.3223974976486597,
        0.9375800344572904
    ],
    "scale": [
        0.1,
        0.1,
        0.1
    ],
    "transform_matrix": [
        [
            1.0,
            0.0,
            0.0,
            0.0
        ],
        [
            0.0,
            1.0,
            0.0,
            0.0
        ],
        [
            0.0,
            0.0,
            1.0,
            0.0
        ],
        [
            0.0,
            0.0,
            0.0,
            1.0
        ]
    ],
    "target_pose": [],
    "contact_points_pose": [
        [
            [
                1.0,
                0.0,
                0.0,
                0.0
            ],
            [
                0.0,
                0.9316400289535522,
                0.3633899986743927,
                1.1495399475097656
            ],
            [
                0.0,
                -0.3633899986743927,
                0.9316400289535522,
                -0.07400000095367432
            ],
            [
                0.0,
                0.0,
                0.0,
                1.0
            ]
        ],
        [
            [
                -1.0,
                0.0,
                0.0,
                0.0
            ],
            [
                0.0,
                0.9316400289535522,
                -0.3633899986743927,
                1.1495399475097656
            ],
            [
                0.0,
                -0.3633899986743927,
                -0.9316400289535522,
                -0.07400000095367432
            ],
            [
                0.0,
                0.0,
                0.0,
                1.0
            ]
        ]
    ],
    "functional_matrix": [
        [
            [
                1.0,
                0.0,
                0.0,
                0.0
            ],
            [
                0.0,
                -0.0195700004696846,
                -0.999809980392456,
                0.0
            ],
            [
                0.0,
                0.999809980392456,
                -0.0195700004696846,
                0.0
            ],
            [
                0.0,
                0.0,
                0.0,
                1.0
            ]
        ]
    ],
    "orientation_point": [],
    "contact_points_group": [
        [
            0,
            1
        ]
    ],
    "contact_points_mask": [
        true
    ],
    "target_point_discription": [],
    "contact_points_discription": [],
    "functional_point_discription": [],
    "orientation_point_discription": [],
    "stable": true
}