{
    "center": [
        -1.7677935045251663e-05,
        0.9483573216952829,
        -0.001180934106464419
    ],
    "extents": [
        1.561574330412933,
        1.932239306843274,
        0.68836550566128
    ],
    "scale": [
        0.05,
        0.05,
        0.05
    ],
    "transform_matrix": [
        [
            1.0,
            0.0,
            0.0,
            0.0
        ],
        [
            0.0,
            1.0,
            0.0,
            0.0
        ],
        [
            0.0,
            0.0,
            1.0,
            0.0
        ],
        [
            0.0,
            0.0,
            0.0,
            1.0
        ]
    ],
    "target_pose": [],
    "contact_points_pose": [
        [
            [
                1.0,
                0.0,
                0.0,
                0.0
            ],
            [
                0.0,
                0.9616299867630005,
                0.27434998750686646,
                1.8109099864959717
            ],
            [
                0.0,
                -0.27434998750686646,
                0.9616299867630005,
                -0.20462000370025635
            ],
            [
                0.0,
                0.0,
                0.0,
                1.0
            ]
        ],
        [
            [
                -1.0,
                0.0,
                0.0,
                0.0
            ],
            [
                0.0,
                0.9616299867630005,
                -0.27434998750686646,
                1.8109099864959717
            ],
            [
                0.0,
                -0.27434998750686646,
                -0.9616299867630005,
                -0.20462000370025635
            ],
            [
                0.0,
                0.0,
                0.0,
                1.0
            ]
        ]
    ],
    "functional_matrix": [
        [
            [
                1.0,
                0.0,
                0.0,
                0.0
            ],
            [
                0.0,
                0.1866600066423416,
                -0.982420027256012,
                0.0
            ],
            [
                0.0,
                0.982420027256012,
                0.1866600066423416,
                0.0
            ],
            [
                0.0,
                0.0,
                0.0,
                1.0
            ]
        ]
    ],
    "orientation_point": [],
    "contact_points_group": [
        [
            0,
            1
        ]
    ],
    "contact_points_mask": [
        true
    ],
    "target_point_discription": [],
    "contact_points_discription": [],
    "functional_point_discription": [],
    "orientation_point_discription": [],
    "stable": true
}