{
    "center": [
        -3.715132533577388e-05,
        0.9459906951990139,
        0.0018853151099911046
    ],
    "extents": [
        1.074521341802247,
        1.9300541516679812,
        0.9826554075584123
    ],
    "scale": [
        0.08,
        0.08,
        0.08
    ],
    "transform_matrix": [
        [
            1.0,
            0.0,
            0.0,
            0.0
        ],
        [
            0.0,
            1.0,
            0.0,
            0.0
        ],
        [
            0.0,
            0.0,
            1.0,
            0.0
        ],
        [
            0.0,
            0.0,
            0.0,
            1.0
        ]
    ],
    "target_pose": [],
    "contact_points_pose": [
        [
            [
                1.0,
                0.0,
                0.0,
                0.0
            ],
            [
                0.0,
                0.901960015296936,
                0.4318099915981293,
                1.8524800539016724
            ],
            [
                0.0,
                -0.4318099915981293,
                0.901960015296936,
                -0.27605000138282776
            ],
            [
                0.0,
                0.0,
                0.0,
                1.0
            ]
        ],
        [
            [
                -1.0,
                0.0,
                0.0,
                0.0
            ],
            [
                0.0,
                0.8988400101661682,
                -0.43827998638153076,
                1.8524800539016724
            ],
            [
                0.0,
                -0.43827998638153076,
                -0.8988400101661682,
                -0.27605000138282776
            ],
            [
                0.0,
                0.0,
                0.0,
                1.0
            ]
        ]
    ],
    "functional_matrix": [
        [
            [
                1.0,
                0.0,
                0.0,
                0.0
            ],
            [
                0.0,
                0.01030999980866909,
                -0.9999499917030334,
                0.0
            ],
            [
                0.0,
                0.9999499917030334,
                0.01030999980866909,
                0.0
            ],
            [
                0.0,
                0.0,
                0.0,
                1.0
            ]
        ]
    ],
    "orientation_point": [],
    "contact_points_group": [
        [
            0,
            1
        ]
    ],
    "contact_points_mask": [
        true
    ],
    "target_point_discription": [],
    "contact_points_discription": [],
    "functional_point_discription": [],
    "orientation_point_discription": [],
    "stable": true
}