{
    "center": [
        -3.980873329101564e-05,
        0.7480881333103768,
        -0.00010118394080632585
    ],
    "extents": [
        1.1909588687013375,
        1.523682064333942,
        0.9545645069518681
    ],
    "scale": [
        0.1,
        0.1,
        0.1
    ],
    "transform_matrix": [
        [
            1.0,
            0.0,
            0.0,
            0.0
        ],
        [
            0.0,
            1.0,
            0.0,
            0.0
        ],
        [
            0.0,
            0.0,
            1.0,
            0.0
        ],
        [
            0.0,
            0.0,
            0.0,
            1.0
        ]
    ],
    "target_pose": [],
    "contact_points_pose": [
        [
            [
                1.0,
                0.0,
                0.0,
                0.0
            ],
            [
                0.0,
                0.9316400289535522,
                0.3633899986743927,
                1.4903600215911865
            ],
            [
                0.0,
                -0.3633899986743927,
                0.9316400289535522,
                -0.04239000007510185
            ],
            [
                0.0,
                0.0,
                0.0,
                1.0
            ]
        ],
        [
            [
                -1.0,
                0.0,
                0.0,
                0.0
            ],
            [
                0.0,
                0.9316400289535522,
                -0.3633899986743927,
                1.4903600215911865
            ],
            [
                0.0,
                -0.3633899986743927,
                -0.9316400289535522,
                -0.04239000007510185
            ],
            [
                0.0,
                0.0,
                0.0,
                1.0
            ]
        ]
    ],
    "functional_matrix": [
        [
            [
                1.0,
                0.0,
                0.0,
                0.0
            ],
            [
                0.0,
                -0.027780000120401382,
                -0.9996100068092346,
                0.0
            ],
            [
                0.0,
                0.9996100068092346,
                -0.027780000120401382,
                0.0
            ],
            [
                0.0,
                0.0,
                0.0,
                1.0
            ]
        ]
    ],
    "orientation_point": [],
    "contact_points_group": [
        [
            0,
            1
        ]
    ],
    "contact_points_mask": [
        true
    ],
    "target_point_discription": [],
    "contact_points_discription": [],
    "functional_point_discription": [],
    "orientation_point_discription": [],
    "stable": true
}