{"min": [-0.175769, -1.011329, -0.176982], "max": [0.188114, 0.947576, 0.186901]}