{
    "center": [
        0.07485352426144706,
        0.9359654774374222,
        -0.0015605435959840602
    ],
    "extents": [
        1.3969524482546407,
        2.0612583908005977,
        1.1693322840550338
    ],
    "scale": [
        0.1,
        0.1,
        0.1
    ],
    "transform_matrix": [
        [
            1.0,
            0.0,
            0.0,
            0.0
        ],
        [
            0.0,
            1.0,
            0.0,
            0.0
        ],
        [
            0.0,
            0.0,
            1.0,
            0.0
        ],
        [
            0.0,
            0.0,
            0.0,
            1.0
        ]
    ],
    "target_pose": [],
    "contact_points_pose": [
        [
            [
                -0.01128000020980835,
                -0.9999200105667114,
                -0.006120000034570694,
                0.0
            ],
            [
                0.9999399781227112,
                -0.01128000020980835,
                -7.000000186963007e-05,
                0.7577000260353088
            ],
            [
                0.0,
                -0.006120000034570694,
                0.9999799728393555,
                -0.0
            ],
            [
                0.0,
                0.0,
                0.0,
                1.0
            ]
        ],
        [
            [
                -0.01128000020980835,
                -0.7113699913024902,
                0.7027199864387512,
                0.0
            ],
            [
                0.9999399781227112,
                -0.008030000142753124,
                0.007930000312626362,
                0.7577000260353088
            ],
            [
                0.0,
                0.7027699947357178,
                0.7114199995994568,
                -0.0
            ],
            [
                0.0,
                0.0,
                0.0,
                1.0
            ]
        ],
        [
            [
                -0.01128000020980835,
                -0.006120000034570694,
                0.9999200105667114,
                0.0
            ],
            [
                0.9999399781227112,
                -7.000000186963007e-05,
                0.01128000020980835,
                0.7577000260353088
            ],
            [
                0.0,
                0.9999799728393555,
                0.006120000034570694,
                -0.0
            ],
            [
                0.0,
                0.0,
                0.0,
                1.0
            ]
        ],
        [
            [
                -0.01128000020980835,
                0.7027199864387512,
                0.7113699913024902,
                0.0
            ],
            [
                0.9999399781227112,
                0.007930000312626362,
                0.008030000142753124,
                0.7577000260353088
            ],
            [
                0.0,
                0.7114199995994568,
                -0.7027699947357178,
                -0.0
            ],
            [
                0.0,
                0.0,
                0.0,
                1.0
            ]
        ],
        [
            [
                -0.01128000020980835,
                0.9999200105667114,
                0.006120000034570694,
                0.0
            ],
            [
                0.9999399781227112,
                0.01128000020980835,
                7.000000186963007e-05,
                0.7577000260353088
            ],
            [
                0.0,
                0.006120000034570694,
                -0.9999799728393555,
                -0.0
            ],
            [
                0.0,
                0.0,
                0.0,
                1.0
            ]
        ],
        [
            [
                -0.01128000020980835,
                0.7113699913024902,
                -0.7027199864387512,
                0.0
            ],
            [
                0.9999399781227112,
                0.008030000142753124,
                -0.007930000312626362,
                0.7577000260353088
            ],
            [
                0.0,
                -0.7027699947357178,
                -0.7114199995994568,
                -0.0
            ],
            [
                0.0,
                0.0,
                0.0,
                1.0
            ]
        ],
        [
            [
                -0.01128000020980835,
                0.006120000034570694,
                -0.9999200105667114,
                0.0
            ],
            [
                0.9999399781227112,
                7.000000186963007e-05,
                -0.01128000020980835,
                0.7577000260353088
            ],
            [
                0.0,
                -0.9999799728393555,
                -0.006120000034570694,
                -0.0
            ],
            [
                0.0,
                0.0,
                0.0,
                1.0
            ]
        ],
        [
            [
                -0.01128000020980835,
                -0.7027199864387512,
                -0.7113699913024902,
                0.0
            ],
            [
                0.9999399781227112,
                -0.007930000312626362,
                -0.008030000142753124,
                0.7577000260353088
            ],
            [
                0.0,
                -0.7114199995994568,
                0.7027699947357178,
                -0.0
            ],
            [
                0.0,
                0.0,
                0.0,
                1.0
            ]
        ]
    ],
    "functional_matrix": [
        [
            [
                1.0,
                0.0,
                0.0,
                0.0
            ],
            [
                0.0,
                0.0,
                -1.0,
                0.0
            ],
            [
                0.0,
                1.0,
                0.0,
                0.0
            ],
            [
                0.0,
                0.0,
                0.0,
                1.0
            ]
        ]
    ],
    "orientation_point": [],
    "contact_points_group": [
        [
            0,
            1,
            2,
            3,
            4,
            5,
            6,
            7
        ]
    ],
    "contact_points_mask": [
        true
    ],
    "target_point_discription": [],
    "contact_points_discription": [],
    "functional_point_discription": [],
    "orientation_point_discription": [],
    "stable": true
}