{
    "center": [
        0.04273048040821827,
        -0.004083513515142193,
        -0.011379784419243342
    ],
    "extents": [
        0.3140419958305248,
        0.3071933932472614,
        2.1964860068961367
    ],
    "scale": [
        0.08,
        0.08,
        0.08
    ],
    "transform_matrix": [
        [
            1.0,
            0.0,
            0.0,
            0.0
        ],
        [
            0.0,
            1.0,
            0.0,
            0.0
        ],
        [
            0.0,
            0.0,
            1.0,
            0.0
        ],
        [
            0.0,
            0.0,
            0.0,
            1.0
        ]
    ],
    "target_pose": [],
    "contact_points_pose": [
        [
            [
                0.08879999816417694,
                0.0,
                0.9960500001907349,
                0.0
            ],
            [
                0.0,
                1.0,
                -0.0,
                0.05486999824643135
            ],
            [
                -0.9960500001907349,
                0.0,
                0.08879999816417694,
                -0.0
            ],
            [
                0.0,
                0.0,
                0.0,
                1.0
            ]
        ]
    ],
    "functional_matrix": [],
    "orientation_point": [],
    "contact_points_group": [],
    "contact_points_mask": [],
    "target_point_discription": [],
    "contact_points_discription": [],
    "functional_point_discription": [],
    "orientation_point_discription": [],
    "stable": false
}