{
    "center": [
        0.02166670683060068,
        0.0012191111381655427,
        -0.0008680810407164895
    ],
    "extents": [
        1.9125756895179578,
        0.1981215897217284,
        0.2220868289717026
    ],
    "scale": [
        0.08,
        0.08,
        0.08
    ],
    "transform_matrix": [
        [
            1.0,
            0.0,
            0.0,
            0.0
        ],
        [
            0.0,
            1.0,
            0.0,
            0.0
        ],
        [
            0.0,
            0.0,
            1.0,
            0.0
        ],
        [
            0.0,
            0.0,
            0.0,
            1.0
        ]
    ],
    "target_pose": [],
    "contact_points_pose": [
        [
            [
                0.9936400055885315,
                0.0,
                -0.1125900000333786,
                0.0
            ],
            [
                -0.0,
                1.0,
                -0.0,
                0.05486999824643135
            ],
            [
                0.1125900000333786,
                0.0,
                0.9936400055885315,
                -0.0
            ],
            [
                0.0,
                0.0,
                0.0,
                1.0
            ]
        ]
    ],
    "functional_matrix": [],
    "orientation_point": [],
    "contact_points_group": [],
    "contact_points_mask": [],
    "target_point_discription": [],
    "contact_points_discription": [],
    "functional_point_discription": [],
    "orientation_point_discription": [],
    "stable": true
}