{
    "center": [
        -0.0014953376908130032,
        0.0333735043050765,
        0.00015176741371685014
    ],
    "extents": [
        1.904168614829158,
        0.09694106365363256,
        0.09733910174935918
    ],
    "scale": [
        0.08,
        0.08,
        0.08
    ],
    "transform_matrix": [
        [
            1.0,
            0.0,
            0.0,
            0.0
        ],
        [
            0.0,
            1.0,
            0.0,
            0.0
        ],
        [
            0.0,
            0.0,
            1.0,
            0.0
        ],
        [
            0.0,
            0.0,
            0.0,
            1.0
        ]
    ],
    "target_pose": [],
    "contact_points_pose": [
        [
            [
                -0.9940299987792969,
                0.0,
                -0.1090800017118454,
                0.0
            ],
            [
                0.0,
                1.0,
                0.0,
                0.05486999824643135
            ],
            [
                0.1090800017118454,
                0.0,
                -0.9940299987792969,
                -0.0
            ],
            [
                0.0,
                0.0,
                0.0,
                1.0
            ]
        ]
    ],
    "functional_matrix": [],
    "orientation_point": [],
    "contact_points_group": [],
    "contact_points_mask": [],
    "target_point_discription": [],
    "contact_points_discription": [],
    "functional_point_discription": [],
    "orientation_point_discription": [],
    "stable": true
}