{
    "stable": false,
    "center": [
        1.0282846220170794e-05,
        0.9209277259518219,
        0.00377478337123831
    ],
    "extents": [
        1.5431582357518134,
        1.8847062531516063,
        1.1256974968094047
    ]
}