{
    "stable": true,
    "center": [
        4.884948902472951e-05,
        0.35253597931063596,
        -6.955681112795138e-05
    ],
    "extents": [
        1.9350858307600787,
        0.7427048999023209,
        0.7534944322729168
    ]
}