{
    "stable": true,
    "center": [
        -0.0001970148856390551,
        0.28036685078979157,
        -0.0020748224105950975
    ],
    "extents": [
        1.9160546978102395,
        0.827146169577347,
        0.827146236867567
    ]
}