{
    "stable": true,
    "center": [
        0.0001882245941987777,
        0.48346011091617297,
        -3.291482769017282e-05
    ],
    "extents": [
        1.9352359048742749,
        1.084166332133496,
        1.1614903344433232
    ]
}