{
    "stable": false,
    "center": [
        -6.557543920186689e-05,
        0.9502809336933348,
        -0.005044096016169231
    ],
    "extents": [
        0.6320464635580747,
        1.9373269262610022,
        0.6350173560531948
    ]
}