{
    "stable": true,
    "center": [
        -0.000866080997152461,
        0.9504896417759251,
        -0.002523999540138052
    ],
    "extents": [
        0.8204381691012866,
        1.9380886315053825,
        0.826409154204805
    ]
}