{
    "center": [
        -3.6337449767930996e-05,
        0.6044237760146735,
        -0.07190312370165997
    ],
    "extents": [
        1.9184073874005596,
        1.3296352537784326,
        0.5403702402808036
    ],
    "scale": [
        0.2,
        0.2,
        0.2
    ],
    "transform_matrix": [
        [
            1.0,
            0.0,
            0.0,
            0.0
        ],
        [
            0.0,
            1.0,
            0.0,
            0.0
        ],
        [
            0.0,
            0.0,
            1.0,
            0.0
        ],
        [
            0.0,
            0.0,
            0.0,
            1.0
        ]
    ],
    "target_pose": [],
    "contact_points_pose": [
        [
            [
                0.001560000004246831,
                -0.9990699887275696,
                -0.043060000985860825,
                -0.9508399963378906
            ],
            [
                0.9993399977684021,
                -0.0,
                0.036240000277757645,
                0.8234500288963318
            ],
            [
                -0.03621000051498413,
                -0.04307999834418297,
                0.998420000076294,
                0.030619999393820763
            ],
            [
                0.0,
                0.0,
                0.0,
                1.0
            ]
        ],
        [
            [
                0.008969999849796295,
                0.9998599886894226,
                0.014170000329613686,
                0.9438300132751465
            ],
            [
                0.9998300075531006,
                -0.009189999662339687,
                0.016039999201893806,
                0.8420600295066833
            ],
            [
                0.016170000657439232,
                0.014030000194907188,
                -0.9997699856758118,
                0.021369999274611473
            ],
            [
                0.0,
                0.0,
                0.0,
                1.0
            ]
        ]
    ],
    "functional_matrix": [],
    "orientation_point": [],
    "contact_points_group": [],
    "contact_points_mask": [],
    "target_point_discription": [],
    "contact_points_discription": [],
    "functional_point_discription": [],
    "orientation_point_discription": [],
    "stable": true
}