{
    "center": [
        7.465481758115993e-05,
        0.681852684462142,
        0.001654346984238577
    ],
    "extents": [
        1.933899223804474,
        1.398166750323632,
        0.6459806013767614
    ],
    "scale": [
        0.2,
        0.2,
        0.2
    ],
    "transform_matrix": [
        [
            1.0,
            0.0,
            0.0,
            0.0
        ],
        [
            0.0,
            1.0,
            0.0,
            0.0
        ],
        [
            0.0,
            0.0,
            1.0,
            0.0
        ],
        [
            0.0,
            0.0,
            0.0,
            1.0
        ]
    ],
    "target_pose": [],
    "contact_points_pose": [
        [
            [
                0.008349999785423279,
                -0.9990599751472473,
                -0.04250999912619591,
                -0.9538000226020813
            ],
            [
                0.9812399744987488,
                0.0,
                0.192780002951622,
                0.922950029373169
            ],
            [
                -0.19259999692440033,
                -0.04332000017166138,
                0.9803199768066406,
                0.09882000088691711
            ],
            [
                0.0,
                0.0,
                0.0,
                1.0
            ]
        ],
        [
            [
                0.01152000017464161,
                0.9998599886894226,
                0.012210000306367874,
                0.9427700042724609
            ],
            [
                0.984279990196228,
                -0.009189999662339687,
                -0.17639000713825226,
                0.8573799729347229
            ],
            [
                -0.17624999582767487,
                0.014050000347197056,
                -0.9842399954795837,
                0.10683999955654144
            ],
            [
                0.0,
                0.0,
                0.0,
                1.0
            ]
        ]
    ],
    "functional_matrix": [],
    "orientation_point": [],
    "contact_points_group": [],
    "contact_points_mask": [],
    "target_point_discription": [],
    "contact_points_discription": [],
    "functional_point_discription": [],
    "orientation_point_discription": [],
    "stable": true
}