{
    "center": [
        -3.442755968869634e-06,
        0.6904865216956931,
        -2.75720921881955e-05
    ],
    "extents": [
        1.93446379506978,
        1.4158749905476504,
        0.7009775999779013
    ],
    "scale": [
        0.2,
        0.2,
        0.2
    ],
    "transform_matrix": [
        [
            1.0,
            0.0,
            0.0,
            0.0
        ],
        [
            0.0,
            1.0,
            0.0,
            0.0
        ],
        [
            0.0,
            0.0,
            1.0,
            0.0
        ],
        [
            0.0,
            0.0,
            0.0,
            1.0
        ]
    ],
    "target_pose": [],
    "contact_points_pose": [
        [
            [
                -0.0,
                -0.9940400123596191,
                -0.10899999737739563,
                -0.9538000226020813
            ],
            [
                1.0,
                -0.0,
                -2.9999999242136255e-05,
                0.922950029373169
            ],
            [
                2.9999999242136255e-05,
                -0.10899999737739563,
                0.9940400123596191,
                -0.0
            ],
            [
                0.0,
                0.0,
                0.0,
                1.0
            ]
        ],
        [
            [
                0.009180000051856041,
                0.9998599886894226,
                0.013919999822974205,
                0.9414100050926208
            ],
            [
                0.9999600052833557,
                -0.009180000051856041,
                -9.999999747378752e-06,
                0.9317499995231628
            ],
            [
                0.00011999999696854502,
                0.013919999822974205,
                -0.9998999834060669,
                -0.0
            ],
            [
                0.0,
                0.0,
                0.0,
                1.0
            ]
        ]
    ],
    "functional_matrix": [],
    "orientation_point": [],
    "contact_points_group": [],
    "contact_points_mask": [],
    "target_point_discription": [],
    "contact_points_discription": [],
    "functional_point_discription": [],
    "orientation_point_discription": [],
    "stable": true
}