{
    "center": [
        0.0031833618847402494,
        0.6699568510013433,
        0.0013156639513701698
    ],
    "extents": [
        1.991336524920915,
        1.3749549825238296,
        1.3198024590099933
    ],
    "scale": [
        0.2,
        0.2,
        0.2
    ],
    "transform_matrix": [
        [
            1.0,
            0.0,
            0.0,
            0.0
        ],
        [
            0.0,
            1.0,
            0.0,
            0.0
        ],
        [
            0.0,
            0.0,
            1.0,
            0.0
        ],
        [
            0.0,
            0.0,
            0.0,
            1.0
        ]
    ],
    "target_pose": [],
    "contact_points_pose": [
        [
            [
                0.002959999954327941,
                -0.9990599751472473,
                -0.04318000003695488,
                -0.9496200084686279
            ],
            [
                0.9976500272750854,
                -0.0,
                0.06846000254154205,
                0.9163200259208679
            ],
            [
                -0.06838999688625336,
                -0.04328000172972679,
                0.996720016002655,
                0.0022799998987466097
            ],
            [
                0.0,
                0.0,
                0.0,
                1.0
            ]
        ],
        [
            [
                0.010130000300705433,
                0.9998599886894226,
                0.01336000021547079,
                0.9438300132751465
            ],
            [
                0.9976199865341187,
                -0.009189999662339687,
                -0.06827999651432037,
                0.8420600295066833
            ],
            [
                -0.06814999878406525,
                0.014019999653100967,
                -0.9975799918174744,
                0.021369999274611473
            ],
            [
                0.0,
                0.0,
                0.0,
                1.0
            ]
        ]
    ],
    "functional_matrix": [],
    "orientation_point": [],
    "contact_points_group": [],
    "contact_points_mask": [],
    "target_point_discription": [],
    "contact_points_discription": [],
    "functional_point_discription": [],
    "orientation_point_discription": [],
    "stable": true
}