{
    "center": [
        -0.00020773570828081563,
        0.6031587218780233,
        -0.016573894865058558
    ],
    "extents": [
        1.9390995690919235,
        1.2938917260655791,
        0.6759018689360853
    ],
    "scale": [
        0.1,
        0.1,
        0.1
    ],
    "transform_matrix": [
        [
            1.0,
            0.0,
            0.0,
            0.0
        ],
        [
            0.0,
            1.0,
            0.0,
            0.0
        ],
        [
            0.0,
            0.0,
            1.0,
            0.0
        ],
        [
            0.0,
            0.0,
            0.0,
            1.0
        ]
    ],
    "target_pose": [],
    "contact_points_pose": [
        [
            [
                1.0,
                0.0,
                0.0,
                0.0
            ],
            [
                0.0,
                1.0,
                0.0,
                1.1119500398635864
            ],
            [
                0.0,
                0.0,
                1.0,
                -0.030990000814199448
            ],
            [
                0.0,
                0.0,
                0.0,
                1.0
            ]
        ],
        [
            [
                -1.0,
                -0.0,
                0.0,
                0.0
            ],
            [
                -0.0,
                1.0,
                0.0,
                1.1119500398635864
            ],
            [
                -0.0,
                0.0,
                -1.0,
                -0.030990000814199448
            ],
            [
                0.0,
                0.0,
                0.0,
                1.0
            ]
        ]
    ],
    "functional_matrix": [],
    "orientation_point": [],
    "contact_points_group": [
        [
            0,
            1
        ]
    ],
    "contact_points_mask": [
        true
    ],
    "target_point_discription": [],
    "contact_points_discription": [],
    "functional_point_discription": [],
    "orientation_point_discription": [],
    "stable": false
}