{
    "center": [
        0.0003629028797149602,
        0.8464820708545033,
        0.004065266299450045
    ],
    "extents": [
        1.7405853867530823,
        1.8449757884106588,
        1.218583803138719
    ],
    "scale": [
        0.08,
        0.08,
        0.08
    ],
    "transform_matrix": [
        [
            1.0,
            0.0,
            0.0,
            0.0
        ],
        [
            0.0,
            1.0,
            0.0,
            0.0
        ],
        [
            0.0,
            0.0,
            1.0,
            0.0
        ],
        [
            0.0,
            0.0,
            0.0,
            1.0
        ]
    ],
    "target_pose": [],
    "contact_points_pose": [
        [
            [
                1.0,
                0.0,
                0.0,
                0.0
            ],
            [
                0.0,
                0.9717199802398682,
                0.23613999783992767,
                1.731819987297058
            ],
            [
                0.0,
                -0.23613999783992767,
                0.9717199802398682,
                0.22965000569820404
            ],
            [
                0.0,
                0.0,
                0.0,
                1.0
            ]
        ],
        [
            [
                -1.0,
                0.0,
                0.0,
                0.0
            ],
            [
                0.0,
                0.9707800149917603,
                -0.2399899959564209,
                1.731819987297058
            ],
            [
                0.0,
                -0.2399899959564209,
                -0.9707800149917603,
                0.22965000569820404
            ],
            [
                0.0,
                0.0,
                0.0,
                1.0
            ]
        ]
    ],
    "functional_matrix": [],
    "orientation_point": [],
    "contact_points_group": [
        [
            0,
            1
        ]
    ],
    "contact_points_mask": [
        true
    ],
    "target_point_discription": [],
    "contact_points_discription": [],
    "functional_point_discription": [],
    "orientation_point_discription": [],
    "stable": true
}