{
    "center": [
        0.00104205171041974,
        0.9514353169850163,
        0.17274634865214522
    ],
    "extents": [
        2.0901533100548075,
        1.9421627619844335,
        2.0930013882646485
    ],
    "scale": [
        0.08,
        0.08,
        0.08
    ],
    "transform_matrix": [
        [
            1.0,
            0.0,
            0.0,
            0.0
        ],
        [
            0.0,
            1.0,
            0.0,
            0.0
        ],
        [
            0.0,
            0.0,
            1.0,
            0.0
        ],
        [
            0.0,
            0.0,
            0.0,
            1.0
        ]
    ],
    "target_pose": [],
    "contact_points_pose": [
        [
            [
                1.0,
                0.0,
                0.0,
                0.0
            ],
            [
                0.0,
                1.0,
                0.0,
                1.8483799695968628
            ],
            [
                0.0,
                -0.0,
                1.0,
                0.27333998680114746
            ],
            [
                0.0,
                0.0,
                0.0,
                1.0
            ]
        ],
        [
            [
                -1.0,
                -0.0,
                -0.0,
                0.0
            ],
            [
                0.0,
                1.0,
                -0.0,
                1.8483799695968628
            ],
            [
                0.0,
                -0.0,
                -1.0,
                0.27333998680114746
            ],
            [
                0.0,
                0.0,
                0.0,
                1.0
            ]
        ]
    ],
    "functional_matrix": [],
    "orientation_point": [],
    "contact_points_group": [
        [
            0,
            1
        ]
    ],
    "contact_points_mask": [
        true
    ],
    "target_point_discription": [],
    "contact_points_discription": [],
    "functional_point_discription": [],
    "orientation_point_discription": [],
    "stable": false
}