{
    "center": [
        0.0033202682789382734,
        0.9265120580348422,
        -0.008678665257524554
    ],
    "extents": [
        1.687948586569326,
        2.0643239646699145,
        1.4193950948294503
    ],
    "scale": [
        0.08,
        0.08,
        0.08
    ],
    "transform_matrix": [
        [
            1.0,
            0.0,
            0.0,
            0.0
        ],
        [
            0.0,
            1.0,
            0.0,
            0.0
        ],
        [
            0.0,
            0.0,
            1.0,
            0.0
        ],
        [
            0.0,
            0.0,
            0.0,
            1.0
        ]
    ],
    "target_pose": [],
    "contact_points_pose": [
        [
            [
                1.0,
                0.0,
                0.0,
                0.0
            ],
            [
                0.0,
                0.9536100029945374,
                0.30105000734329224,
                1.7853200435638428
            ],
            [
                0.0,
                -0.30105000734329224,
                0.9536100029945374,
                -0.041999999433755875
            ],
            [
                0.0,
                0.0,
                0.0,
                1.0
            ]
        ],
        [
            [
                -1.0,
                -0.0,
                -0.0,
                0.0
            ],
            [
                -0.0,
                0.9434999823570251,
                -0.33136001229286194,
                1.7853200435638428
            ],
            [
                0.0,
                -0.33136001229286194,
                -0.9434999823570251,
                -0.041999999433755875
            ],
            [
                0.0,
                0.0,
                0.0,
                1.0
            ]
        ]
    ],
    "functional_matrix": [],
    "orientation_point": [],
    "contact_points_group": [
        [
            0,
            1
        ]
    ],
    "contact_points_mask": [
        true
    ],
    "target_point_discription": [],
    "contact_points_discription": [],
    "functional_point_discription": [],
    "orientation_point_discription": [],
    "stable": true
}