{
    "center": [
        0.00041339146658438825,
        0.46606990537174714,
        -0.00010327486227312649
    ],
    "extents": [
        1.9179088604262087,
        0.9660105015495958,
        1.3093744258308326
    ],
    "scale": [
        0.1,
        0.1,
        0.1
    ],
    "transform_matrix": [
        [
            1.0,
            0.0,
            0.0,
            0.0
        ],
        [
            0.0,
            1.0,
            0.0,
            0.0
        ],
        [
            0.0,
            0.0,
            1.0,
            0.0
        ],
        [
            0.0,
            0.0,
            0.0,
            1.0
        ]
    ],
    "target_pose": [],
    "contact_points_pose": [
        [
            [
                -0.02848000079393387,
                -0.600629985332489,
                -0.799019992351532,
                -0.9104899764060974
            ],
            [
                0.0,
                0.799340009689331,
                -0.6008700132369995,
                0.90242999792099
            ],
            [
                0.9995899796485901,
                -0.017109999433159828,
                -0.022760000079870224,
                -0.0
            ],
            [
                0.0,
                0.0,
                0.0,
                1.0
            ]
        ],
        [
            [
                0.02848000079393387,
                -0.5943099856376648,
                0.8037300109863281,
                -0.9104899764060974
            ],
            [
                0.0,
                0.8040599822998047,
                0.5945500135421753,
                0.90242999792099
            ],
            [
                -0.9995899796485901,
                -0.016930000856518745,
                0.02290000021457672,
                -0.0
            ],
            [
                0.0,
                0.0,
                0.0,
                1.0
            ]
        ],
        [
            [
                -0.02848000079393387,
                0.5147200226783752,
                -0.8568800091743469,
                0.8913599848747253
            ],
            [
                -0.0,
                0.857230007648468,
                0.514930009841919,
                0.8619700074195862
            ],
            [
                0.9995899796485901,
                0.014670000411570072,
                -0.024410000070929527,
                -0.0
            ],
            [
                0.0,
                0.0,
                0.0,
                1.0
            ]
        ],
        [
            [
                0.02848000079393387,
                0.5128899812698364,
                0.8579800128936768,
                0.8913599848747253
            ],
            [
                -0.0,
                0.8583300113677979,
                -0.5131000280380249,
                0.8619700074195862
            ],
            [
                -0.9995899796485901,
                0.01460999995470047,
                0.024450000375509262,
                -0.0
            ],
            [
                0.0,
                0.0,
                0.0,
                1.0
            ]
        ],
        [
            [
                -0.9994800090789795,
                -0.0045900000259280205,
                0.031929999589920044,
                0.001820000004954636
            ],
            [
                0.0,
                0.9898200035095215,
                0.1423500031232834,
                0.8943899869918823
            ],
            [
                -0.032260000705718994,
                0.14226999878883362,
                -0.989300012588501,
                0.59961998462677
            ],
            [
                0.0,
                0.0,
                0.0,
                1.0
            ]
        ],
        [
            [
                0.9994800090789795,
                -0.005210000090301037,
                -0.0318400003015995,
                0.001820000004954636
            ],
            [
                -0.0,
                0.9868599772453308,
                -0.16157999634742737,
                0.8943899869918823
            ],
            [
                0.032260000705718994,
                0.1615000069141388,
                0.9863499999046326,
                0.59961998462677
            ],
            [
                0.0,
                0.0,
                0.0,
                1.0
            ]
        ],
        [
            [
                -0.9994800090789795,
                0.006130000110715628,
                0.03167000040411949,
                0.001820000004954636
            ],
            [
                -0.0,
                0.9817699790000916,
                -0.19005000591278076,
                0.9071499705314636
            ],
            [
                -0.032260000705718994,
                -0.18995000422000885,
                -0.9812600016593933,
                -0.6185500025749207
            ],
            [
                0.0,
                0.0,
                0.0,
                1.0
            ]
        ],
        [
            [
                0.9994800090789795,
                0.006409999914467335,
                -0.031619999557733536,
                0.001820000004954636
            ],
            [
                0.0,
                0.9800400137901306,
                0.19881999492645264,
                0.9071499705314636
            ],
            [
                0.032260000705718994,
                -0.19871999323368073,
                0.9795299768447876,
                -0.6185500025749207
            ],
            [
                0.0,
                0.0,
                0.0,
                1.0
            ]
        ]
    ],
    "functional_matrix": [],
    "orientation_point": [],
    "contact_points_group": [
        [
            0,
            1
        ],
        [
            2,
            3
        ],
        [
            4,
            5
        ],
        [
            6,
            7
        ]
    ],
    "contact_points_mask": [
        true,
        true,
        true,
        true
    ],
    "target_point_discription": [],
    "contact_points_discription": [],
    "functional_point_discription": [],
    "orientation_point_discription": [],
    "stable": true
}