{
    "stable": true,
    "center": [
        -0.0004435157716383478,
        0.9406316191666303,
        0.00031876622482215775
    ],
    "extents": [
        1.9318189286708147,
        1.9164118614182832,
        1.8690911122036684
    ]
}