{
    "stable": true,
    "center": [
        0.0002879867568886993,
        0.95038201935613,
        -7.76780576526587e-06
    ],
    "extents": [
        0.9986316947052065,
        1.9353419894921422,
        1.3845668922559866
    ]
}