{
    "center": [
        -0.0004161702943060182,
        0.9540485295537409,
        0.0001267465055401165
    ],
    "extents": [
        2.1281005162323723,
        1.9449240082400672,
        2.1316048507637455
    ],
    "scale": [
        0.06,
        0.06,
        0.06
    ],
    "transform_matrix": [
        [
            1.0,
            0.0,
            0.0,
            0.0
        ],
        [
            0.0,
            1.0,
            0.0,
            0.0
        ],
        [
            0.0,
            0.0,
            1.0,
            0.0
        ],
        [
            0.0,
            0.0,
            0.0,
            1.0
        ]
    ],
    "target_pose": [],
    "contact_points_pose": [
        [
            [
                -0.02848000079393387,
                -0.0,
                -0.9995899796485901,
                -0.7695800065994263
            ],
            [
                -0.0,
                1.0,
                -0.0,
                1.883870005607605
            ],
            [
                0.9995899796485901,
                0.0,
                -0.02848000079393387,
                -0.0
            ],
            [
                0.0,
                0.0,
                0.0,
                1.0
            ]
        ],
        [
            [
                0.02848000079393387,
                0.0,
                0.9995899796485901,
                -0.7695800065994263
            ],
            [
                -0.0,
                1.0,
                -0.0,
                1.883870005607605
            ],
            [
                -0.9995899796485901,
                -0.0,
                0.02848000079393387,
                -0.0
            ],
            [
                0.0,
                0.0,
                0.0,
                1.0
            ]
        ],
        [
            [
                -0.02848000079393387,
                -0.0,
                -0.9995899796485901,
                0.793150007724762
            ],
            [
                -0.0,
                1.0,
                -0.0,
                1.9318000078201294
            ],
            [
                0.9995899796485901,
                0.0,
                -0.02848000079393387,
                -0.0
            ],
            [
                0.0,
                0.0,
                0.0,
                1.0
            ]
        ],
        [
            [
                0.02848000079393387,
                0.0,
                0.9995899796485901,
                0.793150007724762
            ],
            [
                -0.0,
                1.0,
                -0.0,
                1.9318000078201294
            ],
            [
                -0.9995899796485901,
                -0.0,
                0.02848000079393387,
                -0.0
            ],
            [
                0.0,
                0.0,
                0.0,
                1.0
            ]
        ],
        [
            [
                -0.9994800090789795,
                -0.0,
                0.032260000705718994,
                0.001820000004954636
            ],
            [
                -0.0,
                1.0,
                -0.0,
                1.887719988822937
            ],
            [
                -0.032260000705718994,
                0.0,
                -0.9994800090789795,
                0.8027999997138977
            ],
            [
                0.0,
                0.0,
                0.0,
                1.0
            ]
        ],
        [
            [
                0.9994800090789795,
                -0.0,
                -0.032260000705718994,
                0.001820000004954636
            ],
            [
                0.0,
                1.0,
                -0.0,
                1.887719988822937
            ],
            [
                0.032260000705718994,
                0.0,
                0.9994800090789795,
                0.8027999997138977
            ],
            [
                0.0,
                0.0,
                0.0,
                1.0
            ]
        ],
        [
            [
                -0.9994800090789795,
                -0.0,
                0.032260000705718994,
                0.001820000004954636
            ],
            [
                -0.0,
                1.0,
                -0.0,
                1.885640025138855
            ],
            [
                -0.032260000705718994,
                0.0,
                -0.9994800090789795,
                -0.7862100005149841
            ],
            [
                0.0,
                0.0,
                0.0,
                1.0
            ]
        ],
        [
            [
                0.9994800090789795,
                -0.0,
                -0.032260000705718994,
                0.001820000004954636
            ],
            [
                0.0,
                1.0,
                -0.0,
                1.885640025138855
            ],
            [
                0.032260000705718994,
                0.0,
                0.9994800090789795,
                -0.7862100005149841
            ],
            [
                0.0,
                0.0,
                0.0,
                1.0
            ]
        ]
    ],
    "functional_matrix": [],
    "orientation_point": [],
    "contact_points_group": [
        [
            0,
            1
        ],
        [
            2,
            3
        ],
        [
            4,
            5
        ],
        [
            6,
            7
        ]
    ],
    "contact_points_mask": [
        true,
        true,
        true,
        true
    ],
    "target_point_discription": [],
    "contact_points_discription": [],
    "functional_point_discription": [],
    "orientation_point_discription": [],
    "stable": true
}