{
    "stable": true,
    "center": [
        -5.650520324711914e-05,
        0.9501746532449181,
        -5.886286964319582e-05
    ],
    "extents": [
        1.5569151639938354,
        1.9354811568578358,
        1.5647443756311445
    ]
}