{
    "center": [
        4.485251585806265e-05,
        0.9511320331558042,
        0.00021164109603199712
    ],
    "extents": [
        2.039125209290758,
        1.935953388953288,
        2.039115750445006
    ],
    "scale": [
        0.06,
        0.06,
        0.06
    ],
    "transform_matrix": [
        [
            1.0,
            0.0,
            0.0,
            0.0
        ],
        [
            0.0,
            1.0,
            0.0,
            0.0
        ],
        [
            0.0,
            0.0,
            1.0,
            0.0
        ],
        [
            0.0,
            0.0,
            0.0,
            1.0
        ]
    ],
    "target_pose": [],
    "contact_points_pose": [
        [
            [
                -0.02848000079393387,
                -0.0,
                -0.9995899796485901,
                -0.6787800192832947
            ],
            [
                0.0,
                1.0,
                -0.0,
                1.8738700151443481
            ],
            [
                0.9995899796485901,
                -0.0,
                -0.02848000079393387,
                -0.0
            ],
            [
                0.0,
                0.0,
                0.0,
                1.0
            ]
        ],
        [
            [
                0.02848000079393387,
                0.0,
                0.9995899796485901,
                -0.6787800192832947
            ],
            [
                -0.0,
                1.0,
                -0.0,
                1.8738700151443481
            ],
            [
                -0.9995899796485901,
                -0.0,
                0.02848000079393387,
                -0.0
            ],
            [
                0.0,
                0.0,
                0.0,
                1.0
            ]
        ],
        [
            [
                -0.02848000079393387,
                -0.0,
                -0.9995899796485901,
                0.6475899815559387
            ],
            [
                0.0,
                1.0,
                -0.0,
                1.8815399408340454
            ],
            [
                0.9995899796485901,
                -0.0,
                -0.02848000079393387,
                -0.0
            ],
            [
                0.0,
                0.0,
                0.0,
                1.0
            ]
        ],
        [
            [
                0.02848000079393387,
                0.0,
                0.9995899796485901,
                0.6475899815559387
            ],
            [
                -0.0,
                1.0,
                -0.0,
                1.8815399408340454
            ],
            [
                -0.9995899796485901,
                -0.0,
                0.02848000079393387,
                -0.0
            ],
            [
                0.0,
                0.0,
                0.0,
                1.0
            ]
        ],
        [
            [
                -0.9994800090789795,
                0.0,
                0.032260000705718994,
                0.001820000004954636
            ],
            [
                -0.0,
                1.0,
                -0.0,
                1.8614799976348877
            ],
            [
                -0.032260000705718994,
                -0.0,
                -0.9994800090789795,
                0.6980900168418884
            ],
            [
                0.0,
                0.0,
                0.0,
                1.0
            ]
        ],
        [
            [
                0.9994800090789795,
                -0.0,
                -0.032260000705718994,
                0.001820000004954636
            ],
            [
                0.0,
                1.0,
                -0.0,
                1.8614799976348877
            ],
            [
                0.032260000705718994,
                0.0,
                0.9994800090789795,
                0.6980900168418884
            ],
            [
                0.0,
                0.0,
                0.0,
                1.0
            ]
        ],
        [
            [
                -0.9994800090789795,
                0.0,
                0.032260000705718994,
                0.001820000004954636
            ],
            [
                -0.0,
                1.0,
                -0.0,
                1.8638900518417358
            ],
            [
                -0.032260000705718994,
                -0.0,
                -0.9994800090789795,
                -0.6702399849891663
            ],
            [
                0.0,
                0.0,
                0.0,
                1.0
            ]
        ],
        [
            [
                0.9994800090789795,
                -0.0,
                -0.032260000705718994,
                0.001820000004954636
            ],
            [
                0.0,
                1.0,
                -0.0,
                1.8638900518417358
            ],
            [
                0.032260000705718994,
                0.0,
                0.9994800090789795,
                -0.6702399849891663
            ],
            [
                0.0,
                0.0,
                0.0,
                1.0
            ]
        ]
    ],
    "functional_matrix": [],
    "orientation_point": [],
    "contact_points_group": [
        [
            0,
            1
        ],
        [
            2,
            3
        ],
        [
            4,
            5
        ],
        [
            6,
            7
        ]
    ],
    "contact_points_mask": [
        true,
        true,
        true,
        true
    ],
    "target_point_discription": [],
    "contact_points_discription": [],
    "functional_point_discription": [],
    "orientation_point_discription": [],
    "stable": true
}