{
    "center": [
        -2.8107655003010395e-05,
        0.8807016370720407,
        6.484014490418827e-05
    ],
    "extents": [
        1.9288573396042128,
        1.7965853040630282,
        1.9264705660560613
    ],
    "scale": [
        0.08,
        0.08,
        0.08
    ],
    "transform_matrix": [
        [
            1.0,
            0.0,
            0.0,
            0.0
        ],
        [
            0.0,
            1.0,
            0.0,
            0.0
        ],
        [
            0.0,
            0.0,
            1.0,
            0.0
        ],
        [
            0.0,
            0.0,
            0.0,
            1.0
        ]
    ],
    "target_pose": [],
    "contact_points_pose": [
        [
            [
                -0.02848000079393387,
                -0.0,
                -0.9995899796485901,
                -0.9614099860191345
            ],
            [
                -0.0,
                1.0,
                -0.0,
                1.7389999628067017
            ],
            [
                0.9995899796485901,
                0.0,
                -0.02848000079393387,
                -0.0
            ],
            [
                0.0,
                0.0,
                0.0,
                1.0
            ]
        ],
        [
            [
                0.02848000079393387,
                0.0,
                0.9995899796485901,
                -0.9614099860191345
            ],
            [
                -0.0,
                1.0,
                -0.0,
                1.7389999628067017
            ],
            [
                -0.9995899796485901,
                -0.0,
                0.02848000079393387,
                -0.0
            ],
            [
                0.0,
                0.0,
                0.0,
                1.0
            ]
        ],
        [
            [
                -0.02848000079393387,
                -0.0,
                -0.9995899796485901,
                0.8913599848747253
            ],
            [
                -0.0,
                1.0,
                -0.0,
                1.7587699890136719
            ],
            [
                0.9995899796485901,
                0.0,
                -0.02848000079393387,
                -0.0
            ],
            [
                0.0,
                0.0,
                0.0,
                1.0
            ]
        ],
        [
            [
                0.02848000079393387,
                0.0,
                0.9995899796485901,
                0.8913599848747253
            ],
            [
                -0.0,
                1.0,
                -0.0,
                1.7587699890136719
            ],
            [
                -0.9995899796485901,
                -0.0,
                0.02848000079393387,
                -0.0
            ],
            [
                0.0,
                0.0,
                0.0,
                1.0
            ]
        ],
        [
            [
                -0.9994800090789795,
                -0.0,
                0.032260000705718994,
                0.001820000004954636
            ],
            [
                -0.0,
                1.0,
                -0.0,
                1.6800400018692017
            ],
            [
                -0.032260000705718994,
                0.0,
                -0.9994800090789795,
                0.9311800003051758
            ],
            [
                0.0,
                0.0,
                0.0,
                1.0
            ]
        ],
        [
            [
                0.9994800090789795,
                -0.0,
                -0.032260000705718994,
                0.001820000004954636
            ],
            [
                0.0,
                1.0,
                -0.0,
                1.6800400018692017
            ],
            [
                0.032260000705718994,
                0.0,
                0.9994800090789795,
                0.9311800003051758
            ],
            [
                0.0,
                0.0,
                0.0,
                1.0
            ]
        ],
        [
            [
                -0.9994800090789795,
                -0.0,
                0.032260000705718994,
                0.001820000004954636
            ],
            [
                -0.0,
                1.0,
                -0.0,
                1.7319400310516357
            ],
            [
                -0.032260000705718994,
                0.0,
                -0.9994800090789795,
                -0.844290018081665
            ],
            [
                0.0,
                0.0,
                0.0,
                1.0
            ]
        ],
        [
            [
                0.9994800090789795,
                -0.0,
                -0.032260000705718994,
                0.001820000004954636
            ],
            [
                0.0,
                1.0,
                -0.0,
                1.7319400310516357
            ],
            [
                0.032260000705718994,
                0.0,
                0.9994800090789795,
                -0.844290018081665
            ],
            [
                0.0,
                0.0,
                0.0,
                1.0
            ]
        ]
    ],
    "functional_matrix": [],
    "orientation_point": [],
    "contact_points_group": [
        [
            0,
            1
        ],
        [
            2,
            3
        ],
        [
            4,
            5
        ],
        [
            6,
            7
        ]
    ],
    "contact_points_mask": [
        true,
        true,
        true,
        true
    ],
    "target_point_discription": [],
    "contact_points_discription": [],
    "functional_point_discription": [],
    "orientation_point_discription": [],
    "stable": true
}