{
    "stable": true,
    "center": [
        4.4936810041976865e-06,
        0.9502809756633744,
        0.00045011322671893104
    ],
    "extents": [
        1.8262034962909295,
        1.9350681104244698,
        1.8262620323866865
    ]
}