{
    "center": [
        -3.9290679644575636e-05,
        0.8077206967293258,
        6.041311765647821e-05
    ],
    "extents": [
        1.9421711932993866,
        1.6504059063423697,
        1.9280554699225365
    ],
    "scale": [
        0.08,
        0.08,
        0.08
    ],
    "transform_matrix": [
        [
            1.0,
            0.0,
            0.0,
            0.0
        ],
        [
            0.0,
            1.0,
            0.0,
            0.0
        ],
        [
            0.0,
            0.0,
            1.0,
            0.0
        ],
        [
            0.0,
            0.0,
            0.0,
            1.0
        ]
    ],
    "target_pose": [],
    "contact_points_pose": [
        [
            [
                -0.02848000079393387,
                -0.0,
                -0.9995899796485901,
                -0.9104899764060974
            ],
            [
                0.0,
                1.0,
                -0.0,
                1.6203199625015259
            ],
            [
                0.9995899796485901,
                -0.0,
                -0.02848000079393387,
                -0.0
            ],
            [
                0.0,
                0.0,
                0.0,
                1.0
            ]
        ],
        [
            [
                0.02848000079393387,
                0.0,
                0.9995899796485901,
                -0.9104899764060974
            ],
            [
                -0.0,
                1.0,
                -0.0,
                1.6203199625015259
            ],
            [
                -0.9995899796485901,
                -0.0,
                0.02848000079393387,
                -0.0
            ],
            [
                0.0,
                0.0,
                0.0,
                1.0
            ]
        ],
        [
            [
                -0.02848000079393387,
                -0.0,
                -0.9995899796485901,
                0.8913599848747253
            ],
            [
                0.0,
                1.0,
                -0.0,
                1.6203199625015259
            ],
            [
                0.9995899796485901,
                -0.0,
                -0.02848000079393387,
                -0.0
            ],
            [
                0.0,
                0.0,
                0.0,
                1.0
            ]
        ],
        [
            [
                0.02848000079393387,
                0.0,
                0.9995899796485901,
                0.8913599848747253
            ],
            [
                -0.0,
                1.0,
                -0.0,
                1.6203199625015259
            ],
            [
                -0.9995899796485901,
                -0.0,
                0.02848000079393387,
                -0.0
            ],
            [
                0.0,
                0.0,
                0.0,
                1.0
            ]
        ],
        [
            [
                -0.9994800090789795,
                0.0,
                0.032260000705718994,
                0.001820000004954636
            ],
            [
                -0.0,
                1.0,
                -0.0,
                1.6203199625015259
            ],
            [
                -0.032260000705718994,
                -0.0,
                -0.9994800090789795,
                0.8887500166893005
            ],
            [
                0.0,
                0.0,
                0.0,
                1.0
            ]
        ],
        [
            [
                0.9994800090789795,
                -0.0,
                -0.032260000705718994,
                0.001820000004954636
            ],
            [
                0.0,
                1.0,
                -0.0,
                1.6203199625015259
            ],
            [
                0.032260000705718994,
                0.0,
                0.9994800090789795,
                0.8887500166893005
            ],
            [
                0.0,
                0.0,
                0.0,
                1.0
            ]
        ],
        [
            [
                -0.9994800090789795,
                0.0,
                0.032260000705718994,
                0.001820000004954636
            ],
            [
                -0.0,
                1.0,
                -0.0,
                1.6203199625015259
            ],
            [
                -0.032260000705718994,
                -0.0,
                -0.9994800090789795,
                -0.9033399820327759
            ],
            [
                0.0,
                0.0,
                0.0,
                1.0
            ]
        ],
        [
            [
                0.9994800090789795,
                -0.0,
                -0.032260000705718994,
                0.001820000004954636
            ],
            [
                0.0,
                1.0,
                -0.0,
                1.6203199625015259
            ],
            [
                0.032260000705718994,
                0.0,
                0.9994800090789795,
                -0.9033399820327759
            ],
            [
                0.0,
                0.0,
                0.0,
                1.0
            ]
        ]
    ],
    "functional_matrix": [],
    "orientation_point": [],
    "contact_points_group": [
        [
            0,
            1
        ],
        [
            2,
            3
        ],
        [
            4,
            5
        ],
        [
            6,
            7
        ]
    ],
    "contact_points_mask": [
        true,
        true,
        true,
        true
    ],
    "target_point_discription": [],
    "contact_points_discription": [],
    "functional_point_discription": [],
    "orientation_point_discription": [],
    "stable": true
}