{
    "center": [
        8.20329899926795e-06,
        0.9509102239109071,
        -2.2381622245665595e-05
    ],
    "extents": [
        1.2204426114802578,
        1.9368054551589649,
        1.2203078203506112
    ],
    "scale": [
        0.07,
        0.07,
        0.07
    ],
    "transform_matrix": [
        [
            1.0,
            0.0,
            0.0,
            0.0
        ],
        [
            0.0,
            1.0,
            0.0,
            0.0
        ],
        [
            0.0,
            0.0,
            1.0,
            0.0
        ],
        [
            0.0,
            0.0,
            0.0,
            1.0
        ]
    ],
    "target_pose": [],
    "contact_points_pose": [
        [
            [
                -0.02848000079393387,
                -0.0,
                -0.9995899796485901,
                -0.6463199853897095
            ],
            [
                -0.0,
                1.0,
                -0.0,
                1.883870005607605
            ],
            [
                0.9995899796485901,
                0.0,
                -0.02848000079393387,
                -0.0
            ],
            [
                0.0,
                0.0,
                0.0,
                1.0
            ]
        ],
        [
            [
                0.02848000079393387,
                0.0,
                0.9995899796485901,
                -0.6463199853897095
            ],
            [
                -0.0,
                1.0,
                -0.0,
                1.883870005607605
            ],
            [
                -0.9995899796485901,
                -0.0,
                0.02848000079393387,
                -0.0
            ],
            [
                0.0,
                0.0,
                0.0,
                1.0
            ]
        ],
        [
            [
                -0.02848000079393387,
                -0.0,
                -0.9995899796485901,
                0.58160001039505
            ],
            [
                -0.0,
                1.0,
                -0.0,
                1.9318000078201294
            ],
            [
                0.9995899796485901,
                0.0,
                -0.02848000079393387,
                -0.0
            ],
            [
                0.0,
                0.0,
                0.0,
                1.0
            ]
        ],
        [
            [
                0.02848000079393387,
                0.0,
                0.9995899796485901,
                0.58160001039505
            ],
            [
                -0.0,
                1.0,
                -0.0,
                1.9318000078201294
            ],
            [
                -0.9995899796485901,
                -0.0,
                0.02848000079393387,
                -0.0
            ],
            [
                0.0,
                0.0,
                0.0,
                1.0
            ]
        ],
        [
            [
                -0.9994800090789795,
                0.0,
                0.032260000705718994,
                0.001820000004954636
            ],
            [
                -0.0,
                1.0,
                -0.0,
                1.887719988822937
            ],
            [
                -0.032260000705718994,
                -0.0,
                -0.9994800090789795,
                0.8027999997138977
            ],
            [
                0.0,
                0.0,
                0.0,
                1.0
            ]
        ],
        [
            [
                0.9994800090789795,
                -0.0,
                -0.032260000705718994,
                0.001820000004954636
            ],
            [
                0.0,
                1.0,
                -0.0,
                1.887719988822937
            ],
            [
                0.032260000705718994,
                0.0,
                0.9994800090789795,
                0.8027999997138977
            ],
            [
                0.0,
                0.0,
                0.0,
                1.0
            ]
        ],
        [
            [
                -0.9994800090789795,
                -0.0,
                0.032260000705718994,
                0.001820000004954636
            ],
            [
                -0.0,
                1.0,
                -0.0,
                1.885640025138855
            ],
            [
                -0.032260000705718994,
                0.0,
                -0.9994800090789795,
                -0.6668499708175659
            ],
            [
                0.0,
                0.0,
                0.0,
                1.0
            ]
        ],
        [
            [
                0.9994800090789795,
                -0.0,
                -0.032260000705718994,
                0.001820000004954636
            ],
            [
                0.0,
                1.0,
                -0.0,
                1.885640025138855
            ],
            [
                0.032260000705718994,
                0.0,
                0.9994800090789795,
                -0.6668499708175659
            ],
            [
                0.0,
                0.0,
                0.0,
                1.0
            ]
        ]
    ],
    "functional_matrix": [],
    "orientation_point": [],
    "contact_points_group": [
        [
            0,
            1
        ],
        [
            2,
            3
        ],
        [
            4,
            5
        ],
        [
            6,
            7
        ]
    ],
    "contact_points_mask": [
        true,
        true,
        true,
        true
    ],
    "target_point_discription": [],
    "contact_points_discription": [],
    "functional_point_discription": [],
    "orientation_point_discription": [],
    "stable": true
}