{"min": [-0.07788, -0.876825, -0.079913], "max": [0.074352, 0.999832, 0.072319]}