{
    "center": [
        -0.017266016670027466,
        0.8928283600487195,
        -0.04176975463712894
    ],
    "extents": [
        1.898837989238896,
        2.362739259074475,
        2.2882315945747296
    ],
    "scale": [
        0.1,
        0.1,
        0.1
    ],
    "transform_matrix": [
        [
            1.0,
            0.0,
            0.0,
            0.0
        ],
        [
            0.0,
            1.0,
            0.0,
            0.0
        ],
        [
            0.0,
            0.0,
            1.0,
            0.0
        ],
        [
            0.0,
            0.0,
            0.0,
            1.0
        ]
    ],
    "target_pose": [],
    "contact_points_pose": [
        [
            [
                -0.0,
                0.0,
                -1.0,
                0.0
            ],
            [
                1.0,
                -0.0,
                -0.0,
                0.29139000177383423
            ],
            [
                -0.0,
                -1.0,
                0.0,
                -0.0
            ],
            [
                0.0,
                0.0,
                0.0,
                1.0
            ]
        ],
        [
            [
                -0.0,
                -0.707069993019104,
                0.7071400284767151,
                0.0
            ],
            [
                1.0,
                0.0,
                -0.0,
                0.29139000177383423
            ],
            [
                -0.0,
                0.7071400284767151,
                0.707069993019104,
                -0.0
            ],
            [
                0.0,
                0.0,
                0.0,
                1.0
            ]
        ],
        [
            [
                -0.0,
                4.999999873689376e-05,
                1.0,
                0.0
            ],
            [
                1.0,
                0.0,
                -0.0,
                0.29139000177383423
            ],
            [
                -0.0,
                1.0,
                -4.999999873689376e-05,
                -0.0
            ],
            [
                0.0,
                0.0,
                0.0,
                1.0
            ]
        ],
        [
            [
                0.0,
                0.7071400284767151,
                0.707069993019104,
                0.0
            ],
            [
                1.0,
                0.0,
                -0.0,
                0.29139000177383423
            ],
            [
                -0.0,
                0.707069993019104,
                -0.7071400284767151,
                -0.0
            ],
            [
                0.0,
                0.0,
                0.0,
                1.0
            ]
        ],
        [
            [
                0.0,
                1.0,
                -4.999999873689376e-05,
                0.0
            ],
            [
                1.0,
                -0.0,
                -0.0,
                0.29139000177383423
            ],
            [
                -0.0,
                -4.999999873689376e-05,
                -1.0,
                -0.0
            ],
            [
                0.0,
                0.0,
                0.0,
                1.0
            ]
        ],
        [
            [
                -0.0,
                0.707069993019104,
                -0.7071400284767151,
                0.0
            ],
            [
                1.0,
                -0.0,
                -0.0,
                0.29139000177383423
            ],
            [
                -0.0,
                -0.7071400284767151,
                -0.707069993019104,
                -0.0
            ],
            [
                0.0,
                0.0,
                0.0,
                1.0
            ]
        ],
        [
            [
                -0.0,
                -4.999999873689376e-05,
                -1.0,
                0.0
            ],
            [
                1.0,
                -0.0,
                -0.0,
                0.29139000177383423
            ],
            [
                -0.0,
                -1.0,
                4.999999873689376e-05,
                -0.0
            ],
            [
                0.0,
                0.0,
                0.0,
                1.0
            ]
        ],
        [
            [
                0.0,
                -0.7071400284767151,
                -0.707069993019104,
                0.0
            ],
            [
                1.0,
                -0.0,
                0.0,
                0.29139000177383423
            ],
            [
                -0.0,
                -0.707069993019104,
                0.7071400284767151,
                -0.0
            ],
            [
                0.0,
                0.0,
                0.0,
                1.0
            ]
        ]
    ],
    "functional_matrix": [],
    "orientation_point": [],
    "contact_points_group": [
        [
            0,
            1,
            2,
            3,
            4,
            5,
            6,
            7
        ]
    ],
    "contact_points_mask": [
        true
    ],
    "target_point_discription": [],
    "contact_points_discription": [],
    "functional_point_discription": [],
    "orientation_point_discription": [],
    "stable": true
}