{
    "stable": true,
    "center": [
        -4.229520558876321e-05,
        0.9640425928984991,
        -5.769662352370661e-05
    ],
    "extents": [
        2.226788683129979,
        1.9282659609556254,
        2.2298133006972574
    ]
}