{
    "scale": 0.12,
    "transform_matrix": [
        [
            1.0,
            -0.00021726780687458813,
            4.87916963720636e-07,
            0
        ],
        [
            0.00021726780687458813,
            1.0,
            -6.076024305912142e-07,
            0
        ],
        [
            -4.877849733020412e-07,
            6.077083867239708e-07,
            1.0,
            0.05463574454188347
        ],
        [
            0.0,
            0.0,
            0.0,
            1.0
        ]
    ],
    "init_qpos": [],
    "target_points": [],
    "contact_points": [
        {
            "matrix": [
                [
                    0.00022000000171829015,
                    -0.9998700022697449,
                    -0.01641000062227249,
                    -1.0101100206375122
                ],
                [
                    0.0,
                    -0.01641000062227249,
                    0.9998700022697449,
                    0.07413999736309052
                ],
                [
                    -1.0,
                    -0.00022000000171829015,
                    -0.0,
                    -0.0007200000109151006
                ],
                [
                    0.0,
                    0.0,
                    0.0,
                    1.0
                ]
            ],
            "base": "link_1"
        },
        {
            "matrix": [
                [
                    0.006870000157505274,
                    0.9998599886894226,
                    0.015549999661743641,
                    0.9965800046920776
                ],
                [
                    -0.0173799991607666,
                    0.01565999910235405,
                    -0.9997299909591675,
                    0.07620000094175339
                ],
                [
                    -0.9998300075531006,
                    0.006599999964237213,
                    0.017480000853538513,
                    0.056279998272657394
                ],
                [
                    0.0,
                    0.0,
                    0.0,
                    1.0
                ]
            ],
            "base": "link_1"
        }
    ],
    "functional_points": [],
    "orientation_point": [],
    "contact_points_group": [],
    "contact_points_mask": [],
    "target_points_discription": [],
    "contact_points_discription": [],
    "functional_points_discription": [],
    "orientation_point_discription": []
}