{
    "scale": 0.27,
    "transform_matrix": [
        [
            1.0,
            8.33357080409769e-06,
            -3.5569331657825387e-07,
            0
        ],
        [
            -8.33357080409769e-06,
            1.0,
            -1.023269419420103e-06,
            0
        ],
        [
            3.5568479006542475e-07,
            1.0232723752778838e-06,
            1.0,
            0.21688008308410645
        ],
        [
            0.0,
            0.0,
            0.0,
            1.0
        ]
    ],
    "init_qpos": [],
    "target_points": [],
    "contact_points": [
        {
            "matrix": [
                [
                    -1.0,
                    7.999999797903001e-05,
                    7.999999797903001e-05,
                    0.009940000250935555
                ],
                [
                    7.999999797903001e-05,
                    0.0,
                    1.0,
                    -0.32120001316070557
                ],
                [
                    7.999999797903001e-05,
                    1.0,
                    -0.0,
                    0.4573400020599365
                ],
                [
                    0.0,
                    0.0,
                    0.0,
                    1.0
                ]
            ],
            "base": "link_1"
        },
        {
            "matrix": [
                [
                    1.0,
                    9.999999747378752e-06,
                    -0.0003499999875202775,
                    0.01436999998986721
                ],
                [
                    -0.0003499999875202775,
                    -0.0,
                    -1.0,
                    -0.29541000723838806
                ],
                [
                    -9.999999747378752e-06,
                    1.0,
                    0.0,
                    0.46463000774383545
                ],
                [
                    0.0,
                    0.0,
                    0.0,
                    1.0
                ]
            ],
            "base": "link_1"
        }
    ],
    "functional_points": [
        {
            "matrix": [
                [
                    -1.0,
                    3.9999998989515007e-05,
                    3.9999998989515007e-05,
                    -0.0008099999977275729
                ],
                [
                    3.9999998989515007e-05,
                    0.0,
                    1.0,
                    -0.7440800070762634
                ],
                [
                    3.9999998989515007e-05,
                    1.0,
                    -0.0,
                    0.15031999349594116
                ],
                [
                    0.0,
                    0.0,
                    0.0,
                    1.0
                ]
            ],
            "base": "link_1"
        }
    ],
    "orientation_point": [],
    "contact_points_group": [],
    "contact_points_mask": [],
    "target_points_discription": [],
    "contact_points_discription": [],
    "functional_points_discription": [],
    "orientation_point_discription": []
}