{
    "scale": 0.15,
    "transform_matrix": [
        [
            0.9999992847442627,
            0.001171223120763898,
            6.909073704264301e-07,
            0
        ],
        [
            -0.001171223120763898,
            0.9999992847442627,
            9.632528019665187e-08,
            0
        ],
        [
            -6.907940246492217e-07,
            -9.713441784242605e-08,
            1.0,
            0.03349050506949425
        ],
        [
            0.0,
            0.0,
            0.0,
            1.0
        ]
    ],
    "init_qpos": [],
    "target_points": [],
    "contact_points": [
        {
            "matrix": [
                [
                    0.9997900128364563,
                    -0.014670000411570072,
                    -0.014349999837577343,
                    -0.6060600280761719
                ],
                [
                    0.01816999912261963,
                    0.957830011844635,
                    0.2867499887943268,
                    0.8709400296211243
                ],
                [
                    0.00953999999910593,
                    -0.2869499921798706,
                    0.9578999876976013,
                    -0.20148999989032745
                ],
                [
                    0.0,
                    0.0,
                    0.0,
                    1.0
                ]
            ],
            "base": "link_1"
        },
        {
            "matrix": [
                [
                    0.9997900128364563,
                    -0.015150000341236591,
                    -0.013829999603331089,
                    -0.602940022945404
                ],
                [
                    0.018160000443458557,
                    0.9671099781990051,
                    0.25372999906539917,
                    0.7889599800109863
                ],
                [
                    0.009530000388622284,
                    -0.2539199888706207,
                    0.9671800136566162,
                    -0.4348300099372864
                ],
                [
                    0.0,
                    0.0,
                    0.0,
                    1.0
                ]
            ],
            "base": "link_1"
        },
        {
            "matrix": [
                [
                    -0.015150000341236591,
                    -0.013810000382363796,
                    0.9997900128364563,
                    -0.6056200265884399
                ],
                [
                    0.9672600030899048,
                    0.25314998626708984,
                    0.018160000443458557,
                    0.8389899730682373
                ],
                [
                    -0.25334998965263367,
                    0.9673299789428711,
                    0.009519999846816063,
                    -0.24917000532150269
                ],
                [
                    0.0,
                    0.0,
                    0.0,
                    1.0
                ]
            ],
            "base": "link_1"
        },
        {
            "matrix": [
                [
                    0.018079999834299088,
                    -0.02761000022292137,
                    0.999459981918335,
                    -0.0
                ],
                [
                    0.8404200077056885,
                    0.5419300198554993,
                    -0.00023999999393709004,
                    -0.08711999654769897
                ],
                [
                    -0.5416300296783447,
                    0.8399699926376343,
                    0.032999999821186066,
                    0.6231799721717834
                ],
                [
                    0.0,
                    0.0,
                    0.0,
                    1.0
                ]
            ],
            "base": "link_0"
        }
    ],
    "functional_points": [],
    "orientation_point": [],
    "contact_points_group": [
        [
            0,
            1
        ]
    ],
    "contact_points_mask": [
        true
    ],
    "target_points_discription": [],
    "contact_points_discription": [],
    "functional_points_discription": [],
    "orientation_point_discription": []
}