{
    "scale": 0.15,
    "transform_matrix": [
        [
            1.0,
            -0.00023668049834668636,
            -1.8144938849218306e-06,
            0
        ],
        [
            0.00023668049834668636,
            1.0,
            -8.566594260628335e-07,
            0
        ],
        [
            1.814696702240326e-06,
            8.562299171899213e-07,
            1.0,
            0.029383661225438118
        ],
        [
            0.0,
            0.0,
            0.0,
            1.0
        ]
    ],
    "init_qpos": [],
    "target_points": [],
    "contact_points": [
        {
            "matrix": [
                [
                    0.9999799728393555,
                    -0.006519999820739031,
                    -0.0006300000241026282,
                    -0.6793500185012817
                ],
                [
                    0.005929999984800816,
                    0.8596600294113159,
                    0.5108299851417542,
                    0.7104399800300598
                ],
                [
                    -0.00279000005684793,
                    -0.5108299851417542,
                    0.8596799969673157,
                    -0.3764300048351288
                ],
                [
                    0.0,
                    0.0,
                    0.0,
                    1.0
                ]
            ],
            "base": "link_0"
        },
        {
            "matrix": [
                [
                    0.9999799728393555,
                    -0.006519999820739031,
                    -0.0006300000241026282,
                    -0.6793000102043152
                ],
                [
                    0.005929999984800816,
                    0.8598399758338928,
                    0.5105299949645996,
                    0.640470027923584
                ],
                [
                    -0.00279000005684793,
                    -0.5105299949645996,
                    0.8598600029945374,
                    -0.5027499794960022
                ],
                [
                    0.0,
                    0.0,
                    0.0,
                    1.0
                ]
            ],
            "base": "link_0"
        },
        {
            "matrix": [
                [
                    -0.005940000060945749,
                    -0.0006200000061653554,
                    0.9999799728393555,
                    -0.6793599724769592
                ],
                [
                    0.8596500158309937,
                    0.510860025882721,
                    0.005419999826699495,
                    0.6660400032997131
                ],
                [
                    -0.510860025882721,
                    0.8596600294113159,
                    -0.0024999999441206455,
                    -0.4536600112915039
                ],
                [
                    0.0,
                    0.0,
                    0.0,
                    1.0
                ]
            ],
            "base": "link_0"
        },
        {
            "matrix": [
                [
                    0.00019999999494757503,
                    -0.05601999908685684,
                    0.9984300136566162,
                    0.016589999198913574
                ],
                [
                    0.8413900136947632,
                    0.5395900011062622,
                    0.03010999970138073,
                    -0.1539900004863739
                ],
                [
                    -0.5404300093650818,
                    0.8400599956512451,
                    0.047240000218153,
                    0.7005100250244141
                ],
                [
                    0.0,
                    0.0,
                    0.0,
                    1.0
                ]
            ],
            "base": "link_1"
        }
    ],
    "functional_points": [],
    "orientation_point": [],
    "contact_points_group": [
        [
            0,
            1
        ]
    ],
    "contact_points_mask": [
        true
    ],
    "target_points_discription": [],
    "contact_points_discription": [],
    "functional_points_discription": [],
    "orientation_point_discription": []
}