{
    "stable": true,
    "center": [
        1.8292093617387687e-05,
        0.520833239694235,
        -0.00011827701050916945
    ],
    "extents": [
        2.421101776799537,
        1.0422885610583736,
        1.7943797765061824
    ]
}