{
    "stable": true,
    "center": [
        5.3247436455376994e-05,
        0.18788914705412577,
        -0.0004085993371187662
    ],
    "extents": [
        2.490361749573382,
        0.40991204363470646,
        2.493030095132765
    ]
}