{
    "stable": true,
    "center": [
        -0.0003410238047780618,
        0.40273476298898453,
        -0.03236674893131753
    ],
    "extents": [
        2.3863697516993048,
        0.8385374415665865,
        2.388982676167701
    ]
}