{
    "stable": true,
    "center": [
        7.285380095046521e-05,
        0.38216742805914883,
        7.915754129670496e-07
    ],
    "extents": [
        2.398830442192158,
        0.7990830866516949,
        2.398412367826051
    ]
}