{
    "center": [
        -0.004608263604749185,
        0.4908452717103828,
        -0.007808226600344506
    ],
    "extents": [
        0.7102928924812577,
        1.0534337388822648,
        1.9575934885571753
    ],
    "scale": [
        0.08,
        0.08,
        0.08
    ],
    "transform_matrix": [
        [
            1.0,
            0.0,
            0.0,
            0.0
        ],
        [
            0.0,
            1.0,
            0.0,
            0.0
        ],
        [
            0.0,
            0.0,
            1.0,
            0.0
        ],
        [
            0.0,
            0.0,
            0.0,
            1.0
        ]
    ],
    "target_pose": [],
    "contact_points_pose": [
        [
            [
                -0.0,
                -0.0,
                -1.0,
                0.0
            ],
            [
                0.0,
                1.0,
                -0.0,
                0.6083499789237976
            ],
            [
                1.0,
                0.0,
                0.0,
                -0.14488999545574188
            ],
            [
                0.0,
                0.0,
                0.0,
                1.0
            ]
        ]
    ],
    "functional_matrix": [
        [
            [
                -0.0,
                1.0,
                -0.0,
                0.020670000463724136
            ],
            [
                -0.5142899751663208,
                -0.0,
                -0.8576200008392334,
                0.048089999705553055
            ],
            [
                -0.8576200008392334,
                0.0,
                0.5142899751663208,
                0.7643300294876099
            ],
            [
                0.0,
                0.0,
                0.0,
                1.0
            ]
        ],
        [
            [
                1.0,
                0.0,
                0.0,
                0.0
            ],
            [
                0.0,
                1.0,
                -0.0,
                0.6254900097846985
            ],
            [
                0.0,
                0.0,
                1.0,
                0.6220700144767761
            ],
            [
                0.0,
                0.0,
                0.0,
                1.0
            ]
        ]
    ],
    "orientation_point": [],
    "contact_points_group": [],
    "contact_points_mask": [],
    "target_point_discription": [],
    "contact_points_discription": [],
    "functional_point_discription": [],
    "orientation_point_discription": [],
    "stable": false
}