{
    "center": [
        -0.020516590713582666,
        0.4093469120803495,
        -0.007272068023921557
    ],
    "extents": [
        0.7323284322858983,
        0.9518428887559505,
        1.9678122505003266
    ],
    "scale": [
        0.08,
        0.08,
        0.08
    ],
    "transform_matrix": [
        [
            1.0,
            0.0,
            0.0,
            0.0
        ],
        [
            0.0,
            1.0,
            0.0,
            0.0
        ],
        [
            0.0,
            0.0,
            1.0,
            0.0
        ],
        [
            0.0,
            0.0,
            0.0,
            1.0
        ]
    ],
    "target_pose": [],
    "contact_points_pose": [
        [
            [
                -0.0,
                -0.0,
                -1.0,
                0.0
            ],
            [
                0.0,
                1.0,
                -0.0,
                0.6083499789237976
            ],
            [
                1.0,
                -0.0,
                -0.0,
                -0.25714001059532166
            ],
            [
                0.0,
                0.0,
                0.0,
                1.0
            ]
        ]
    ],
    "functional_matrix": [
        [
            [
                0.0,
                1.0,
                -0.0,
                0.0
            ],
            [
                -0.19109000265598297,
                -0.0,
                -0.9815700054168701,
                0.033720001578330994
            ],
            [
                -0.9815700054168701,
                0.0,
                0.19109000265598297,
                0.7643300294876099
            ],
            [
                0.0,
                0.0,
                0.0,
                1.0
            ]
        ],
        [
            [
                1.0,
                0.0,
                0.0,
                0.0
            ],
            [
                0.0,
                1.0,
                -0.0,
                0.6254900097846985
            ],
            [
                0.0,
                0.0,
                1.0,
                0.6220700144767761
            ],
            [
                0.0,
                0.0,
                0.0,
                1.0
            ]
        ]
    ],
    "orientation_point": [],
    "contact_points_group": [],
    "contact_points_mask": [],
    "target_point_discription": [],
    "contact_points_discription": [],
    "functional_point_discription": [],
    "orientation_point_discription": [],
    "stable": true
}