{"min": [-0.465986, -0.455997, -0.506447], "max": [0.466087, 0.995324, 0.809398]}