{
    "center": [
        -4.5355254302262294e-05,
        0.1779548678795737,
        -6.22203234841279e-05
    ],
    "extents": [
        0.6383174697403058,
        0.39163799587851034,
        1.9341978417544448
    ],
    "scale": [
        0.1,
        0.1,
        0.1
    ],
    "transform_matrix": [
        [
            1.0,
            0.0,
            0.0,
            0.0
        ],
        [
            0.0,
            1.0,
            0.0,
            0.0
        ],
        [
            0.0,
            0.0,
            1.0,
            0.0
        ],
        [
            0.0,
            0.0,
            0.0,
            1.0
        ]
    ],
    "target_pose": [],
    "contact_points_pose": [
        [
            [
                -0.006459999829530716,
                -0.0,
                -0.9999799728393555,
                0.0
            ],
            [
                0.0,
                1.0,
                -0.0,
                0.14720000326633453
            ],
            [
                0.9999799728393555,
                -0.0,
                -0.006459999829530716,
                -0.0
            ],
            [
                0.0,
                0.0,
                0.0,
                1.0
            ]
        ],
        [
            [
                0.02971000038087368,
                0.0,
                0.9995599985122681,
                0.0
            ],
            [
                -0.0,
                1.0,
                -0.0,
                0.14720000326633453
            ],
            [
                -0.9995599985122681,
                -0.0,
                0.02971000038087368,
                -0.0
            ],
            [
                0.0,
                0.0,
                0.0,
                1.0
            ]
        ]
    ],
    "functional_matrix": [
        [
            [
                1.0,
                0.0,
                0.0,
                0.0
            ],
            [
                0.0,
                1.0,
                0.0,
                0.16656999289989471
            ],
            [
                0.0,
                -0.0,
                1.0,
                0.9132599830627441
            ],
            [
                0.0,
                0.0,
                0.0,
                1.0
            ]
        ]
    ],
    "orientation_point": [],
    "contact_points_group": [
        [
            0,
            1
        ]
    ],
    "contact_points_mask": [
        true
    ],
    "target_point_discription": [],
    "contact_points_discription": [],
    "functional_point_discription": [],
    "orientation_point_discription": [],
    "stable": true
}