{
    "center": [
        4.138653204828471e-05,
        0.13767856448579988,
        0.00032368616065036454
    ],
    "extents": [
        0.6214073684453251,
        0.3118089860718527,
        1.937022528990797
    ],
    "scale": [
        0.1,
        0.1,
        0.1
    ],
    "transform_matrix": [
        [
            1.0,
            0.0,
            0.0,
            0.0
        ],
        [
            0.0,
            1.0,
            0.0,
            0.0
        ],
        [
            0.0,
            0.0,
            1.0,
            0.0
        ],
        [
            0.0,
            0.0,
            0.0,
            1.0
        ]
    ],
    "target_pose": [],
    "contact_points_pose": [
        [
            [
                -0.006459999829530716,
                -0.0,
                -0.9999799728393555,
                0.0
            ],
            [
                0.0,
                1.0,
                -0.0,
                0.14720000326633453
            ],
            [
                0.9999799728393555,
                -0.0,
                -0.006459999829530716,
                -0.0
            ],
            [
                0.0,
                0.0,
                0.0,
                1.0
            ]
        ],
        [
            [
                0.02971000038087368,
                0.0,
                0.9995599985122681,
                0.0
            ],
            [
                -0.0,
                1.0,
                -0.0,
                0.14720000326633453
            ],
            [
                -0.9995599985122681,
                -0.0,
                0.02971000038087368,
                -0.0
            ],
            [
                0.0,
                0.0,
                0.0,
                1.0
            ]
        ]
    ],
    "functional_matrix": [
        [
            [
                -1.0,
                -0.0,
                0.0006000000284984708,
                3.9999998989515007e-05
            ],
            [
                -0.0,
                1.0,
                -0.0,
                0.09431000053882599
            ],
            [
                -0.0006000000284984708,
                -0.0,
                -1.0,
                -0.9410300254821777
            ],
            [
                0.0,
                0.0,
                0.0,
                1.0
            ]
        ]
    ],
    "orientation_point": [],
    "contact_points_group": [
        [
            0,
            1
        ]
    ],
    "contact_points_mask": [
        true
    ],
    "target_point_discription": [],
    "contact_points_discription": [],
    "functional_point_discription": [],
    "orientation_point_discription": [],
    "stable": true
}