{
    "center": [
        2.7388324213576504e-05,
        0.10047661118595946,
        3.676802018149643e-05
    ],
    "extents": [
        0.6993679313204226,
        0.23578466132458753,
        1.9345720601448728
    ],
    "scale": [
        0.1,
        0.1,
        0.1
    ],
    "transform_matrix": [
        [
            1.0,
            0.0,
            0.0,
            0.0
        ],
        [
            0.0,
            1.0,
            0.0,
            0.0
        ],
        [
            0.0,
            0.0,
            1.0,
            0.0
        ],
        [
            0.0,
            0.0,
            0.0,
            1.0
        ]
    ],
    "target_pose": [],
    "contact_points_pose": [
        [
            [
                -0.006459999829530716,
                -0.0,
                -0.9999799728393555,
                0.0
            ],
            [
                0.0,
                1.0,
                -0.0,
                0.19102999567985535
            ],
            [
                0.9999799728393555,
                -0.0,
                -0.006459999829530716,
                -0.0
            ],
            [
                0.0,
                0.0,
                0.0,
                1.0
            ]
        ],
        [
            [
                0.02971000038087368,
                0.0,
                0.9995599985122681,
                0.0
            ],
            [
                -0.0,
                1.0,
                -0.0,
                0.19102999567985535
            ],
            [
                -0.9995599985122681,
                -0.0,
                0.02971000038087368,
                -0.0
            ],
            [
                0.0,
                0.0,
                0.0,
                1.0
            ]
        ]
    ],
    "functional_matrix": [
        [
            [
                1.0,
                0.0,
                0.0,
                0.0
            ],
            [
                0.0,
                1.0,
                -0.0,
                0.08184000104665756
            ],
            [
                0.0,
                0.0,
                1.0,
                0.9611499905586243
            ],
            [
                0.0,
                0.0,
                0.0,
                1.0
            ]
        ]
    ],
    "orientation_point": [],
    "contact_points_group": [
        [
            0,
            1
        ]
    ],
    "contact_points_mask": [
        true
    ],
    "target_point_discription": [],
    "contact_points_discription": [],
    "functional_point_discription": [],
    "orientation_point_discription": [],
    "stable": true
}