{
    "center": [
        -5.7277844435648414e-05,
        0.11244111479582074,
        1.8133480600983273e-05
    ],
    "extents": [
        0.6855208739616743,
        0.26145807306501406,
        1.934602860748082
    ],
    "scale": [
        0.1,
        0.1,
        0.1
    ],
    "transform_matrix": [
        [
            1.0,
            0.0,
            0.0,
            0.0
        ],
        [
            0.0,
            1.0,
            0.0,
            0.0
        ],
        [
            0.0,
            0.0,
            1.0,
            0.0
        ],
        [
            0.0,
            0.0,
            0.0,
            1.0
        ]
    ],
    "target_pose": [],
    "contact_points_pose": [
        [
            [
                -0.006459999829530716,
                -0.0,
                -0.9999799728393555,
                0.0
            ],
            [
                0.0,
                1.0,
                -0.0,
                0.19102999567985535
            ],
            [
                0.9999799728393555,
                -0.0,
                -0.006459999829530716,
                -0.0
            ],
            [
                0.0,
                0.0,
                0.0,
                1.0
            ]
        ],
        [
            [
                0.02971000038087368,
                0.0,
                0.9995599985122681,
                0.0
            ],
            [
                -0.0,
                1.0,
                -0.0,
                0.19102999567985535
            ],
            [
                -0.9995599985122681,
                -0.0,
                0.02971000038087368,
                -0.0
            ],
            [
                0.0,
                0.0,
                0.0,
                1.0
            ]
        ]
    ],
    "functional_matrix": [
        [
            [
                -1.0,
                -0.0,
                -0.0,
                0.0
            ],
            [
                -0.0,
                1.0,
                -0.0,
                0.06306999921798706
            ],
            [
                0.0,
                -0.0,
                -1.0,
                -0.9301499724388123
            ],
            [
                0.0,
                0.0,
                0.0,
                1.0
            ]
        ]
    ],
    "orientation_point": [],
    "contact_points_group": [
        [
            0,
            1
        ]
    ],
    "contact_points_mask": [
        true
    ],
    "target_point_discription": [],
    "contact_points_discription": [],
    "functional_point_discription": [],
    "orientation_point_discription": [],
    "stable": true
}