{
    "center": [
        -0.011384105549531285,
        0.17902206735753246,
        -0.0028489802884152575
    ],
    "extents": [
        0.6528151810261313,
        0.39686965716407696,
        1.9404004195353395
    ],
    "scale": [
        0.1,
        0.1,
        0.1
    ],
    "transform_matrix": [
        [
            1.0,
            0.0,
            0.0,
            0.0
        ],
        [
            0.0,
            1.0,
            0.0,
            0.0
        ],
        [
            0.0,
            0.0,
            1.0,
            0.0
        ],
        [
            0.0,
            0.0,
            0.0,
            1.0
        ]
    ],
    "target_pose": [],
    "contact_points_pose": [
        [
            [
                -0.006459999829530716,
                -0.0,
                -0.9999799728393555,
                0.0
            ],
            [
                0.0,
                1.0,
                -0.0,
                0.19102999567985535
            ],
            [
                0.9999799728393555,
                -0.0,
                -0.006459999829530716,
                -0.0
            ],
            [
                0.0,
                0.0,
                0.0,
                1.0
            ]
        ],
        [
            [
                0.02971000038087368,
                0.0,
                0.9995599985122681,
                0.0
            ],
            [
                -0.0,
                1.0,
                -0.0,
                0.19102999567985535
            ],
            [
                -0.9995599985122681,
                -0.0,
                0.02971000038087368,
                -0.0
            ],
            [
                0.0,
                0.0,
                0.0,
                1.0
            ]
        ]
    ],
    "functional_matrix": [
        [
            [
                -1.0,
                -0.0,
                0.0003499999875202775,
                0.0
            ],
            [
                -0.0,
                1.0,
                -0.0,
                0.17139999568462372
            ],
            [
                -0.0003499999875202775,
                0.0,
                -1.0,
                -0.9788399934768677
            ],
            [
                0.0,
                0.0,
                0.0,
                1.0
            ]
        ]
    ],
    "orientation_point": [],
    "contact_points_group": [
        [
            0,
            1
        ]
    ],
    "contact_points_mask": [
        true
    ],
    "target_point_discription": [],
    "contact_points_discription": [],
    "functional_point_discription": [],
    "orientation_point_discription": [],
    "stable": true
}