{
    "scale": 0.15,
    "transform_matrix": [
        [
            0.9999974966049194,
            2.034941098827403e-05,
            0.002245070179924369,
            0
        ],
        [
            -1.8615019143908285e-05,
            0.9999997019767761,
            -0.0007725517498329282,
            0
        ],
        [
            -0.0022450850810855627,
            0.0007725079776719213,
            0.9999971985816956,
            0.03183896839618683
        ],
        [
            0.0,
            0.0,
            0.0,
            1.0
        ]
    ],
    "init_qpos": [],
    "target_points": [],
    "contact_points": [
        {
            "matrix": [
                [
                    0.9997599720954895,
                    -0.014349999837577343,
                    -0.016330000013113022,
                    -0.30877000093460083
                ],
                [
                    0.019029999151825905,
                    0.9407899975776672,
                    0.3384599983692169,
                    0.7692700028419495
                ],
                [
                    0.01051000040024519,
                    -0.33869001269340515,
                    0.9408400058746338,
                    -0.31567999720573425
                ],
                [
                    0.0,
                    0.0,
                    0.0,
                    1.0
                ]
            ],
            "base": "link_1"
        },
        {
            "matrix": [
                [
                    0.9997599720954895,
                    -0.014349999837577343,
                    -0.016330000013113022,
                    -0.30546998977661133
                ],
                [
                    0.019029999151825905,
                    0.9407899975776672,
                    0.3384599983692169,
                    0.7052099704742432
                ],
                [
                    0.01051000040024519,
                    -0.33869001269340515,
                    0.9408400058746338,
                    -0.5136299729347229
                ],
                [
                    0.0,
                    0.0,
                    0.0,
                    1.0
                ]
            ],
            "base": "link_1"
        },
        {
            "matrix": [
                [
                    -0.014340000227093697,
                    -0.016330000013113022,
                    0.9997599720954895,
                    -0.305510014295578
                ],
                [
                    0.9407899975776672,
                    0.3384700119495392,
                    0.019029999151825905,
                    0.7614099979400635
                ],
                [
                    -0.33869999647140503,
                    0.9408400058746338,
                    0.01051000040024519,
                    -0.3672400116920471
                ],
                [
                    0.0,
                    0.0,
                    0.0,
                    1.0
                ]
            ],
            "base": "link_1"
        },
        {
            "matrix": [
                [
                    7.999999797903001e-05,
                    -0.0001500000071246177,
                    1.0,
                    -2.9999999242136255e-05
                ],
                [
                    0.8632500171661377,
                    0.5047699809074402,
                    0.0,
                    -0.1344199925661087
                ],
                [
                    -0.5047699809074402,
                    0.8632500171661377,
                    0.00016999999934341758,
                    0.7039700150489807
                ],
                [
                    0.0,
                    0.0,
                    0.0,
                    1.0
                ]
            ],
            "base": "link_0"
        }
    ],
    "functional_points": [],
    "orientation_point": [],
    "contact_points_group": [
        [
            0,
            1
        ]
    ],
    "contact_points_mask": [
        true
    ],
    "target_points_discription": [],
    "contact_points_discription": [],
    "functional_points_discription": [],
    "orientation_point_discription": []
}