{
    "center": [
        0.0008172467243884321,
        0.03814048367178239,
        -0.0011298758841109897
    ],
    "extents": [
        0.09445320561549936,
        0.0919138697184135,
        0.07961105329605804
    ],
    "scale": [
        0.7,
        0.7,
        0.7
    ],
    "transform_matrix": [
        [
            1.0,
            0.0,
            0.0,
            0.0
        ],
        [
            0.0,
            1.0,
            0.0,
            0.0
        ],
        [
            0.0,
            0.0,
            1.0,
            0.0
        ],
        [
            0.0,
            0.0,
            0.0,
            1.0
        ]
    ],
    "target_pose": [],
    "contact_points_pose": [
        [
            [
                1.0,
                0.0,
                0.0,
                -0.0031500000040978193
            ],
            [
                0.0,
                1.0,
                0.0,
                0.040130000561475754
            ],
            [
                0.0,
                -0.0,
                1.0,
                -0.0022700000554323196
            ],
            [
                0.0,
                0.0,
                0.0,
                1.0
            ]
        ],
        [
            [
                -0.0,
                0.0,
                1.0,
                -0.0031500000040978193
            ],
            [
                -0.0,
                1.0,
                -0.0,
                0.040130000561475754
            ],
            [
                -1.0,
                0.0,
                0.0,
                -0.0022700000554323196
            ],
            [
                0.0,
                0.0,
                0.0,
                1.0
            ]
        ],
        [
            [
                -1.0,
                0.0,
                0.0,
                -0.0031500000040978193
            ],
            [
                0.0,
                1.0,
                -0.0,
                0.040130000561475754
            ],
            [
                0.0,
                -0.0,
                -1.0,
                -0.0022700000554323196
            ],
            [
                0.0,
                0.0,
                0.0,
                1.0
            ]
        ],
        [
            [
                -0.0,
                -0.0,
                -1.0,
                -0.0031500000040978193
            ],
            [
                0.0,
                1.0,
                -0.0,
                0.040130000561475754
            ],
            [
                1.0,
                0.0,
                0.0,
                -0.0022700000554323196
            ],
            [
                0.0,
                0.0,
                0.0,
                1.0
            ]
        ]
    ],
    "functional_matrix": [],
    "orientation_point": [],
    "contact_points_group": [
        [
            0,
            1,
            2,
            3
        ]
    ],
    "contact_points_mask": [
        true
    ],
    "target_point_discription": [],
    "contact_points_discription": [],
    "functional_point_discription": [],
    "orientation_point_discription": [],
    "stable": false
}