{
    "center": [
        0.0002129598969193613,
        0.10427735901568373,
        -0.000221432177022639
    ],
    "extents": [
        1.9179603875410902,
        0.2397474202052295,
        1.2044586323334041
    ],
    "scale": [
        0.16,
        0.16,
        0.16
    ],
    "transform_matrix": [
        [
            1.0,
            0.0,
            0.0,
            0.0
        ],
        [
            0.0,
            1.0,
            0.0,
            0.0
        ],
        [
            0.0,
            0.0,
            1.0,
            0.0
        ],
        [
            0.0,
            0.0,
            0.0,
            1.0
        ]
    ],
    "target_pose": [],
    "contact_points_pose": [],
    "functional_matrix": [
        [
            [
                1.0,
                0.0,
                0.0,
                -0.4507499933242798
            ],
            [
                0.0,
                -0.0,
                -1.0,
                0.05477999895811081
            ],
            [
                0.0,
                1.0,
                -0.0,
                -0.028230000287294388
            ],
            [
                0.0,
                0.0,
                0.0,
                1.0
            ]
        ],
        [
            [
                1.0,
                -0.0,
                -0.0,
                0.46663999557495117
            ],
            [
                -0.0,
                -0.0,
                -1.0,
                0.06499999761581421
            ],
            [
                0.0,
                1.0,
                -0.0,
                -0.060270000249147415
            ],
            [
                0.0,
                0.0,
                0.0,
                1.0
            ]
        ]
    ],
    "orientation_point": [],
    "contact_points_group": [],
    "contact_points_mask": [],
    "target_point_discription": [],
    "contact_points_discription": [],
    "functional_point_discription": [],
    "orientation_point_discription": [],
    "stable": true
}