{
    "center": [
        4.9604565148233836e-05,
        0.08050610352571347,
        -0.00016060631929182008
    ],
    "extents": [
        1.9188980599368566,
        0.19524852964741723,
        1.1687238219174492
    ],
    "scale": [
        0.16,
        0.16,
        0.16
    ],
    "transform_matrix": [
        [
            1.0,
            0.0,
            0.0,
            0.0
        ],
        [
            0.0,
            1.0,
            0.0,
            0.0
        ],
        [
            0.0,
            0.0,
            1.0,
            0.0
        ],
        [
            0.0,
            0.0,
            0.0,
            1.0
        ]
    ],
    "target_pose": [],
    "contact_points_pose": [],
    "functional_matrix": [
        [
            [
                1.0,
                -0.0,
                -0.0,
                -0.46577998995780945
            ],
            [
                -0.0,
                0.0,
                -1.0,
                0.030700000002980232
            ],
            [
                0.0,
                1.0,
                0.0,
                -0.000750000006519258
            ],
            [
                0.0,
                0.0,
                0.0,
                1.0
            ]
        ],
        [
            [
                1.0,
                -0.0,
                -0.0,
                0.4615600109100342
            ],
            [
                -0.0,
                0.0,
                -1.0,
                0.03051000088453293
            ],
            [
                0.0,
                1.0,
                0.0,
                -0.008390000090003014
            ],
            [
                0.0,
                0.0,
                0.0,
                1.0
            ]
        ]
    ],
    "orientation_point": [],
    "contact_points_group": [],
    "contact_points_mask": [],
    "target_point_discription": [],
    "contact_points_discription": [],
    "functional_point_discription": [],
    "orientation_point_discription": [],
    "stable": true
}