{
    "center": [
        4.2502842013344656e-05,
        0.11081986258359969,
        -0.00016900722806537343
    ],
    "extents": [
        1.9176602168867551,
        0.2569318760506849,
        1.4693542838926597
    ],
    "scale": [
        0.16,
        0.16,
        0.16
    ],
    "transform_matrix": [
        [
            1.0,
            0.0,
            0.0,
            0.0
        ],
        [
            0.0,
            1.0,
            0.0,
            0.0
        ],
        [
            0.0,
            0.0,
            1.0,
            0.0
        ],
        [
            0.0,
            0.0,
            0.0,
            1.0
        ]
    ],
    "target_pose": [],
    "contact_points_pose": [],
    "functional_matrix": [
        [
            [
                1.0,
                0.0,
                0.0,
                -0.43077999353408813
            ],
            [
                0.0,
                -0.0,
                -1.0,
                0.04851999878883362
            ],
            [
                0.0,
                1.0,
                -0.0,
                -0.022129999473690987
            ],
            [
                0.0,
                0.0,
                0.0,
                1.0
            ]
        ],
        [
            [
                1.0,
                0.0,
                0.0,
                0.3959200084209442
            ],
            [
                0.0,
                -0.0,
                -1.0,
                0.05115000158548355
            ],
            [
                0.0,
                1.0,
                -0.0,
                0.0106800002977252
            ],
            [
                0.0,
                0.0,
                0.0,
                1.0
            ]
        ]
    ],
    "orientation_point": [],
    "contact_points_group": [],
    "contact_points_mask": [],
    "target_point_discription": [],
    "contact_points_discription": [],
    "functional_point_discription": [],
    "orientation_point_discription": [],
    "stable": true
}