{
    "stable": true,
    "center": [
        0.00032136372938101703,
        0.953757312568494,
        0.0003365690924270649
    ],
    "extents": [
        2.557148873114895,
        1.9456959720392017,
        2.557577678481735
    ]
}