{
    "stable": true,
    "center": [
        2.672682155529254e-07,
        0.4102607239892964,
        -2.4929011667608443e-05
    ],
    "extents": [
        2.6971380473870594,
        0.8553130989635889,
        2.6968061879666885
    ]
}