{
    "stable": true,
    "center": [
        3.081926710408138e-05,
        0.6606230890483671,
        2.592459952243974e-05
    ],
    "extents": [
        2.6985712206205323,
        1.3565788815843276,
        2.698716712387827
    ]
}