{
    "stable": true,
    "center": [
        3.76046294914439e-05,
        0.6560230196331492,
        4.578067685203857e-05
    ],
    "extents": [
        2.026348301901238,
        1.3470450000347407,
        2.024290723952588
    ]
}