{
    "scale": 0.15,
    "transform_matrix": [
        [
            0.9999992847442627,
            0.001212974893860519,
            0.00012568286911118776,
            0
        ],
        [
            -0.0012129751266911626,
            0.9999992847442627,
            2.466493469910347e-06,
            0
        ],
        [
            -0.00012567978410515934,
            -2.6189420623268234e-06,
            1.0,
            0.004606128204613924
        ],
        [
            0.0,
            0.0,
            0.0,
            1.0
        ]
    ],
    "init_qpos": [],
    "target_points": [],
    "contact_points": [
        {
            "matrix": [
                [
                    0.9997900128364563,
                    -0.01508999988436699,
                    -0.013869999907910824,
                    -0.09997999668121338
                ],
                [
                    0.018160000443458557,
                    0.9658200144767761,
                    0.2585799992084503,
                    0.6888800263404846
                ],
                [
                    0.009499999694526196,
                    -0.25878000259399414,
                    0.9658899903297424,
                    -0.20903000235557556
                ],
                [
                    0.0,
                    0.0,
                    0.0,
                    1.0
                ]
            ],
            "base": "link_1"
        },
        {
            "matrix": [
                [
                    0.9997900128364563,
                    -0.0154600003734231,
                    -0.013439999893307686,
                    -0.09826000034809113
                ],
                [
                    0.018160000443458557,
                    0.972540020942688,
                    0.23201000690460205,
                    0.6303799748420715
                ],
                [
                    0.00949000008404255,
                    -0.2321999967098236,
                    0.9726200103759766,
                    -0.4205799996852875
                ],
                [
                    0.0,
                    0.0,
                    0.0,
                    1.0
                ]
            ],
            "base": "link_1"
        },
        {
            "matrix": [
                [
                    -0.015799999237060547,
                    -0.013439999893307686,
                    0.9997900128364563,
                    -0.10074000060558319
                ],
                [
                    0.972540020942688,
                    0.23199999332427979,
                    0.018489999696612358,
                    0.6702899932861328
                ],
                [
                    -0.2321999967098236,
                    0.9726200103759766,
                    0.009410000406205654,
                    -0.23441000282764435
                ],
                [
                    0.0,
                    0.0,
                    0.0,
                    1.0
                ]
            ],
            "base": "link_1"
        },
        {
            "matrix": [
                [
                    0.00011999999696854502,
                    -0.00019999999494757503,
                    1.0,
                    0.0
                ],
                [
                    0.8496500253677368,
                    0.5273399949073792,
                    0.0,
                    0.04224000126123428
                ],
                [
                    -0.5273399949073792,
                    0.8496500253677368,
                    0.0002300000051036477,
                    0.4558199942111969
                ],
                [
                    0.0,
                    0.0,
                    0.0,
                    1.0
                ]
            ],
            "base": "link_0"
        }
    ],
    "functional_points": [],
    "orientation_point": [],
    "contact_points_group": [
        [
            0,
            1
        ]
    ],
    "contact_points_mask": [
        true
    ],
    "target_points_discription": [],
    "contact_points_discription": [],
    "functional_points_discription": [],
    "orientation_point_discription": []
}