{"min": [-0.144508, -0.858896, -0.137251], "max": [0.141555, 0.991173, 0.148812]}