{
    "scale": 0.05,
    "transform_matrix": [
        [
            -0.4227794408798218,
            -0.5378138422966003,
            0.7293930053710938,
            0
        ],
        [
            -0.438430517911911,
            -0.5830156803131104,
            -0.6840115189552307,
            0
        ],
        [
            0.7931182384490967,
            -0.608974039554596,
            0.010692775249481201,
            0.008538900874555111
        ],
        [
            0.0,
            0.0,
            0.0,
            1.0
        ]
    ],
    "init_qpos": [],
    "target_points": [],
    "contact_points": [
        {
            "matrix": [
                [
                    0.0,
                    -1.0,
                    0.0,
                    0.0
                ],
                [
                    -1.0,
                    0.0,
                    -0.0,
                    0.0
                ],
                [
                    0.0,
                    0.0,
                    -1.0,
                    0.0
                ],
                [
                    0.0,
                    0.0,
                    0.0,
                    1.0
                ]
            ],
            "base": "link_1"
        },
        {
            "matrix": [
                [
                    -0.0,
                    -0.7071099877357483,
                    0.7071099877357483,
                    0.0
                ],
                [
                    -1.0,
                    0.0,
                    -0.0,
                    0.0
                ],
                [
                    -0.0,
                    -0.7071099877357483,
                    -0.7071099877357483,
                    0.0
                ],
                [
                    0.0,
                    0.0,
                    0.0,
                    1.0
                ]
            ],
            "base": "link_1"
        },
        {
            "matrix": [
                [
                    -0.0,
                    0.0,
                    1.0,
                    0.0
                ],
                [
                    -1.0,
                    -0.0,
                    -0.0,
                    0.0
                ],
                [
                    -0.0,
                    -1.0,
                    -0.0,
                    0.0
                ],
                [
                    0.0,
                    0.0,
                    0.0,
                    1.0
                ]
            ],
            "base": "link_1"
        },
        {
            "matrix": [
                [
                    -0.0,
                    0.7071099877357483,
                    0.7071099877357483,
                    0.0
                ],
                [
                    -1.0,
                    0.0,
                    0.0,
                    0.0
                ],
                [
                    -0.0,
                    -0.7071099877357483,
                    0.7071099877357483,
                    0.0
                ],
                [
                    0.0,
                    0.0,
                    0.0,
                    1.0
                ]
            ],
            "base": "link_1"
        },
        {
            "matrix": [
                [
                    0.0,
                    1.0,
                    -0.0,
                    0.0
                ],
                [
                    -1.0,
                    -0.0,
                    0.0,
                    0.0
                ],
                [
                    0.0,
                    -0.0,
                    1.0,
                    0.0
                ],
                [
                    0.0,
                    0.0,
                    0.0,
                    1.0
                ]
            ],
            "base": "link_1"
        },
        {
            "matrix": [
                [
                    -0.0,
                    0.7071099877357483,
                    -0.7071099877357483,
                    0.0
                ],
                [
                    -1.0,
                    0.0,
                    0.0,
                    0.0
                ],
                [
                    -0.0,
                    0.7071099877357483,
                    0.7071099877357483,
                    0.0
                ],
                [
                    0.0,
                    0.0,
                    0.0,
                    1.0
                ]
            ],
            "base": "link_1"
        },
        {
            "matrix": [
                [
                    -0.0,
                    -0.0,
                    -1.0,
                    0.0
                ],
                [
                    -1.0,
                    0.0,
                    0.0,
                    0.0
                ],
                [
                    -0.0,
                    1.0,
                    0.0,
                    0.0
                ],
                [
                    0.0,
                    0.0,
                    0.0,
                    1.0
                ]
            ],
            "base": "link_1"
        },
        {
            "matrix": [
                [
                    -0.0,
                    -0.7071099877357483,
                    -0.7071099877357483,
                    0.0
                ],
                [
                    -1.0,
                    0.0,
                    -0.0,
                    0.0
                ],
                [
                    -0.0,
                    0.7071099877357483,
                    -0.7071099877357483,
                    0.0
                ],
                [
                    0.0,
                    0.0,
                    0.0,
                    1.0
                ]
            ],
            "base": "link_1"
        },
        {
            "matrix": [
                [
                    -0.0,
                    -1.0,
                    -0.0,
                    -0.0
                ],
                [
                    -1.0,
                    -0.0,
                    -0.0,
                    -0.8799999952316284
                ],
                [
                    -0.0,
                    -0.0,
                    -1.0,
                    -0.0
                ],
                [
                    0.0,
                    0.0,
                    0.0,
                    1.0
                ]
            ],
            "base": "link_0"
        },
        {
            "matrix": [
                [
                    -0.0,
                    -0.7071099877357483,
                    0.7071099877357483,
                    -0.0
                ],
                [
                    -1.0,
                    -0.0,
                    0.0,
                    -0.8799999952316284
                ],
                [
                    -0.0,
                    -0.7071099877357483,
                    -0.7071099877357483,
                    -0.0
                ],
                [
                    0.0,
                    0.0,
                    0.0,
                    1.0
                ]
            ],
            "base": "link_0"
        },
        {
            "matrix": [
                [
                    -0.0,
                    -0.0,
                    1.0,
                    -0.0
                ],
                [
                    -1.0,
                    -0.0,
                    0.0,
                    -0.8799999952316284
                ],
                [
                    -0.0,
                    -1.0,
                    0.0,
                    -0.0
                ],
                [
                    0.0,
                    0.0,
                    0.0,
                    1.0
                ]
            ],