{"min": [-0.58877, -0.47974, -0.629718], "max": [0.598024, 0.936169, 0.935444]}