{
    "scale": 0.1,
    "transform_matrix": [
        [
            0.9949147701263428,
            -0.10072024166584015,
            1.3739712585447705e-06,
            0
        ],
        [
            0.10072024166584015,
            0.9949147701263428,
            -8.126494321913924e-07,
            0
        ],
        [
            -1.2851340898123453e-06,
            9.469035830989014e-07,
            1.0,
            0.04793919622898102
        ],
        [
            0.0,
            0.0,
            0.0,
            1.0
        ]
    ],
    "init_qpos": [
        0.0014549794141203165,
        -2.6626923499861732e-05
    ],
    "target_points": [],
    "contact_points": [
        {
            "matrix": [
                [
                    0.0007999999797903001,
                    -0.011370000429451466,
                    -0.9999399781227112,
                    -0.057089999318122864
                ],
                [
                    0.004519999958574772,
                    0.9999300241470337,
                    -0.011359999887645245,
                    0.7048799991607666
                ],
                [
                    0.9999899864196777,
                    -0.004509999882429838,
                    0.0008500000112690032,
                    0.5829899907112122
                ],
                [
                    0.0,
                    0.0,
                    0.0,
                    1.0
                ]
            ],
            "base": "link_1"
        }
    ],
    "functional_points": [
        {
            "matrix": [
                [
                    -0.18889999389648438,
                    -0.981220006942749,
                    0.038920000195503235,
                    -0.033890001475811005
                ],
                [
                    0.08935000002384186,
                    -0.05663999915122986,
                    -0.9943900108337402,
                    0.34595999121665955
                ],
                [
                    0.9779199957847595,
                    -0.1843699961900711,
                    0.09837000072002411,
                    0.8782600164413452
                ],
                [
                    0.0,
                    0.0,
                    0.0,
                    1.0
                ]
            ],
            "base": "link_2"
        }
    ],
    "orientation_point": [],
    "contact_points_group": [],
    "contact_points_mask": [],
    "target_points_discription": [],
    "contact_points_discription": [],
    "functional_points_discription": [],
    "orientation_point_discription": []
}