{"min": [-0.141579, -0.997302, -0.13871], "max": [0.142641, 0.938942, 0.145509]}