{
    "center": [
        0.00187074493521225,
        0.3973451765734149,
        -0.0001410693077892284
    ],
    "extents": [
        2.4931441294590604,
        0.8740414225015887,
        2.528683478919569
    ],
    "scale": [
        0.04,
        0.04,
        0.04
    ],
    "transform_matrix": [
        [
            1.0,
            0.0,
            0.0,
            0.0
        ],
        [
            0.0,
            1.0,
            0.0,
            0.0
        ],
        [
            0.0,
            0.0,
            1.0,
            0.0
        ],
        [
            0.0,
            0.0,
            0.0,
            1.0
        ]
    ],
    "target_pose": [],
    "contact_points_pose": [
        [
            [
                1.0,
                0.0,
                0.0,
                0.0
            ],
            [
                0.0,
                1.0,
                -0.0,
                0.5567399859428406
            ],
            [
                0.0,
                0.0,
                1.0,
                -0.0
            ],
            [
                0.0,
                0.0,
                0.0,
                1.0
            ]
        ],
        [
            [
                -0.0,
                0.0,
                1.0,
                0.0
            ],
            [
                -0.0,
                1.0,
                -0.0,
                0.5567399859428406
            ],
            [
                -1.0,
                0.0,
                0.0,
                -0.0
            ],
            [
                0.0,
                0.0,
                0.0,
                1.0
            ]
        ],
        [
            [
                -1.0,
                0.0,
                0.0,
                0.0
            ],
            [
                0.0,
                1.0,
                -0.0,
                0.5567399859428406
            ],
            [
                0.0,
                -0.0,
                -1.0,
                -0.0
            ],
            [
                0.0,
                0.0,
                0.0,
                1.0
            ]
        ],
        [
            [
                -0.0,
                -0.0,
                -1.0,
                0.0
            ],
            [
                0.0,
                1.0,
                -0.0,
                0.5567399859428406
            ],
            [
                1.0,
                0.0,
                0.0,
                -0.0
            ],
            [
                0.0,
                0.0,
                0.0,
                1.0
            ]
        ],
        [
            [
                -0.0,
                0.0,
                -1.0,
                -0.0
            ],
            [
                1.0,
                -0.0,
                -0.0,
                0.5335999727249146
            ],
            [
                -0.0,
                -1.0,
                0.0,
                -0.0
            ],
            [
                0.0,
                0.0,
                0.0,
                1.0
            ]
        ]
    ],
    "functional_matrix": [],
    "orientation_point": [],
    "contact_points_group": [
        [
            0,
            1,
            2,
            3
        ]
    ],
    "contact_points_mask": [
        true
    ],
    "target_point_discription": [],
    "contact_points_discription": [],
    "functional_point_discription": [],
    "orientation_point_discription": [],
    "stable": true
}