{
    "center": [
        -1.376868021152418e-05,
        0.9540962499664337,
        2.1012600786186266e-06
    ],
    "extents": [
        1.942270920745355,
        1.943137286864225,
        1.9411460719474103
    ],
    "scale": [
        0.03,
        0.03,
        0.03
    ],
    "transform_matrix": [
        [
            1.0,
            0.0,
            0.0,
            0.0
        ],
        [
            0.0,
            1.0,
            0.0,
            0.0
        ],
        [
            0.0,
            0.0,
            1.0,
            0.0
        ],
        [
            0.0,
            0.0,
            0.0,
            1.0
        ]
    ],
    "target_pose": [],
    "contact_points_pose": [
        [
            [
                1.0,
                0.0,
                0.0,
                0.0
            ],
            [
                0.0,
                1.0,
                -0.0,
                0.8522099852561951
            ],
            [
                0.0,
                0.0,
                1.0,
                -0.0
            ],
            [
                0.0,
                0.0,
                0.0,
                1.0
            ]
        ],
        [
            [
                -0.0,
                0.0,
                1.0,
                0.0
            ],
            [
                -0.0,
                1.0,
                -0.0,
                0.8522099852561951
            ],
            [
                -1.0,
                0.0,
                0.0,
                -0.0
            ],
            [
                0.0,
                0.0,
                0.0,
                1.0
            ]
        ],
        [
            [
                -1.0,
                0.0,
                0.0,
                0.0
            ],
            [
                0.0,
                1.0,
                -0.0,
                0.8522099852561951
            ],
            [
                0.0,
                -0.0,
                -1.0,
                -0.0
            ],
            [
                0.0,
                0.0,
                0.0,
                1.0
            ]
        ],
        [
            [
                -0.0,
                -0.0,
                -1.0,
                0.0
            ],
            [
                0.0,
                1.0,
                -0.0,
                0.8522099852561951
            ],
            [
                1.0,
                0.0,
                0.0,
                -0.0
            ],
            [
                0.0,
                0.0,
                0.0,
                1.0
            ]
        ],
        [
            [
                0.0049299998208880424,
                -0.9999899864196777,
                0.0012799999676644802,
                0.0
            ],
            [
                0.9999899864196777,
                0.0049299998208880424,
                -9.999999747378752e-06,
                0.7937099933624268
            ],
            [
                0.0,
                0.0012799999676644802,
                1.0,
                -0.0
            ],
            [
                0.0,
                0.0,
                0.0,
                1.0
            ]
        ],
        [
            [
                0.0049299998208880424,
                0.0012799999676644802,
                0.9999899864196777,
                0.0
            ],
            [
                0.9999899864196777,
                -9.999999747378752e-06,
                -0.0049299998208880424,
                0.7937099933624268
            ],
            [
                0.0,
                1.0,
                -0.0012799999676644802,
                -0.0
            ],
            [
                0.0,
                0.0,
                0.0,
                1.0
            ]
        ],
        [
            [
                0.0049299998208880424,
                0.9999899864196777,
                -0.0012799999676644802,
                0.0
            ],
            [
                0.9999899864196777,
                -0.0049299998208880424,
                9.999999747378752e-06,
                0.7937099933624268
            ],
            [
                0.0,
                -0.0012799999676644802,
                -1.0,
                -0.0
            ],
            [
                0.0,
                0.0,
                0.0,
                1.0
            ]
        ],
        [
            [
                0.0049299998208880424,
                -0.0012799999676644802,
                -0.9999899864196777,
                0.0
            ],
            [
                0.9999899864196777,
                9.999999747378752e-06,
                0.0049299998208880424,
                0.7937099933624268
            ],
            [
                0.0,
                -1.0,
                0.0012799999676644802,
                -0.0
            ],
            [
                0.0,
                0.0,
                0.0,
                1.0
            ]
        ]
    ],
    "functional_matrix": [],
    "orientation_point": [],
    "contact_points_group": [
        [
            0,
            1,
            2,
            3
        ],
        [
            4,
            5,
            6,
            7
        ]
    ],
    "contact_points_mask": [
        true,
        true
    ],
    "target_point_discription": [],
    "contact_points_discription": [],
    "functional_point_discription": [],
    "orientation_point_discription": [],
    "stable": true
}