{
    "center": [
        -0.0014209840433397898,
        0.9503852562138372,
        -0.0004739932237086626
    ],
    "extents": [
        1.0288643361780991,
        1.9377221053136866,
        1.025883983560434
    ],
    "scale": [
        0.08,
        0.08,
        0.08
    ],
    "transform_matrix": [
        [
            1.0,
            0.0,
            0.0,
            0.0
        ],
        [
            0.0,
            1.0,
            0.0,
            0.0
        ],
        [
            0.0,
            0.0,
            1.0,
            0.0
        ],
        [
            0.0,
            0.0,
            0.0,
            1.0
        ]
    ],
    "target_pose": [],
    "contact_points_pose": [
        [
            [
                -0.011900000274181366,
                -0.9999300241470337,
                0.0,
                0.0
            ],
            [
                0.9999300241470337,
                -0.011900000274181366,
                0.0,
                0.9059799909591675
            ],
            [
                -0.0,
                0.0,
                1.0,
                -0.0
            ],
            [
                0.0,
                0.0,
                0.0,
                1.0
            ]
        ],
        [
            [
                -0.011900000274181366,
                -0.7070500254631042,
                0.7070599794387817,
                0.0
            ],
            [
                0.9999300241470337,
                -0.008419999852776527,
                0.008419999852776527,
                0.9059799909591675
            ],
            [
                -0.0,
                0.7071099877357483,
                0.707099974155426,
                -0.0
            ],
            [
                0.0,
                0.0,
                0.0,
                1.0
            ]
        ],
        [
            [
                -0.011900000274181366,
                0.0,
                0.9999300241470337,
                0.0
            ],
            [
                0.9999300241470337,
                0.0,
                0.011900000274181366,
                0.9059799909591675
            ],
            [
                -0.0,
                1.0,
                -0.0,
                -0.0
            ],
            [
                0.0,
                0.0,
                0.0,
                1.0
            ]
        ],
        [
            [
                -0.011900000274181366,
                0.7070599794387817,
                0.7070500254631042,
                0.0
            ],
            [
                0.9999300241470337,
                0.008419999852776527,
                0.008419999852776527,
                0.9059799909591675
            ],
            [
                -0.0,
                0.707099974155426,
                -0.7071099877357483,
                -0.0
            ],
            [
                0.0,
                0.0,
                0.0,
                1.0
            ]
        ],
        [
            [
                -0.011900000274181366,
                0.9999300241470337,
                -0.0,
                0.0
            ],
            [
                0.9999300241470337,
                0.011900000274181366,
                -0.0,
                0.9059799909591675
            ],
            [
                -0.0,
                -0.0,
                -1.0,
                -0.0
            ],
            [
                0.0,
                0.0,
                0.0,
                1.0
            ]
        ],
        [
            [
                -0.011900000274181366,
                0.7070500254631042,
                -0.7070599794387817,
                0.0
            ],
            [
                0.9999300241470337,
                0.008419999852776527,
                -0.008419999852776527,
                0.9059799909591675
            ],
            [
                -0.0,
                -0.7071099877357483,
                -0.707099974155426,
                -0.0
            ],
            [
                0.0,
                0.0,
                0.0,
                1.0
            ]
        ],
        [
            [
                -0.011900000274181366,
                -0.0,
                -0.9999300241470337,
                0.0
            ],
            [
                0.9999300241470337,
                -0.0,
                -0.011900000274181366,
                0.9059799909591675
            ],
            [
                -0.0,
                -1.0,
                0.0,
                -0.0
            ],
            [
                0.0,
                0.0,
                0.0,
                1.0
            ]
        ],
        [
            [
                -0.011900000274181366,
                -0.7070599794387817,
                -0.7070500254631042,
                0.0
            ],
            [
                0.9999300241470337,
                -0.008419999852776527,
                -0.008419999852776527,
                0.9059799909591675
            ],
            [
                -0.0,
                -0.707099974155426,
                0.7071099877357483,
                -0.0
            ],
            [
                0.0,
                0.0,
                0.0,
                1.0
            ]
        ],
        [
            [
                1.0,
                0.0,
                0.0,
                0.0
            ],
            [
                0.0,
                1.0,
                -0.0,
                1.5707000494003296
            ],
            [
                0.0,
                0.0,
                1.0,
                -0.0
            ],
            [
                0.0,
                0.0,
                0.0,
                1.0
            ]
        ],
        [
            [
                0.7071099877357483,
                0.0,
                0.7071099877357483,
                0.0
            ],
            [
                -0.0,
                1.0,
                -0.0,
                1.5707000494003296
            ],
            [
                -0.7071099877357483,
                0.0,
                0.7071099877357483,
                -0.0
            ],
            [
                0.0,
                0.0,
                0.0,
                1.0
            ]
        ],
        [
            [
                -0.0,
                0.0,
                1.0,
                0.0
            ],
            [
                -0.0,
                1.0,
                -0.0,
                1.5707000494003296
            ],
            [
                -1.0,
                0.0,
                0.0,
                -0.0
            ],
            [
                0.0,
                0.0,
                0.0,
                1.0
            ]
        ],
        [
            [
                -0.7071099877357483,
                0.0,
                0.7071099877357483,
                0.0
            ],
            [
                -0.0,
                1.0,
                -0.0,
                1.5707000494003296
            ],
            [
                -0.7071099877357483,
                0.0,
                -0.7071099877357483,
                -0.0
            ],
            [
                0.0,
                0.0,
                0.0,
                1.0
            ]
        ],
        [
            [
                -1.0,
                0.0,
                0.0,
                0.0
            ],
            [
                0.0,
                1.0,
                -0.0,
                1.5707000494003296
            ],
            [
                0.0,
                -0.0,
                -1.0,
                -0.0
            ],
            [
                0.0,
                0.0,
                0.0,
                1.0
            ]
        ],
        [
            [
