{
    "center": [
        -3.7059493595554643e-06,
        0.9500868071223514,
        -4.802342060940749e-06
    ],
    "extents": [
        1.338167358763716,
        1.9351848142509498,
        1.338103507178999
    ],
    "scale": [
        0.08,
        0.08,
        0.08
    ],
    "transform_matrix": [
        [
            1.0,
            0.0,
            0.0,
            0.0
        ],
        [
            0.0,
            1.0,
            0.0,
            0.0
        ],
        [
            0.0,
            0.0,
            1.0,
            0.0
        ],
        [
            0.0,
            0.0,
            0.0,
            1.0
        ]
    ],
    "target_pose": [],
    "contact_points_pose": [
        [
            [
                -0.011900000274181366,
                -0.9999300241470337,
                0.0,
                0.0
            ],
            [
                0.9999300241470337,
                -0.011900000274181366,
                0.0,
                0.9059799909591675
            ],
            [
                -0.0,
                0.0,
                1.0,
                -0.0
            ],
            [
                0.0,
                0.0,
                0.0,
                1.0
            ]
        ],
        [
            [
                -0.011900000274181366,
                -0.7070500254631042,
                0.7070599794387817,
                0.0
            ],
            [
                0.9999300241470337,
                -0.008419999852776527,
                0.008419999852776527,
                0.9059799909591675
            ],
            [
                -0.0,
                0.7071099877357483,
                0.707099974155426,
                -0.0
            ],
            [
                0.0,
                0.0,
                0.0,
                1.0
            ]
        ],
        [
            [
                -0.011900000274181366,
                0.0,
                0.9999300241470337,
                0.0
            ],
            [
                0.9999300241470337,
                0.0,
                0.011900000274181366,
                0.9059799909591675
            ],
            [
                -0.0,
                1.0,
                -0.0,
                -0.0
            ],
            [
                0.0,
                0.0,
                0.0,
                1.0
            ]
        ],
        [
            [
                -0.011900000274181366,
                0.7070599794387817,
                0.7070500254631042,
                0.0
            ],
            [
                0.9999300241470337,
                0.008419999852776527,
                0.008419999852776527,
                0.9059799909591675
            ],
            [
                -0.0,
                0.707099974155426,
                -0.7071099877357483,
                -0.0
            ],
            [
                0.0,
                0.0,
                0.0,
                1.0
            ]
        ],
        [
            [
                -0.011900000274181366,
                0.9999300241470337,
                -0.0,
                0.0
            ],
            [
                0.9999300241470337,
                0.011900000274181366,
                -0.0,
                0.9059799909591675
            ],
            [
                -0.0,
                -0.0,
                -1.0,
                -0.0
            ],
            [
                0.0,
                0.0,
                0.0,
                1.0
            ]
        ],
        [
            [
                -0.011900000274181366,
                0.7070500254631042,
                -0.7070599794387817,
                0.0
            ],
            [
                0.9999300241470337,
                0.008419999852776527,
                -0.008419999852776527,
                0.9059799909591675
            ],
            [
                -0.0,
                -0.7071099877357483,
                -0.707099974155426,
                -0.0
            ],
            [
                0.0,
                0.0,
                0.0,
                1.0
            ]
        ],
        [
            [
                -0.011900000274181366,
                -0.0,
                -0.9999300241470337,
                0.0
            ],
            [
                0.9999300241470337,
                -0.0,
                -0.011900000274181366,
                0.9059799909591675
            ],
            [
                -0.0,
                -1.0,
                0.0,
                -0.0
            ],
            [
                0.0,
                0.0,
                0.0,
                1.0
            ]
        ],
        [
            [
                -0.011900000274181366,
                -0.7070599794387817,
                -0.7070500254631042,
                0.0
            ],
            [
                0.9999300241470337,
                -0.008419999852776527,
                -0.008419999852776527,
                0.9059799909591675
            ],
            [
                -0.0,
                -0.707099974155426,
                0.7071099877357483,
                -0.0
            ],
            [
                0.0,
                0.0,
                0.0,
                1.0
            ]
        ],
        [
            [
                1.0,
                0.0,
                0.0,
                0.0
            ],
            [
                0.0,
                1.0,
                -0.0,
                1.5593299865722656
            ],
            [
                0.0,
                0.0,
                1.0,
                -0.0
            ],
            [
                0.0,
                0.0,
                0.0,
                1.0
            ]
        ],
        [
            [
                0.7071099877357483,
                0.0,
                0.7071099877357483,
                0.0
            ],
            [
                -0.0,
                1.0,
                -0.0,
                1.5593299865722656
            ],
            [
                -0.7071099877357483,
                0.0,
                0.7071099877357483,
                -0.0
            ],
            [
                0.0,
                0.0,
                0.0,
                1.0
            ]
        ],
        [
            [
                -0.0,
                0.0,
                1.0,
                0.0
            ],
            [
                -0.0,
                1.0,
                -0.0,
                1.5593299865722656
            ],
            [
                -1.0,
                0.0,
                0.0,
                -0.0
            ],
            [
                0.0,
                0.0,
                0.0,
                1.0
            ]
        ],
        [
            [
                -0.7071099877357483,
                0.0,
                0.7071099877357483,
                0.0
            ],
            [
                -0.0,
                1.0,
                -0.0,
                1.5593299865722656
            ],
            [
                -0.7071099877357483,
                0.0,
                -0.7071099877357483,
                -0.0
            ],
            [
                0.0,
                0.0,
                0.0,
                1.0
            ]
        ],
        [
            [
                -1.0,
                0.0,
                0.0,
                0.0
            ],
            [
                0.0,
                1.0,
                -0.0,
                1.5593299865722656
            ],
            [
                0.0,
                -0.0,
                -1.0,
                -0.0
            ],
            [
                0.0,
                0.0,
                0.0,
                1.0
            ]
        ],
        [
            [
