{
    "center": [
        -8.038762578830308e-05,
        0.950003968563762,
        0.002458186303904902
    ],
    "extents": [
        1.2108583551857037,
        1.9469777010369271,
        1.2252306445436603
    ],
    "scale": [
        0.08,
        0.08,
        0.08
    ],
    "transform_matrix": [
        [
            1.0,
            0.0,
            0.0,
            0.0
        ],
        [
            0.0,
            1.0,
            0.0,
            0.0
        ],
        [
            0.0,
            0.0,
            1.0,
            0.0
        ],
        [
            0.0,
            0.0,
            0.0,
            1.0
        ]
    ],
    "target_pose": [],
    "contact_points_pose": [
        [
            [
                -0.011900000274181366,
                -0.9999300241470337,
                0.0,
                0.0
            ],
            [
                0.9999300241470337,
                -0.011900000274181366,
                0.0,
                0.9059799909591675
            ],
            [
                -0.0,
                0.0,
                1.0,
                -0.0
            ],
            [
                0.0,
                0.0,
                0.0,
                1.0
            ]
        ],
        [
            [
                -0.011900000274181366,
                -0.7070500254631042,
                0.7070599794387817,
                0.0
            ],
            [
                0.9999300241470337,
                -0.008419999852776527,
                0.008419999852776527,
                0.9059799909591675
            ],
            [
                -0.0,
                0.7071099877357483,
                0.707099974155426,
                -0.0
            ],
            [
                0.0,
                0.0,
                0.0,
                1.0
            ]
        ],
        [
            [
                -0.011900000274181366,
                0.0,
                0.9999300241470337,
                0.0
            ],
            [
                0.9999300241470337,
                0.0,
                0.011900000274181366,
                0.9059799909591675
            ],
            [
                -0.0,
                1.0,
                -0.0,
                -0.0
            ],
            [
                0.0,
                0.0,
                0.0,
                1.0
            ]
        ],
        [
            [
                -0.011900000274181366,
                0.7070599794387817,
                0.7070500254631042,
                0.0
            ],
            [
                0.9999300241470337,
                0.008419999852776527,
                0.008419999852776527,
                0.9059799909591675
            ],
            [
                -0.0,
                0.707099974155426,
                -0.7071099877357483,
                -0.0
            ],
            [
                0.0,
                0.0,
                0.0,
                1.0
            ]
        ],
        [
            [
                -0.011900000274181366,
                0.9999300241470337,
                -0.0,
                0.0
            ],
            [
                0.9999300241470337,
                0.011900000274181366,
                -0.0,
                0.9059799909591675
            ],
            [
                -0.0,
                -0.0,
                -1.0,
                -0.0
            ],
            [
                0.0,
                0.0,
                0.0,
                1.0
            ]
        ],
        [
            [
                -0.011900000274181366,
                0.7070500254631042,
                -0.7070599794387817,
                0.0
            ],
            [
                0.9999300241470337,
                0.008419999852776527,
                -0.008419999852776527,
                0.9059799909591675
            ],
            [
                -0.0,
                -0.7071099877357483,
                -0.707099974155426,
                -0.0
            ],
            [
                0.0,
                0.0,
                0.0,
                1.0
            ]
        ],
        [
            [
                -0.011900000274181366,
                -0.0,
                -0.9999300241470337,
                0.0
            ],
            [
                0.9999300241470337,
                -0.0,
                -0.011900000274181366,
                0.9059799909591675
            ],
            [
                -0.0,
                -1.0,
                0.0,
                -0.0
            ],
            [
                0.0,
                0.0,
                0.0,
                1.0
            ]
        ],
        [
            [
                -0.011900000274181366,
                -0.7070599794387817,
                -0.7070500254631042,
                0.0
            ],
            [
                0.9999300241470337,
                -0.008419999852776527,
                -0.008419999852776527,
                0.9059799909591675
            ],
            [
                -0.0,
                -0.707099974155426,
                0.7071099877357483,
                -0.0
            ],
            [
                0.0,
                0.0,
                0.0,
                1.0
            ]
        ],
        [
            [
                1.0,
                0.0,
                0.0,
                0.0
            ],
            [
                0.0,
                1.0,
                -0.0,
                1.5603300333023071
            ],
            [
                0.0,
                0.0,
                1.0,
                -0.0
            ],
            [
                0.0,
                0.0,
                0.0,
                1.0
            ]
        ],
        [
            [
                0.7071099877357483,
                0.0,
                0.7071099877357483,
                0.0
            ],
            [
                -0.0,
                1.0,
                -0.0,
                1.5603300333023071
            ],
            [
                -0.7071099877357483,
                0.0,
                0.7071099877357483,
                -0.0
            ],
            [
                0.0,
                0.0,
                0.0,
                1.0
            ]
        ],
        [
            [
                -0.0,
                0.0,
                1.0,
                0.0
            ],
            [
                -0.0,
                1.0,
                -0.0,
                1.5603300333023071
            ],
            [
                -1.0,
                0.0,
                0.0,
                -0.0
            ],
            [
                0.0,
                0.0,
                0.0,
                1.0
            ]
        ],
        [
            [
                -0.7071099877357483,
                0.0,
                0.7071099877357483,
                0.0
            ],
            [
                -0.0,
                1.0,
                -0.0,
                1.5603300333023071
            ],
            [
                -0.7071099877357483,
                0.0,
                -0.7071099877357483,
                -0.0
            ],
            [
                0.0,
                0.0,
                0.0,
                1.0
            ]
        ],
        [
            [
                -1.0,
                0.0,
                0.0,
                0.0
            ],
            [
                0.0,
                1.0,
                -0.0,
                1.5603300333023071
            ],
            [
                0.0,
                -0.0,
                -1.0,
                -0.0
            ],
            [
                0.0,
                0.0,
                0.0,
                1.0
            ]
        ],
        [
            [
