{
    "stable": true,
    "center": [
        0.015427485729195858,
        0.23058362296258095,
        0.08475027261426467
    ],
    "extents": [
        2.381172829915061,
        0.5281571668835747,
        2.384358427650481
    ]
}