{
    "stable": true,
    "center": [
        -0.0005162034106438754,
        0.24587271516241524,
        -0.010732325592679419
    ],
    "extents": [
        2.4657267433349386,
        0.5271867107726621,
        2.4693715349408114
    ]
}