{
    "stable": false,
    "center": [
        0.04646675846829003,
        0.322729276850826,
        -0.11065653869964141
    ],
    "extents": [
        2.1783469477248065,
        0.7124164275542914,
        2.300954934795861
    ]
}