{
    "stable": true,
    "center": [
        -0.0024587997874679036,
        0.27349704934927177,
        0.07970278498148688
    ],
    "extents": [
        2.489965677663755,
        0.5807843507881925,
        2.4912093971055587
    ]
}