{"min": [-0.05485, -0.998866, -0.059739], "max": [0.058121, 0.989196, 0.086963]}