{
    "center": [
        -0.0013968216380844513,
        0.5092860875701611,
        -0.0002902039121157478
    ],
    "extents": [
        0.7193404700477332,
        1.0582979626126603,
        1.932471645399001
    ],
    "scale": [
        0.1,
        0.1,
        0.1
    ],
    "transform_matrix": [
        [
            1.0,
            0.0,
            0.0,
            0.0
        ],
        [
            0.0,
            1.0,
            0.0,
            0.0
        ],
        [
            0.0,
            0.0,
            1.0,
            0.0
        ],
        [
            0.0,
            0.0,
            0.0,
            1.0
        ]
    ],
    "target_pose": [],
    "contact_points_pose": [],
    "functional_matrix": [
        [
            [
                1.0,
                0.0,
                0.0,
                -0.018139999359846115
            ],
            [
                0.0,
                1.0,
                0.0,
                0.7369899749755859
            ],
            [
                0.0,
                -0.0,
                1.0,
                -0.2699500024318695
            ],
            [
                0.0,
                0.0,
                0.0,
                1.0
            ]
        ],
        [
            [
                1.0,
                0.0,
                0.0,
                7.999999797903001e-05
            ],
            [
                0.0,
                1.0,
                0.0,
                0.725629985332489
            ],
            [
                0.0,
                -0.0,
                1.0,
                0.2570199966430664
            ],
            [
                0.0,
                0.0,
                0.0,
                1.0
            ]
        ]
    ],
    "orientation_point": [],
    "contact_points_group": [],
    "contact_points_mask": [],
    "target_point_discription": [],
    "contact_points_discription": [],
    "functional_point_discription": [],
    "orientation_point_discription": [],
    "stable": true
}