{
    "center": [
        -7.100698502976793e-05,
        0.43885085622801673,
        0.0009048141858569638
    ],
    "extents": [
        1.9285866709145423,
        0.913895658018254,
        0.6229487138615882
    ],
    "scale": [
        0.1,
        0.1,
        0.1
    ],
    "transform_matrix": [
        [
            1.0,
            0.0,
            0.0,
            0.0
        ],
        [
            0.0,
            1.0,
            0.0,
            0.0
        ],
        [
            0.0,
            0.0,
            1.0,
            0.0
        ],
        [
            0.0,
            0.0,
            0.0,
            1.0
        ]
    ],
    "target_pose": [],
    "contact_points_pose": [],
    "functional_matrix": [
        [
            [
                1.0,
                0.0,
                0.0,
                -0.2249699980020523
            ],
            [
                0.0,
                1.0,
                0.0,
                0.5705900192260742
            ],
            [
                0.0,
                -0.0,
                1.0,
                -0.0
            ],
            [
                0.0,
                0.0,
                0.0,
                1.0
            ]
        ],
        [
            [
                1.0,
                0.0,
                0.0,
                0.22394999861717224
            ],
            [
                0.0,
                1.0,
                0.0,
                0.557449996471405
            ],
            [
                0.0,
                -0.0,
                1.0,
                -0.0
            ],
            [
                0.0,
                0.0,
                0.0,
                1.0
            ]
        ]
    ],
    "orientation_point": [],
    "contact_points_group": [],
    "contact_points_mask": [],
    "target_point_discription": [],
    "contact_points_discription": [],
    "functional_point_discription": [],
    "orientation_point_discription": [],
    "stable": true
}