{
    "center": [
        -0.00017798971418699685,
        0.9504971959015499,
        -3.021927887358544e-05
    ],
    "extents": [
        1.5927169864165873,
        1.9363459489761423,
        1.5891275520419432
    ],
    "scale": [
        0.05,
        0.05,
        0.05
    ],
    "transform_matrix": [
        [
            1.0,
            0.0,
            0.0,
            0.0
        ],
        [
            0.0,
            1.0,
            0.0,
            0.0
        ],
        [
            0.0,
            0.0,
            1.0,
            0.0
        ],
        [
            0.0,
            0.0,
            0.0,
            1.0
        ]
    ],
    "target_pose": [],
    "contact_points_pose": [
        [
            [
                -0.002400000113993883,
                -1.0,
                0.0,
                0.0
            ],
            [
                1.0,
                -0.002400000113993883,
                0.0,
                0.6101899743080139
            ],
            [
                -0.0,
                0.0,
                1.0,
                -0.0
            ],
            [
                0.0,
                0.0,
                0.0,
                1.0
            ]
        ],
        [
            [
                -0.002400000113993883,
                -0.707099974155426,
                0.7071099877357483,
                0.0
            ],
            [
                1.0,
                -0.0017000000225380063,
                0.0017000000225380063,
                0.6101899743080139
            ],
            [
                -0.0,
                0.7071099877357483,
                0.707099974155426,
                -0.0
            ],
            [
                0.0,
                0.0,
                0.0,
                1.0
            ]
        ],
        [
            [
                -0.002400000113993883,
                0.0,
                1.0,
                0.0
            ],
            [
                1.0,
                0.0,
                0.002400000113993883,
                0.6101899743080139
            ],
            [
                -0.0,
                1.0,
                -0.0,
                -0.0
            ],
            [
                0.0,
                0.0,
                0.0,
                1.0
            ]
        ],
        [
            [
                -0.002400000113993883,
                0.7071099877357483,
                0.707099974155426,
                0.0
            ],
            [
                1.0,
                0.0017000000225380063,
                0.0017000000225380063,
                0.6101899743080139
            ],
            [
                -0.0,
                0.707099974155426,
                -0.7071099877357483,
                -0.0
            ],
            [
                0.0,
                0.0,
                0.0,
                1.0
            ]
        ],
        [
            [
                -0.002400000113993883,
                1.0,
                -0.0,
                0.0
            ],
            [
                1.0,
                0.002400000113993883,
                -0.0,
                0.6101899743080139
            ],
            [
                -0.0,
                -0.0,
                -1.0,
                -0.0
            ],
            [
                0.0,
                0.0,
                0.0,
                1.0
            ]
        ],
        [
            [
                -0.002400000113993883,
                0.707099974155426,
                -0.7071099877357483,
                0.0
            ],
            [
                1.0,
                0.0017000000225380063,
                -0.0017000000225380063,
                0.6101899743080139
            ],
            [
                -0.0,
                -0.7071099877357483,
                -0.707099974155426,
                -0.0
            ],
            [
                0.0,
                0.0,
                0.0,
                1.0
            ]
        ],
        [
            [
                -0.002400000113993883,
                -0.0,
                -1.0,
                0.0
            ],
            [
                1.0,
                -0.0,
                -0.002400000113993883,
                0.6101899743080139
            ],
            [
                -0.0,
                -1.0,
                0.0,
                -0.0
            ],
            [
                0.0,
                0.0,
                0.0,
                1.0
            ]
        ],
        [
            [
                -0.002400000113993883,
                -0.7071099877357483,
                -0.707099974155426,
                0.0
            ],
            [
                1.0,
                -0.0017000000225380063,
                -0.0017000000225380063,
                0.6101899743080139
            ],
            [
                -0.0,
                -0.707099974155426,
                0.7071099877357483,
                -0.0
            ],
            [
                0.0,
                0.0,
                0.0,
                1.0
            ]
        ]
    ],
    "functional_matrix": [],
    "orientation_point": [],
    "contact_points_group": [
        [
            0,
            1,
            2,
            3,
            4,
            5,
            6,
            7
        ]
    ],
    "contact_points_mask": [
        true
    ],
    "target_point_discription": [],
    "contact_points_discription": [],
    "functional_point_discription": [],
    "orientation_point_discription": [],
    "stable": true
}