{
    "center": [
        3.7838675184216594e-05,
        0.9516455330585816,
        3.1791645610504557e-06
    ],
    "extents": [
        1.7120337696023542,
        1.9382512672835315,
        1.7009931031907268
    ],
    "scale": [
        0.04,
        0.04,
        0.04
    ],
    "transform_matrix": [
        [
            1.0,
            0.0,
            0.0,
            0.0
        ],
        [
            0.0,
            1.0,
            0.0,
            0.0
        ],
        [
            0.0,
            0.0,
            1.0,
            0.0
        ],
        [
            0.0,
            0.0,
            0.0,
            1.0
        ]
    ],
    "target_pose": [],
    "contact_points_pose": [
        [
            [
                -0.002400000113993883,
                -1.0,
                0.0,
                0.0
            ],
            [
                1.0,
                -0.002400000113993883,
                0.0,
                0.6101899743080139
            ],
            [
                -0.0,
                0.0,
                1.0,
                -0.0
            ],
            [
                0.0,
                0.0,
                0.0,
                1.0
            ]
        ],
        [
            [
                -0.002400000113993883,
                -0.707099974155426,
                0.7071099877357483,
                0.0
            ],
            [
                1.0,
                -0.0017000000225380063,
                0.0017000000225380063,
                0.6101899743080139
            ],
            [
                -0.0,
                0.7071099877357483,
                0.707099974155426,
                -0.0
            ],
            [
                0.0,
                0.0,
                0.0,
                1.0
            ]
        ],
        [
            [
                -0.002400000113993883,
                0.0,
                1.0,
                0.0
            ],
            [
                1.0,
                0.0,
                0.002400000113993883,
                0.6101899743080139
            ],
            [
                -0.0,
                1.0,
                -0.0,
                -0.0
            ],
            [
                0.0,
                0.0,
                0.0,
                1.0
            ]
        ],
        [
            [
                -0.002400000113993883,
                0.7071099877357483,
                0.707099974155426,
                0.0
            ],
            [
                1.0,
                0.0017000000225380063,
                0.0017000000225380063,
                0.6101899743080139
            ],
            [
                -0.0,
                0.707099974155426,
                -0.7071099877357483,
                -0.0
            ],
            [
                0.0,
                0.0,
                0.0,
                1.0
            ]
        ],
        [
            [
                -0.002400000113993883,
                1.0,
                -0.0,
                0.0
            ],
            [
                1.0,
                0.002400000113993883,
                -0.0,
                0.6101899743080139
            ],
            [
                -0.0,
                -0.0,
                -1.0,
                -0.0
            ],
            [
                0.0,
                0.0,
                0.0,
                1.0
            ]
        ],
        [
            [
                -0.002400000113993883,
                0.707099974155426,
                -0.7071099877357483,
                0.0
            ],
            [
                1.0,
                0.0017000000225380063,
                -0.0017000000225380063,
                0.6101899743080139
            ],
            [
                -0.0,
                -0.7071099877357483,
                -0.707099974155426,
                -0.0
            ],
            [
                0.0,
                0.0,
                0.0,
                1.0
            ]
        ],
        [
            [
                -0.002400000113993883,
                -0.0,
                -1.0,
                0.0
            ],
            [
                1.0,
                -0.0,
                -0.002400000113993883,
                0.6101899743080139
            ],
            [
                -0.0,
                -1.0,
                0.0,
                -0.0
            ],
            [
                0.0,
                0.0,
                0.0,
                1.0
            ]
        ],
        [
            [
                -0.002400000113993883,
                -0.7071099877357483,
                -0.707099974155426,
                0.0
            ],
            [
                1.0,
                -0.0017000000225380063,
                -0.0017000000225380063,
                0.6101899743080139
            ],
            [
                -0.0,
                -0.707099974155426,
                0.7071099877357483,
                -0.0
            ],
            [
                0.0,
                0.0,
                0.0,
                1.0
            ]
        ]
    ],
    "functional_matrix": [],
    "orientation_point": [],
    "contact_points_group": [
        [
            0,
            1,
            2,
            3,
            4,
            5,
            6,
            7
        ]
    ],
    "contact_points_mask": [
        true
    ],
    "target_point_discription": [],
    "contact_points_discription": [],
    "functional_point_discription": [],
    "orientation_point_discription": [],
    "stable": true
}