{
    "scale": 0.15,
    "transform_matrix": [
        [
            0.9999992251396179,
            0.0012500160373747349,
            -2.560520442784764e-06,
            0
        ],
        [
            -0.0012500160373747349,
            0.9999992251396179,
            -7.60526233989367e-07,
            0
        ],
        [
            2.5595677470846567e-06,
            7.637262910975551e-07,
            1.0,
            0.025922708213329315
        ],
        [
            0.0,
            0.0,
            0.0,
            1.0
        ]
    ],
    "init_qpos": [],
    "target_points": [],
    "contact_points": [
        {
            "matrix": [
                [
                    0.9997900128364563,
                    -0.006140000186860561,
                    -0.019530000165104866,
                    -0.09933999925851822
                ],
                [
                    0.018160000443458557,
                    0.7062299847602844,
                    0.7077500224113464,
                    0.5721399784088135
                ],
                [
                    0.009449999779462814,
                    -0.7079600095748901,
                    0.7061899900436401,
                    -0.5784299969673157
                ],
                [
                    0.0,
                    0.0,
                    0.0,
                    1.0
                ]
            ],
            "base": "link_1"
        },
        {
            "matrix": [
                [
                    0.9997900128364563,
                    -0.005940000060945749,
                    -0.019589999690651894,
                    -0.09465999901294708
                ],
                [
                    0.018160000443458557,
                    0.6991999745368958,
                    0.7146999835968018,
                    0.41749000549316406
                ],
                [
                    0.009449999779462814,
                    -0.714900016784668,
                    0.6991599798202515,
                    -0.7281000018119812
                ],
                [
                    0.0,
                    0.0,
                    0.0,
                    1.0
                ]
            ],
            "base": "link_1"
        },
        {
            "matrix": [
                [
                    -0.005940000060945749,
                    -0.019589999690651894,
                    0.9997900128364563,
                    -0.09860000014305115
                ],
                [
                    0.6989499926567078,
                    0.7149400115013123,
                    0.018160000443458557,
                    0.570930004119873
                ],
                [
                    -0.715149998664856,
                    0.6989099979400635,
                    0.009449999779462814,
                    -0.6060900092124939
                ],
                [
                    0.0,
                    0.0,
                    0.0,
                    1.0
                ]
            ],
            "base": "link_1"
        },
        {
            "matrix": [
                [
                    -0.02741999924182892,
                    0.021689999848604202,
                    0.9993900060653687,
                    -2.9999999242136255e-05
                ],
                [
                    0.6037899851799011,
                    0.7971400022506714,
                    -0.0007399999885819852,
                    -0.034380000084638596
                ],
                [
                    -0.7966700196266174,
                    0.603410005569458,
                    -0.034949999302625656,
                    0.6802899837493896
                ],
                [
                    0.0,
                    0.0,
                    0.0,
                    1.0
                ]
            ],
            "base": "link_0"
        }
    ],
    "functional_points": [],
    "orientation_point": [],
    "contact_points_group": [
        [
            0,
            1
        ]
    ],
    "contact_points_mask": [
        true
    ],
    "target_points_discription": [],
    "contact_points_discription": [],
    "functional_points_discription": [],
    "orientation_point_discription": []
}