{
    "scale": 0.15,
    "transform_matrix": [
        [
            0.9998721480369568,
            0.001176346791908145,
            -0.01594773307442665,
            0
        ],
        [
            -0.0011761737987399101,
            0.9999992847442627,
            2.0219575162627734e-05,
            0
        ],
        [
            0.015947744250297546,
            -1.45968260767404e-06,
            0.9998728036880493,
            0.036368340253829956
        ],
        [
            0.0,
            0.0,
            0.0,
            1.0
        ]
    ],
    "init_qpos": [],
    "target_points": [],
    "contact_points": [
        {
            "matrix": [
                [
                    0.9997900128364563,
                    -0.018470000475645065,
                    -0.00892999954521656,
                    -0.5803700089454651
                ],
                [
                    0.018209999427199364,
                    0.9994400143623352,
                    -0.027939999476075172,
                    0.8068199753761292
                ],
                [
                    0.009440000168979168,
                    0.02776999957859516,
                    0.9995700120925903,
                    -0.03302000090479851
                ],
                [
                    0.0,
                    0.0,
                    0.0,
                    1.0
                ]
            ],
            "base": "link_1"
        },
        {
            "matrix": [
                [
                    0.9997900128364563,
                    -0.01843000017106533,
                    -0.00901000015437603,
                    -0.578220009803772
                ],
                [
                    0.018209999427199364,
                    0.9995499849319458,
                    -0.02401999942958355,
                    0.8045499920845032
                ],
                [
                    0.009440000168979168,
                    0.02384999953210354,
                    0.9996700286865234,
                    -0.22717000544071198
                ],
                [
                    0.0,
                    0.0,
                    0.0,
                    1.0
                ]
            ],
            "base": "link_1"
        },
        {
            "matrix": [
                [
                    -0.018780000507831573,
                    -0.009019999764859676,
                    0.999779999256134,
                    -0.578029990196228
                ],
                [
                    0.9995399713516235,
                    -0.024010000750422478,
                    0.018559999763965607,
                    0.7980499863624573
                ],
                [
                    0.023840000852942467,
                    0.9996700286865234,
                    0.009469999931752682,
                    -0.07069999724626541
                ],
                [
                    0.0,
                    0.0,
                    0.0,
                    1.0
                ]
            ],
            "base": "link_1"
        },
        {
            "matrix": [
                [
                    0.00026000000070780516,
                    -0.0004400000034365803,
                    1.0,
                    0.0008200000156648457
                ],
                [
                    0.8385499715805054,
                    0.5448200106620789,
                    1.9999999494757503e-05,
                    -0.11407999694347382
                ],
                [
                    -0.5448200106620789,
                    0.8385499715805054,
                    0.0005099999834783375,
                    0.6964899897575378
                ],
                [
                    0.0,
                    0.0,
                    0.0,
                    1.0
                ]
            ],
            "base": "link_0"
        }
    ],
    "functional_points": [],
    "orientation_point": [],
    "contact_points_group": [
        [
            0,
            1
        ]
    ],
    "contact_points_mask": [
        true
    ],
    "target_points_discription": [],
    "contact_points_discription": [],
    "functional_points_discription": [],
    "orientation_point_discription": []
}