{
    "stable": false,
    "center": [
        -0.011994159875223103,
        0.6064830482540398,
        0.015446727136889651
    ],
    "extents": [
        2.4876857888403334,
        2.0072294043808427,
        2.3003411928188076
    ]
}