{
    "stable": false,
    "center": [
        0.004087880086728334,
        0.8737065985360059,
        -0.03052454965657444
    ],
    "extents": [
        2.5681660125172043,
        2.591893363014523,
        2.9638271387934174
    ]
}