{
    "stable": false,
    "center": [
        -0.0015904729117551225,
        0.7390204205588621,
        -0.04825732208178961
    ],
    "extents": [
        2.289914329401315,
        2.784554020217496,
        2.5098569176626233
    ]
}