{
    "stable": false,
    "center": [
        -0.02698082506734716,
        0.2810068765663289,
        -0.007544502612950609
    ],
    "extents": [
        0.7275676765851365,
        1.084132936377911,
        2.0777806397931213
    ]
}