{
    "stable": false,
    "center": [
        -0.05347982772174184,
        0.5392522368629018,
        -0.0713151051103174
    ],
    "extents": [
        1.3694102468446863,
        1.6509232567648424,
        2.226505869568952
    ]
}