{
    "stable": false,
    "center": [
        4.429959662121634e-05,
        0.24786297208381391,
        0.002234230967736896
    ],
    "extents": [
        0.5845918401050169,
        0.5496847235354058,
        1.9229930709889644
    ]
}