{
    "stable": false,
    "center": [
        0.02930667623464407,
        0.5184626027809279,
        -0.005641270540778287
    ],
    "extents": [
        2.1891563290793647,
        1.45606165548848,
        0.6712120654779623
    ]
}