{
    "center": [
        -2.4320835874582093e-05,
        0.950180495157838,
        0.00013342696178081457
    ],
    "extents": [
        1.1585214157670305,
        1.9349170438945293,
        1.1574041755343452
    ],
    "scale": [
        0.1,
        0.1,
        0.1
    ],
    "transform_matrix": [
        [
            1.0,
            0.0,
            0.0,
            0.0
        ],
        [
            0.0,
            1.0,
            0.0,
            0.0
        ],
        [
            0.0,
            0.0,
            1.0,
            0.0
        ],
        [
            0.0,
            0.0,
            0.0,
            1.0
        ]
    ],
    "target_pose": [],
    "contact_points_pose": [
        [
            [
                0.027939999476075172,
                0.008589999750256538,
                0.9995700120925903,
                -0.013399999588727951
            ],
            [
                0.9996100068092346,
                -0.00023999999393709004,
                -0.027939999476075172,
                0.948360025882721
            ],
            [
                -0.0,
                0.9999600052833557,
                -0.008589999750256538,
                0.3971799910068512
            ],
            [
                0.0,
                0.0,
                0.0,
                1.0
            ]
        ],
        [
            [
                0.0279300007969141,
                -0.9996100068092346,
                0.00041000000783242285,
                -0.37132999300956726
            ],
            [
                0.9996100068092346,
                0.0279300007969141,
                -9.999999747378752e-06,
                0.9635099768638611
            ],
            [
                0.0,
                0.00041000000783242285,
                1.0,
                2.9999999242136255e-05
            ],
            [
                0.0,
                0.0,
                0.0,
                1.0
            ]
        ],
        [
            [
                0.027950000017881393,
                0.9993199706077576,
                -0.024010000750422478,
                0.3959999978542328
            ],
            [
                0.9996100068092346,
                -0.027939999476075172,
                0.0006600000197067857,
                0.9353299736976624
            ],
            [
                -9.999999747378752e-06,
                -0.02401999942958355,
                -0.9997100234031677,
                -0.011909999884665012
            ],
            [
                0.0,
                0.0,
                0.0,
                1.0
            ]
        ],
        [
            [
                0.027950000017881393,
                -0.010040000081062317,
                -0.9995599985122681,
                -0.022520000115036964
            ],
            [
                0.9996100068092346,
                0.0002699999895412475,
                0.027950000017881393,
                0.9486100077629089
            ],
            [
                -9.999999747378752e-06,
                -0.9999499917030334,
                0.010049999691545963,
                -0.3861300051212311
            ],
            [
                0.0,
                0.0,
                0.0,
                1.0
            ]
        ]
    ],
    "functional_matrix": [],
    "orientation_point": [],
    "contact_points_group": [],
    "contact_points_mask": [],
    "target_point_discription": [],
    "contact_points_discription": [],
    "functional_point_discription": [],
    "orientation_point_discription": [],
    "stable": true
}