{
    "center": [
        0.00026878106003568617,
        0.9506073022248296,
        -0.00021093830368378255
    ],
    "extents": [
        1.6584670320219486,
        1.9364844871335847,
        1.6587386237416497
    ],
    "scale": [
        0.1,
        0.1,
        0.1
    ],
    "transform_matrix": [
        [
            1.0,
            0.0,
            0.0,
            0.0
        ],
        [
            0.0,
            1.0,
            0.0,
            0.0
        ],
        [
            0.0,
            0.0,
            1.0,
            0.0
        ],
        [
            0.0,
            0.0,
            0.0,
            1.0
        ]
    ],
    "target_pose": [],
    "contact_points_pose": [
        [
            [
                0.027939999476075172,
                0.008589999750256538,
                0.9995700120925903,
                -0.013399999588727951
            ],
            [
                0.9996100068092346,
                -0.00023999999393709004,
                -0.027939999476075172,
                0.948360025882721
            ],
            [
                -0.0,
                0.9999600052833557,
                -0.008589999750256538,
                0.5637699961662292
            ],
            [
                0.0,
                0.0,
                0.0,
                1.0
            ]
        ],
        [
            [
                0.0279300007969141,
                -0.9996100068092346,
                0.0002300000051036477,
                -0.5558199882507324
            ],
            [
                0.9996100068092346,
                0.0279300007969141,
                -9.999999747378752e-06,
                0.9635099768638611
            ],
            [
                -0.0,
                0.0002300000051036477,
                1.0,
                2.9999999242136255e-05
            ],
            [
                0.0,
                0.0,
                0.0,
                1.0
            ]
        ],
        [
            [
                0.027950000017881393,
                0.9993199706077576,
                -0.024010000750422478,
                0.45267000794410706
            ],
            [
                0.9996100068092346,
                -0.027939999476075172,
                0.0006600000197067857,
                0.9353299736976624
            ],
            [
                -9.999999747378752e-06,
                -0.02401999942958355,
                -0.9997100234031677,
                -0.011909999884665012
            ],
            [
                0.0,
                0.0,
                0.0,
                1.0
            ]
        ],
        [
            [
                0.027950000017881393,
                -0.010040000081062317,
                -0.9995599985122681,
                -0.022520000115036964
            ],
            [
                0.9996100068092346,
                0.0002699999895412475,
                0.027950000017881393,
                0.9486100077629089
            ],
            [
                -9.999999747378752e-06,
                -0.9999499917030334,
                0.010049999691545963,
                -0.49814000725746155
            ],
            [
                0.0,
                0.0,
                0.0,
                1.0
            ]
        ]
    ],
    "functional_matrix": [],
    "orientation_point": [],
    "contact_points_group": [],
    "contact_points_mask": [],
    "target_point_discription": [],
    "contact_points_discription": [],
    "functional_point_discription": [],
    "orientation_point_discription": [],
    "stable": true
}