{
    "scale": 0.12,
    "transform_matrix": [
        [
            1.0,
            -0.00020365109958220273,
            -5.312725193107326e-07,
            0
        ],
        [
            0.00020365109958220273,
            1.0,
            -1.2043124115734827e-06,
            0
        ],
        [
            5.315177418196981e-07,
            1.2042041817039717e-06,
            1.0,
            0.054903239011764526
        ],
        [
            0.0,
            0.0,
            0.0,
            1.0
        ]
    ],
    "init_qpos": [],
    "target_points": [],
    "contact_points": [
        {
            "matrix": [
                [
                    0.00019999999494757503,
                    -1.0,
                    -0.0,
                    -0.9601699709892273
                ],
                [
                    -0.0,
                    -0.0,
                    1.0,
                    0.28336000442504883
                ],
                [
                    -1.0,
                    -0.00019999999494757503,
                    -0.0,
                    0.0010999999940395355
                ],
                [
                    0.0,
                    0.0,
                    0.0,
                    1.0
                ]
            ],
            "base": "link_1"
        },
        {
            "matrix": [
                [
                    0.016519999131560326,
                    0.9998599886894226,
                    -1.9999999494757503e-05,
                    0.9554399847984314
                ],
                [
                    -0.008940000087022781,
                    0.00013000000035390258,
                    -0.9999600052833557,
                    0.29322999715805054
                ],
                [
                    -0.9998199939727783,
                    0.016519999131560326,
                    0.008940000087022781,
                    0.03979000076651573
                ],
                [
                    0.0,
                    0.0,
                    0.0,
                    1.0
                ]
            ],
            "base": "link_1"
        }
    ],
    "functional_points": [],
    "orientation_point": [],
    "contact_points_group": [],
    "contact_points_mask": [],
    "target_points_discription": [],
    "contact_points_discription": [],
    "functional_points_discription": [],
    "orientation_point_discription": []
}