{
    "stable": true,
    "center": [
        3.877323282373126e-05,
        0.9062725998688297,
        8.91114019359846e-05
    ],
    "extents": [
        2.105686805956171,
        1.8475539796565925,
        2.104863800687124
    ]
}