{
    "stable": true,
    "center": [
        0.15038319299835634,
        0.6582684141842103,
        0.1511094459280082
    ],
    "extents": [
        2.2306442130926816,
        1.3542987040204024,
        2.2226259171844753
    ]
}