{
    "stable": true,
    "center": [
        -3.756508708204473e-05,
        0.8477886409109517,
        0.00010826363306032094
    ],
    "extents": [
        2.0696865702452483,
        1.7345155931665763,
        2.070010211330942
    ]
}