{
    "stable": false,
    "center": [
        1.2236273727702012e-05,
        0.6851987719045183,
        0.0049636721692875125
    ],
    "extents": [
        1.9211721781018662,
        1.892615395024312,
        1.8946623300483725
    ]
}