{
    "stable": true,
    "center": [
        0.0005441868749678191,
        0.5899161126458015,
        -0.0012508870610636825
    ],
    "extents": [
        1.9235270477272213,
        1.2143436470292195,
        1.5600577285518042
    ]
}