{
    "stable": true,
    "center": [
        9.716749181283979e-05,
        0.4852015170204847,
        -0.0016325177361956947
    ],
    "extents": [
        1.934088467989287,
        1.003968557913775,
        0.863969261953597
    ]
}