{"min": [-0.483481, -0.840984, -0.481156], "max": [0.516012, 0.761669, 0.475111]}