{
    "stable": true,
    "center": [
        -7.5502921720201e-05,
        0.04412860101027524,
        1.4408498615894418e-05
    ],
    "extents": [
        0.16172872038119537,
        0.1594319283802676,
        0.40102112045581095
    ]
}