{
    "stable": true,
    "center": [
        -0.00016587457202348055,
        0.024263527407190677,
        0.0007942547434083247
    ],
    "extents": [
        0.0649162587331409,
        0.05736417811639355,
        0.2765117865596417
    ]
}