{
    "center": [
        0.011924610459058233,
        0.3351730180159126,
        -0.002608270505305971
    ],
    "extents": [
        2.0541782529512025,
        0.7078390390739012,
        1.9241290432014808
    ],
    "scale": [
        0.035,
        0.035,
        0.035
    ],
    "transform_matrix": [
        [
            1.0,
            0.0,
            0.0,
            0.0
        ],
        [
            0.0,
            1.0,
            0.0,
            0.0
        ],
        [
            0.0,
            0.0,
            1.0,
            0.0
        ],
        [
            0.0,
            0.0,
            0.0,
            1.0
        ]
    ],
    "target_pose": [],
    "contact_points_pose": [
        [
            [
                1.0,
                0.0,
                0.0,
                -0.07248000055551529
            ],
            [
                0.0,
                1.0,
                -0.0003499999875202775,
                0.3696199953556061
            ],
            [
                0.0,
                0.0003499999875202775,
                1.0,
                -0.02807999961078167
            ],
            [
                0.0,
                0.0,
                0.0,
                1.0
            ]
        ],
        [
            [
                0.0,
                0.0,
                1.0,
                -0.07248000055551529
            ],
            [
                0.0003499999875202775,
                1.0,
                -0.0,
                0.3696199953556061
            ],
            [
                -1.0,
                0.0003499999875202775,
                0.0,
                -0.02807999961078167
            ],
            [
                0.0,
                0.0,
                0.0,
                1.0
            ]
        ],
        [
            [
                -1.0,
                0.0,
                0.0,
                -0.07248000055551529
            ],
            [
                0.0,
                1.0,
                0.0003499999875202775,
                0.3696199953556061
            ],
            [
                0.0,
                0.0003499999875202775,
                -1.0,
                -0.02807999961078167
            ],
            [
                0.0,
                0.0,
                0.0,
                1.0
            ]
        ],
        [
            [
                0.0,
                -0.0,
                -1.0,
                -0.07248000055551529
            ],
            [
                -0.0003499999875202775,
                1.0,
                -0.0,
                0.3696199953556061
            ],
            [
                1.0,
                0.0003499999875202775,
                0.0,
                -0.02807999961078167
            ],
            [
                0.0,
                0.0,
                0.0,
                1.0
            ]
        ]
    ],
    "functional_matrix": [
        [
            [
                1.0,
                0.0,
                0.0,
                0.0
            ],
            [
                0.0,
                0.0,
                -1.0,
                0.0
            ],
            [
                0.0,
                1.0,
                0.0,
                0.0
            ],
            [
                0.0,
                0.0,
                0.0,
                1.0
            ]
        ]
    ],
    "orientation_point": [],
    "contact_points_group": [
        [
            0,
            1,
            2,
            3
        ]
    ],
    "contact_points_mask": [
        true
    ],
    "target_point_discription": [],
    "contact_points_discription": [],
    "functional_point_discription": [],
    "orientation_point_discription": [],
    "stable": true
}