{
    "center": [
        -0.005609949624198443,
        0.44956946904621303,
        0.006162735815689539
    ],
    "extents": [
        1.98505874668481,
        0.9715935703063876,
        1.9603337770338403
    ],
    "scale": [
        0.035,
        0.035,
        0.035
    ],
    "transform_matrix": [
        [
            1.0,
            0.0,
            0.0,
            0.0
        ],
        [
            0.0,
            1.0,
            0.0,
            0.0
        ],
        [
            0.0,
            0.0,
            1.0,
            0.0
        ],
        [
            0.0,
            0.0,
            0.0,
            1.0
        ]
    ],
    "target_pose": [],
    "contact_points_pose": [
        [
            [
                1.0,
                0.0,
                0.0,
                -0.07248000055551529
            ],
            [
                0.0,
                1.0,
                -0.0,
                0.3696199953556061
            ],
            [
                0.0,
                0.0,
                1.0,
                -0.02807999961078167
            ],
            [
                0.0,
                0.0,
                0.0,
                1.0
            ]
        ],
        [
            [
                -0.0,
                0.0,
                1.0,
                -0.07248000055551529
            ],
            [
                -0.0,
                1.0,
                -0.0,
                0.3696199953556061
            ],
            [
                -1.0,
                0.0,
                0.0,
                -0.02807999961078167
            ],
            [
                0.0,
                0.0,
                0.0,
                1.0
            ]
        ],
        [
            [
                -1.0,
                0.0,
                0.0,
                -0.07248000055551529
            ],
            [
                0.0,
                1.0,
                -0.0,
                0.3696199953556061
            ],
            [
                0.0,
                -0.0,
                -1.0,
                -0.02807999961078167
            ],
            [
                0.0,
                0.0,
                0.0,
                1.0
            ]
        ],
        [
            [
                -0.0,
                -0.0,
                -1.0,
                -0.07248000055551529
            ],
            [
                0.0,
                1.0,
                -0.0,
                0.3696199953556061
            ],
            [
                1.0,
                0.0,
                0.0,
                -0.02807999961078167
            ],
            [
                0.0,
                0.0,
                0.0,
                1.0
            ]
        ]
    ],
    "functional_matrix": [
        [
            [
                1.0,
                0.0,
                0.0,
                0.0
            ],
            [
                0.0,
                0.0,
                -1.0,
                0.0
            ],
            [
                0.0,
                1.0,
                0.0,
                0.0
            ],
            [
                0.0,
                0.0,
                0.0,
                1.0
            ]
        ]
    ],
    "orientation_point": [],
    "contact_points_group": [
        [
            0,
            1,
            2,
            3
        ]
    ],
    "contact_points_mask": [
        true
    ],
    "target_point_discription": [],
    "contact_points_discription": [],
    "functional_point_discription": [],
    "orientation_point_discription": [],
    "stable": true
}