{
    "center": [
        -0.002548948066712229,
        0.28741512748135567,
        0.003024239679898282
    ],
    "extents": [
        1.0441477334463538,
        0.6387310691044208,
        1.9274338035960685
    ],
    "scale": [
        0.05,
        0.05,
        0.05
    ],
    "transform_matrix": [
        [
            1.0,
            0.0,
            0.0,
            0.0
        ],
        [
            0.0,
            1.0,
            0.0,
            0.0
        ],
        [
            0.0,
            0.0,
            1.0,
            0.0
        ],
        [
            0.0,
            0.0,
            0.0,
            1.0
        ]
    ],
    "target_pose": [],
    "contact_points_pose": [
        [
            [
                0.0,
                0.0,
                1.0,
                0.013799999840557575
            ],
            [
                0.001180000021122396,
                1.0,
                -0.0,
                0.4407599866390228
            ],
            [
                -1.0,
                0.001180000021122396,
                0.0,
                0.0957299992442131
            ],
            [
                0.0,
                0.0,
                0.0,
                1.0
            ]
        ],
        [
            [
                0.0,
                -0.0,
                -1.0,
                0.007780000101774931
            ],
            [
                -0.001180000021122396,
                1.0,
                -0.0,
                0.4059799909591675
            ],
            [
                1.0,
                0.001180000021122396,
                0.0,
                0.06789000332355499
            ],
            [
                0.0,
                0.0,
                0.0,
                1.0
            ]
        ]
    ],
    "functional_matrix": [
        [
            [
                1.0,
                0.0,
                0.0,
                0.0
            ],
            [
                0.0,
                0.0,
                -1.0,
                0.0
            ],
            [
                0.0,
                1.0,
                0.0,
                0.0
            ],
            [
                0.0,
                0.0,
                0.0,
                1.0
            ]
        ]
    ],
    "orientation_point": [],
    "contact_points_group": [
        [
            0,
            1,
            2,
            3
        ]
    ],
    "contact_points_mask": [
        true
    ],
    "target_point_discription": [],
    "contact_points_discription": [],
    "functional_point_discription": [],
    "orientation_point_discription": [],
    "stable": true
}