{
    "center": [
        0.00014314698900714414,
        0.08560119499662226,
        -4.818088724097362e-05
    ],
    "extents": [
        0.961253065423683,
        0.20587660393052826,
        1.934238673812065
    ],
    "scale": [
        0.078,
        0.078,
        0.078
    ],
    "transform_matrix": [
        [
            1.0,
            0.0,
            0.0,
            0.0
        ],
        [
            0.0,
            1.0,
            0.0,
            0.0
        ],
        [
            0.0,
            0.0,
            1.0,
            0.0
        ],
        [
            0.0,
            0.0,
            0.0,
            1.0
        ]
    ],
    "target_pose": [],
    "contact_points_pose": [
        [
            [
                -9.999999747378752e-06,
                0.011269999668002129,
                0.9999399781227112,
                -0.007600000128149986
            ],
            [
                0.01882999949157238,
                0.9997599720954895,
                -0.011269999668002129,
                0.18327000737190247
            ],
            [
                -0.9998199939727783,
                0.01882999949157238,
                -0.00022000000171829015,
                -0.012690000236034393
            ],
            [
                0.0,
                0.0,
                0.0,
                1.0
            ]
        ],
        [
            [
                9.999999747378752e-06,
                0.011269999668002129,
                -0.9999399781227112,
                -0.007600000128149986
            ],
            [
                -0.01882999949157238,
                0.9997599720954895,
                0.011269999668002129,
                0.18327000737190247
            ],
            [
                0.9998199939727783,
                0.01882999949157238,
                0.00022000000171829015,
                -0.012690000236034393
            ],
            [
                0.0,
                0.0,
                0.0,
                1.0
            ]
        ]
    ],
    "functional_matrix": [
        [
            [
                0.0189800001680851,
                0.9998199939727783,
                -9.999999747378752e-06,
                0.005369999911636114
            ],
            [
                0.999779999256134,
                -0.0189800001680851,
                -0.009100000374019146,
                -0.06227000057697296
            ],
            [
                -0.009100000374019146,
                0.00016999999934341758,
                -0.9999600052833557,
                0.9674699902534485
            ],
            [
                0.0,
                0.0,
                0.0,
                1.0
            ]
        ]
    ],
    "orientation_point": [],
    "contact_points_group": [
        [
            0,
            1
        ]
    ],
    "contact_points_mask": [
        true
    ],
    "target_point_discription": [],
    "contact_points_discription": [],
    "functional_point_discription": [],
    "orientation_point_discription": [],
    "stable": true
}