{
    "center": [
        2.5044310507318343e-05,
        0.09825858450544436,
        1.4551913738005056e-05
    ],
    "extents": [
        1.9350051526043894,
        0.2345112539546789,
        0.9949626696785826
    ],
    "scale": [
        0.078,
        0.078,
        0.078
    ],
    "transform_matrix": [
        [
            1.0,
            0.0,
            0.0,
            0.0
        ],
        [
            0.0,
            1.0,
            0.0,
            0.0
        ],
        [
            0.0,
            0.0,
            1.0,
            0.0
        ],
        [
            0.0,
            0.0,
            0.0,
            1.0
        ]
    ],
    "target_pose": [],
    "contact_points_pose": [
        [
            [
                1.0,
                0.0,
                0.0,
                0.0
            ],
            [
                0.0,
                -1.0,
                -0.0016899999463930726,
                -0.036240000277757645
            ],
            [
                0.0,
                0.0016899999463930726,
                -1.0,
                0.00044999999227002263
            ],
            [
                0.0,
                0.0,
                0.0,
                1.0
            ]
        ],
        [
            [
                -1.0,
                9.999999747378752e-06,
                -0.0,
                0.0
            ],
            [
                -9.999999747378752e-06,
                -0.9999899864196777,
                0.004360000137239695,
                -0.03240999951958656
            ],
            [
                0.0,
                0.004360000137239695,
                0.9999899864196777,
                0.0011399999493733048
            ],
            [
                0.0,
                0.0,
                0.0,
                1.0
            ]
        ]
    ],
    "functional_matrix": [
        [
            [
                1.9999999494757503e-05,
                -0.0003000000142492354,
                -1.0,
                0.9952499866485596
            ],
            [
                -0.9999600052833557,
                0.008969999849796295,
                -1.9999999494757503e-05,
                0.21899999678134918
            ],
            [
                0.008969999849796295,
                0.9999600052833557,
                -0.0003000000142492354,
                -0.001500000013038516
            ],
            [
                0.0,
                0.0,
                0.0,
                1.0
            ]
        ]
    ],
    "orientation_point": [],
    "contact_points_group": [
        [
            0,
            1
        ]
    ],
    "contact_points_mask": [
        true
    ],
    "target_point_discription": [],
    "contact_points_discription": [],
    "functional_point_discription": [],
    "orientation_point_discription": [],
    "stable": true
}