{
    "scale": 0.12,
    "transform_matrix": [
        [
            1.0,
            -1.3661990578839323e-06,
            -2.229735173386871e-06,
            0
        ],
        [
            1.3661965567735024e-06,
            1.0,
            -1.0914723134192172e-06,
            0
        ],
        [
            2.2297365376289235e-06,
            1.0914693575614365e-06,
            1.0,
            0.039142806082963943
        ],
        [
            0.0,
            0.0,
            0.0,
            1.0
        ]
    ],
    "init_qpos": [],
    "target_points": [],
    "contact_points": [
        {
            "matrix": [
                [
                    0.0,
                    -0.870199978351593,
                    0.4927000105381012,
                    -0.9513400197029114
                ],
                [
                    -0.0,
                    0.4927000105381012,
                    0.870199978351593,
                    0.3603900074958801
                ],
                [
                    -1.0,
                    -0.0,
                    -0.0,
                    -0.0002300000051036477
                ],
                [
                    0.0,
                    0.0,
                    0.0,
                    1.0
                ]
            ],
            "base": "link_1"
        },
        {
            "matrix": [
                [
                    0.014440000057220459,
                    0.8582900166511536,
                    0.5129600167274475,
                    0.9383800029754639
                ],
                [
                    -0.011730000376701355,
                    0.5131199955940247,
                    -0.8582299947738647,
                    0.35572999715805054
                ],
                [
                    -0.9998300075531006,
                    0.006380000151693821,
                    0.017480000853538513,
                    9.999999747378752e-05
                ],
                [
                    0.0,
                    0.0,
                    0.0,
                    1.0
                ]
            ],
            "base": "link_1"
        }
    ],
    "functional_points": [],
    "orientation_point": [],
    "contact_points_group": [],
    "contact_points_mask": [],
    "target_points_discription": [],
    "contact_points_discription": [],
    "functional_points_discription": [],
    "orientation_point_discription": []
}