{
    "center": [
        -0.10559640239901048,
        0.7948225853345063,
        0.09572021405287737
    ],
    "extents": [
        2.090242958561088,
        1.6246231516025254,
        2.2461864083410994
    ],
    "scale": [
        0.08,
        0.08,
        0.08
    ],
    "transform_matrix": [
        [
            1.0,
            0.0,
            0.0,
            0.0
        ],
        [
            0.0,
            1.0,
            0.0,
            0.0
        ],
        [
            0.0,
            0.0,
            1.0,
            0.0
        ],
        [
            0.0,
            0.0,
            0.0,
            1.0
        ]
    ],
    "target_pose": [],
    "contact_points_pose": [
        [
            [
                -0.0,
                -0.0,
                -1.0,
                0.0
            ],
            [
                1.0,
                0.00033999999868683517,
                -0.0,
                0.8555399775505066
            ],
            [
                0.00033999999868683517,
                -1.0,
                0.0,
                -0.8185200095176697
            ],
            [
                0.0,
                0.0,
                0.0,
                1.0
            ]
        ],
        [
            [
                -0.0,
                -0.0,
                -1.0,
                0.05747999995946884
            ],
            [
                1.0,
                -0.0,
                -0.0,
                0.7635499835014343
            ],
            [
                -0.0,
                -1.0,
                0.0,
                0.3939700126647949
            ],
            [
                0.0,
                0.0,
                0.0,
                1.0
            ]
        ]
    ],
    "functional_matrix": [
        [
            [
                1.0,
                0.0,
                0.0,
                0.0
            ],
            [
                0.0,
                1.0,
                0.0,
                1.7194099426269531
            ],
            [
                0.0,
                -0.0,
                1.0,
                0.31668999791145325
            ],
            [
                0.0,
                0.0,
                0.0,
                1.0
            ]
        ]
    ],
    "orientation_point": [],
    "contact_points_group": [],
    "contact_points_mask": [],
    "target_point_discription": [],
    "contact_points_discription": [],
    "functional_point_discription": [],
    "orientation_point_discription": [],
    "stable": true
}