{
    "center": [
        0.10306096915805193,
        0.7229455478821167,
        0.11527950860109365
    ],
    "extents": [
        2.0939573610528304,
        1.4846563797376602,
        2.2229697742894494
    ],
    "scale": [
        0.04,
        0.04,
        0.04
    ],
    "transform_matrix": [
        [
            1.0,
            0.0,
            0.0,
            0.0
        ],
        [
            0.0,
            1.0,
            0.0,
            0.0
        ],
        [
            0.0,
            0.0,
            1.0,
            0.0
        ],
        [
            0.0,
            0.0,
            0.0,
            1.0
        ]
    ],
    "target_pose": [],
    "contact_points_pose": [
        [
            [
                -0.0015800000401213765,
                -0.0,
                -1.0,
                -0.010850000195205212
            ],
            [
                1.0,
                -0.0,
                -0.0015800000401213765,
                0.8555499911308289
            ],
            [
                -0.0,
                -1.0,
                0.0,
                -0.8478999733924866
            ],
            [
                0.0,
                0.0,
                0.0,
                1.0
            ]
        ],
        [
            [
                -0.0,
                0.0,
                1.0,
                0.0
            ],
            [
                1.0,
                0.0,
                -0.0,
                0.8631799817085266
            ],
            [
                -0.0,
                1.0,
                -0.0,
                0.29559001326560974
            ],
            [
                0.0,
                0.0,
                0.0,
                1.0
            ]
        ]
    ],
    "functional_matrix": [
        [
            [
                1.0,
                0.0,
                0.0,
                0.0
            ],
            [
                0.0,
                1.0,
                0.0,
                1.6253199577331543
            ],
            [
                0.0,
                -0.0,
                1.0,
                0.3512600064277649
            ],
            [
                0.0,
                0.0,
                0.0,
                1.0
            ]
        ]
    ],
    "orientation_point": [],
    "contact_points_group": [],
    "contact_points_mask": [],
    "target_point_discription": [],
    "contact_points_discription": [],
    "functional_point_discription": [],
    "orientation_point_discription": [],
    "stable": true
}