{
    "center": [
        0.00011744983637756174,
        0.5084882382486132,
        -8.444826235722103e-05
    ],
    "extents": [
        0.9875920171285272,
        1.0172059744235127,
        0.981945382705398
    ],
    "scale": [
        0.088,
        0.088,
        0.088
    ],
    "target_pose": [
        [
            [
                1.0,
                0.0,
                0.0,
                0.0
            ],
            [
                0.0,
                1.0,
                0.0,
                0.0
            ],
            [
                0.0,
                0.0,
                1.0,
                0.0
            ],
            [
                0.0,
                0.0,
                0.0,
                1.0
            ]
        ]
    ],
    "contact_points_pose": [
        [
            [
                1.0,
                0.0,
                0.0,
                0.0
            ],
            [
                0.0,
                1.0,
                0.0,
                0.9503373214163158
            ],
            [
                0.0,
                0.0,
                1.0,
                0.4592363291106043
            ],
            [
                0.0,
                0.0,
                0.0,
                1.0
            ]
        ],
        [
            [
                -1.0,
                0.0,
                1.2246467991473532e-16,
                0.0
            ],
            [
                0.0,
                1.0,
                0.0,
                0.9503373214163158
            ],
            [
                -1.2246467991473532e-16,
                0.0,
                -1.0,
                0.4592363291106043
            ],
            [
                0.0,
                0.0,
                0.0,
                1.0
            ]
        ],
        [
            [
                1.0,
                0.0,
                0.0,
                0.0
            ],
            [
                0.0,
                1.0,
                0.0,
                0.9503373214163158
            ],
            [
                0.0,
                0.0,
                1.0,
                -0.4592363291106043
            ],
            [
                0.0,
                0.0,
                0.0,
                1.0
            ]
        ],
        [
            [
                -1.0,
                0.0,
                1.2246467991473532e-16,
                0.0
            ],
            [
                0.0,
                1.0,
                0.0,
                0.9503373214163158
            ],
            [
                -1.2246467991473532e-16,
                0.0,
                -1.0,
                -0.4592363291106043
            ],
            [
                0.0,
                0.0,
                0.0,
                1.0
            ]
        ]
    ],
    "transform_matrix": [
        [
            1.0,
            0.0,
            0.0,
            0.0
        ],
        [
            0.0,
            1.0,
            0.0,
            0.0
        ],
        [
            -0.0,
            0.0,
            1.0,
            0.0
        ],
        [
            0.0,
            0.0,
            0.0,
            1.0
        ]
    ],
    "functional_matrix": [
        [
            [
                1.0,
                0.0,
                0.0,
                0.0
            ],
            [
                0.0,
                6.123233995736766e-17,
                -1.0,
                0.0
            ],
            [
                0.0,
                1.0,
                6.123233995736766e-17,
                0.0
            ],
            [
                0.0,
                0.0,
                0.0,
                1.0
            ]
        ]
    ],
    "orientation_point": [],
    "contact_points_group": [
        [
            0,
            1
        ],
        [
            2,
            3
        ]
    ],
    "contact_points_mask": [
        true,
        true
    ],
    "contact_points_discription": [
        "Grasping the side of the cup.",
        "Grasping the side of the cup.",
        "Grasping the side of the cup.",
        "Grasping the side of the cup."
    ],
    "target_point_discription": [
        "The center point on the bottom of the container."
    ],
    "functional_point_discription": [
        ""
    ],
    "orientation_point_discription": [
        ""
    ],
    "stable": true
}