{
    "center": [
        -0.1197855501888856,
        0.5645888964349203,
        0.08964490252390037
    ],
    "extents": [
        1.9459233269364273,
        1.1654729222996059,
        2.1886949684257875
    ],
    "scale": [
        0.08,
        0.08,
        0.08
    ],
    "transform_matrix": [
        [
            1.0,
            0.0,
            0.0,
            0.0
        ],
        [
            0.0,
            1.0,
            0.0,
            0.0
        ],
        [
            0.0,
            0.0,
            1.0,
            0.0
        ],
        [
            0.0,
            0.0,
            0.0,
            1.0
        ]
    ],
    "target_pose": [],
    "contact_points_pose": [
        [
            [
                -0.0,
                -0.0,
                -1.0,
                0.0
            ],
            [
                1.0,
                0.00033999999868683517,
                -0.0,
                0.5682799816131592
            ],
            [
                0.00033999999868683517,
                -1.0,
                0.0,
                -0.8185200095176697
            ],
            [
                0.0,
                0.0,
                0.0,
                1.0
            ]
        ],
        [
            [
                0.0003499999875202775,
                0.0,
                1.0,
                0.0
            ],
            [
                1.0,
                0.0,
                -0.0003499999875202775,
                0.48034000396728516
            ],
            [
                -0.0,
                1.0,
                -0.0,
                0.30834999680519104
            ],
            [
                0.0,
                0.0,
                0.0,
                1.0
            ]
        ]
    ],
    "functional_matrix": [
        [
            [
                1.0,
                0.0,
                0.0,
                0.0
            ],
            [
                0.0,
                1.0,
                0.0,
                1.2703499794006348
            ],
            [
                0.0,
                -0.0,
                1.0,
                0.3407599925994873
            ],
            [
                0.0,
                0.0,
                0.0,
                1.0
            ]
        ]
    ],
    "orientation_point": [],
    "contact_points_group": [],
    "contact_points_mask": [],
    "target_point_discription": [],
    "contact_points_discription": [],
    "functional_point_discription": [],
    "orientation_point_discription": [],
    "stable": true
}