{
    "scale": 0.08,
    "target_points": [],
    "contact_points": [
        {
            "matrix": [
                [
                    -0.0,
                    -0.00877000018954277,
                    0.9999600052833557,
                    0.0
                ],
                [
                    0.9999600052833557,
                    -0.008419999852776527,
                    -7.000000186963007e-05,
                    -0.4024600088596344
                ],
                [
                    0.008419999852776527,
                    0.9999300241470337,
                    0.00877000018954277,
                    0.2467699944972992
                ],
                [
                    0.0,
                    0.0,
                    0.0,
                    1.0
                ]
            ],
            "base": "link_1"
        }
    ],
    "functional_points": [],
    "orientation_point": [],
    "contact_points_group": [],
    "contact_points_mask": [],
    "target_points_discription": [],
    "contact_points_discription": [],
    "functional_points_discription": [],
    "orientation_point_discription": []
}