{"min": [-0.97934, -0.470023, -0.723525], "max": [1.015709, 0.656818, 0.712383]}