{
    "scale": 0.12,
    "transform_matrix": [
        [
            1.0,
            -4.59640687040519e-05,
            -1.4379132835529163e-06,
            0
        ],
        [
            4.59640687040519e-05,
            1.0,
            -1.947484406628064e-06,
            0
        ],
        [
            1.4380028687810409e-06,
            1.9474184682621853e-06,
            1.0,
            0.056402742862701416
        ],
        [
            0.0,
            0.0,
            0.0,
            1.0
        ]
    ],
    "init_qpos": [],
    "target_points": [],
    "contact_points": [
        {
            "matrix": [
                [
                    4.999999873689376e-05,
                    -0.9684399962425232,
                    0.24924999475479126,
                    -0.9994099736213684
                ],
                [
                    -0.0,
                    0.24924999475479126,
                    0.9684399962425232,
                    0.2267400026321411
                ],
                [
                    -1.0,
                    -3.9999998989515007e-05,
                    9.999999747378752e-06,
                    -0.0007900000200606883
                ],
                [
                    0.0,
                    0.0,
                    0.0,
                    1.0
                ]
            ],
            "base": "link_1"
        },
        {
            "matrix": [
                [
                    0.010400000028312206,
                    0.9713199734687805,
                    0.23756000399589539,
                    1.0364500284194946
                ],
                [
                    -0.0154600003734231,
                    0.23770000040531158,
                    -0.9712200164794922,
                    0.23027999699115753
                ],
                [
                    -0.9998300075531006,
                    0.0064199999906122684,
                    0.017489999532699585,
                    -0.0003499999875202775
                ],
                [
                    0.0,
                    0.0,
                    0.0,
                    1.0
                ]
            ],
            "base": "link_1"
        }
    ],
    "functional_points": [],
    "orientation_point": [],
    "contact_points_group": [],
    "contact_points_mask": [],
    "target_points_discription": [],
    "contact_points_discription": [],
    "functional_points_discription": [],
    "orientation_point_discription": []
}