{
    "center": [
        0.0004031973028930679,
        0.9509226074442267,
        0.0001634957337149341
    ],
    "extents": [
        0.6596709771048729,
        1.9364368934184313,
        0.6560126615960136
    ],
    "scale": [
        0.1,
        0.1,
        0.1
    ],
    "transform_matrix": [
        [
            1.0,
            0.0,
            0.0,
            0.0
        ],
        [
            0.0,
            1.0,
            0.0,
            0.0
        ],
        [
            0.0,
            0.0,
            1.0,
            0.0
        ],
        [
            0.0,
            0.0,
            0.0,
            1.0
        ]
    ],
    "target_pose": [],
    "contact_points_pose": [
        [
            [
                0.009030000306665897,
                -0.9999600052833557,
                0.0,
                0.0
            ],
            [
                0.9999600052833557,
                0.009030000306665897,
                0.0,
                0.5663099884986877
            ],
            [
                -0.0,
                0.0,
                1.0,
                -0.0
            ],
            [
                0.0,
                0.0,
                0.0,
                1.0
            ]
        ],
        [
            [
                0.009030000306665897,
                -0.7070800065994263,
                0.7070800065994263,
                0.0
            ],
            [
                0.9999600052833557,
                0.006390000227838755,
                -0.006390000227838755,
                0.5663099884986877
            ],
            [
                -0.0,
                0.7071099877357483,
                0.7071099877357483,
                -0.0
            ],
            [
                0.0,
                0.0,
                0.0,
                1.0
            ]
        ],
        [
            [
                0.009030000306665897,
                0.0,
                0.9999600052833557,
                0.0
            ],
            [
                0.9999600052833557,
                0.0,
                -0.009030000306665897,
                0.5663099884986877
            ],
            [
                -0.0,
                1.0,
                -0.0,
                -0.0
            ],
            [
                0.0,
                0.0,
                0.0,
                1.0
            ]
        ],
        [
            [
                0.009030000306665897,
                0.7070800065994263,
                0.7070800065994263,
                0.0
            ],
            [
                0.9999600052833557,
                -0.006390000227838755,
                -0.006390000227838755,
                0.5663099884986877
            ],
            [
                -0.0,
                0.7071099877357483,
                -0.7071099877357483,
                -0.0
            ],
            [
                0.0,
                0.0,
                0.0,
                1.0
            ]
        ],
        [
            [
                0.009030000306665897,
                0.9999600052833557,
                -0.0,
                0.0
            ],
            [
                0.9999600052833557,
                -0.009030000306665897,
                -0.0,
                0.5663099884986877
            ],
            [
                -0.0,
                -0.0,
                -1.0,
                -0.0
            ],
            [
                0.0,
                0.0,
                0.0,
                1.0
            ]
        ],
        [
            [
                0.009030000306665897,
                0.7070800065994263,
                -0.7070800065994263,
                0.0
            ],
            [
                0.9999600052833557,
                -0.006390000227838755,
                0.006390000227838755,
                0.5663099884986877
            ],
            [
                -0.0,
                -0.7071099877357483,
                -0.7071099877357483,
                -0.0
            ],
            [
                0.0,
                0.0,
                0.0,
                1.0
            ]
        ],
        [
            [
                0.009030000306665897,
                -0.0,
                -0.9999600052833557,
                0.0
            ],
            [
                0.9999600052833557,
                -0.0,
                0.009030000306665897,
                0.5663099884986877
            ],
            [
                -0.0,
                -1.0,
                0.0,
                -0.0
            ],
            [
                0.0,
                0.0,
                0.0,
                1.0
            ]
        ],
        [
            [
                0.009030000306665897,
                -0.7070800065994263,
                -0.7070800065994263,
                0.0
            ],
            [
                0.9999600052833557,
                0.006390000227838755,
                0.006380000151693821,
                0.5663099884986877
            ],
            [
                -0.0,
                -0.7071099877357483,
                0.7071099877357483,
                -0.0
            ],
            [
                0.0,
                0.0,
                0.0,
                1.0
            ]
        ]
    ],
    "functional_matrix": [],
    "orientation_point": [],
    "contact_points_group": [
        [
            0,
            1,
            2,
            3,
            4,
            5,
            6,
            7
        ]
    ],
    "contact_points_mask": [
        true
    ],
    "target_point_discription": [],
    "contact_points_discription": [],
    "functional_point_discription": [],
    "orientation_point_discription": [],
    "stable": true
}