{
    "center": [
        0.0003938473105309447,
        0.863725708415991,
        0.0005161092988164855
    ],
    "extents": [
        1.9881776638117485,
        1.7614790099758113,
        1.1090781454731782
    ],
    "scale": [
        0.1,
        0.1,
        0.1
    ],
    "transform_matrix": [
        [
            1.0,
            0.0,
            0.0,
            0.0
        ],
        [
            0.0,
            1.0,
            0.0,
            0.0
        ],
        [
            0.0,
            0.0,
            1.0,
            0.0
        ],
        [
            0.0,
            0.0,
            0.0,
            1.0
        ]
    ],
    "target_pose": [],
    "contact_points_pose": [
        [
            [
                0.0,
                -1.0,
                4.999999873689376e-05,
                0.0
            ],
            [
                1.0,
                0.0,
                0.0,
                0.5774700045585632
            ],
            [
                -0.0,
                4.999999873689376e-05,
                1.0,
                -0.0
            ],
            [
                0.0,
                0.0,
                0.0,
                1.0
            ]
        ],
        [
            [
                0.0,
                -0.707069993019104,
                0.7071400284767151,
                0.0
            ],
            [
                1.0,
                0.0,
                -0.0,
                0.5774700045585632
            ],
            [
                -0.0,
                0.7071400284767151,
                0.707069993019104,
                -0.0
            ],
            [
                0.0,
                0.0,
                0.0,
                1.0
            ]
        ],
        [
            [
                -0.0,
                4.999999873689376e-05,
                1.0,
                0.0
            ],
            [
                1.0,
                0.0,
                -0.0,
                0.5774700045585632
            ],
            [
                -0.0,
                1.0,
                -4.999999873689376e-05,
                -0.0
            ],
            [
                0.0,
                0.0,
                0.0,
                1.0
            ]
        ],
        [
            [
                0.0,
                0.7071400284767151,
                0.707069993019104,
                0.0
            ],
            [
                1.0,
                0.0,
                -0.0,
                0.5774700045585632
            ],
            [
                -0.0,
                0.707069993019104,
                -0.7071400284767151,
                -0.0
            ],
            [
                0.0,
                0.0,
                0.0,
                1.0
            ]
        ],
        [
            [
                0.0,
                1.0,
                -4.999999873689376e-05,
                0.0
            ],
            [
                1.0,
                -0.0,
                -0.0,
                0.5774700045585632
            ],
            [
                -0.0,
                -4.999999873689376e-05,
                -1.0,
                -0.0
            ],
            [
                0.0,
                0.0,
                0.0,
                1.0
            ]
        ],
        [
            [
                0.0,
                0.707069993019104,
                -0.7071400284767151,
                0.0
            ],
            [
                1.0,
                -0.0,
                -0.0,
                0.5774700045585632
            ],
            [
                -0.0,
                -0.7071400284767151,
                -0.707069993019104,
                -0.0
            ],
            [
                0.0,
                0.0,
                0.0,
                1.0
            ]
        ],
        [
            [
                -0.0,
                -4.999999873689376e-05,
                -1.0,
                0.0
            ],
            [
                1.0,
                -0.0,
                -0.0,
                0.5774700045585632
            ],
            [
                -0.0,
                -1.0,
                4.999999873689376e-05,
                -0.0
            ],
            [
                0.0,
                0.0,
                0.0,
                1.0
            ]
        ],
        [
            [
                0.0,
                -0.7071400284767151,
                -0.707069993019104,
                0.0
            ],
            [
                1.0,
                -0.0,
                0.0,
                0.5774700045585632
            ],
            [
                -0.0,
                -0.707069993019104,
                0.7071400284767151,
                -0.0
            ],
            [
                0.0,
                0.0,
                0.0,
                1.0
            ]
        ]
    ],
    "functional_matrix": [],
    "orientation_point": [],
    "contact_points_group": [
        [
            0,
            1,
            2,
            3,
            4,
            5,
            6,
            7
        ]
    ],
    "contact_points_mask": [
        true
    ],
    "target_point_discription": [],
    "contact_points_discription": [],
    "functional_point_discription": [],
    "orientation_point_discription": [],
    "stable": false
}