{
    "center": [
        0.12909745169502793,
        0.24391295336669458,
        -0.052223745321458286
    ],
    "extents": [
        1.622123802571808,
        0.5251928837217864,
        2.1061546680211354
    ],
    "scale": [
        0.1,
        0.1,
        0.1
    ],
    "transform_matrix": [
        [
            1.0,
            0.0,
            0.0,
            0.0
        ],
        [
            0.0,
            1.0,
            0.0,
            0.0
        ],
        [
            0.0,
            0.0,
            1.0,
            0.0
        ],
        [
            0.0,
            0.0,
            0.0,
            1.0
        ]
    ],
    "target_pose": [],
    "contact_points_pose": [
        [
            [
                -0.058400001376867294,
                -0.008170000277459621,
                0.9982600212097168,
                -0.05663000047206879
            ],
            [
                -0.006800000090152025,
                0.9999499917030334,
                0.007790000177919865,
                0.39923998713493347
            ],
            [
                -0.9982699751853943,
                -0.0063299997709691525,
                -0.05844999849796295,
                0.5692899823188782
            ],
            [
                0.0,
                0.0,
                0.0,
                1.0
            ]
        ]
    ],
    "functional_matrix": [],
    "orientation_point": [],
    "contact_points_group": [],
    "contact_points_mask": [],
    "target_point_discription": [],
    "contact_points_discription": [],
    "functional_point_discription": [],
    "orientation_point_discription": [],
    "stable": false
}