{
    "center": [
        -0.10329495519020904,
        0.25273760324290084,
        0.01890517186863247
    ],
    "extents": [
        1.2928093139217613,
        0.5759617797238026,
        2.029676474569933
    ],
    "scale": [
        0.1,
        0.1,
        0.1
    ],
    "transform_matrix": [
        [
            1.0,
            0.0,
            0.0,
            0.0
        ],
        [
            0.0,
            1.0,
            0.0,
            0.0
        ],
        [
            0.0,
            0.0,
            1.0,
            0.0
        ],
        [
            0.0,
            0.0,
            0.0,
            1.0
        ]
    ],
    "target_pose": [],
    "contact_points_pose": [
        [
            [
                0.057100001722574234,
                -0.0,
                -0.9983699917793274,
                0.0
            ],
            [
                0.0,
                1.0,
                -0.0,
                0.47975000739097595
            ],
            [
                0.9983699917793274,
                0.0,
                0.057100001722574234,
                -0.582069993019104
            ],
            [
                0.0,
                0.0,
                0.0,
                1.0
            ]
        ]
    ],
    "functional_matrix": [],
    "orientation_point": [],
    "contact_points_group": [],
    "contact_points_mask": [],
    "target_point_discription": [],
    "contact_points_discription": [],
    "functional_point_discription": [],
    "orientation_point_discription": [],
    "stable": false
}