{
    "center": [
        0.09336626855702493,
        0.2577171491206224,
        -0.02904222984658641
    ],
    "extents": [
        1.5578793925269427,
        0.5531345266421003,
        2.0706897430439497
    ],
    "scale": [
        0.1,
        0.1,
        0.1
    ],
    "transform_matrix": [
        [
            1.0,
            0.0,
            0.0,
            0.0
        ],
        [
            0.0,
            1.0,
            0.0,
            0.0
        ],
        [
            0.0,
            0.0,
            1.0,
            0.0
        ],
        [
            0.0,
            0.0,
            0.0,
            1.0
        ]
    ],
    "target_pose": [],
    "contact_points_pose": [
        [
            [
                -0.058400001376867294,
                -0.008170000277459621,
                0.9982600212097168,
                -0.05663000047206879
            ],
            [
                -0.1342799961566925,
                0.9909399747848511,
                0.0002500000118743628,
                0.40884000062942505
            ],
            [
                -0.9892200231552124,
                -0.1340399980545044,
                -0.058970000594854355,
                0.6987299919128418
            ],
            [
                0.0,
                0.0,
                0.0,
                1.0
            ]
        ]
    ],
    "functional_matrix": [],
    "orientation_point": [],
    "contact_points_group": [],
    "contact_points_mask": [],
    "target_point_discription": [],
    "contact_points_discription": [],
    "functional_point_discription": [],
    "orientation_point_discription": [],
    "stable": true
}