{
    "center": [
        0.07612371208563565,
        0.323413495402293,
        -0.01586401961492846
    ],
    "extents": [
        1.4786718049813548,
        0.7890160690080918,
        2.1363706456526863
    ],
    "scale": [
        0.1,
        0.1,
        0.1
    ],
    "transform_matrix": [
        [
            1.0,
            0.0,
            0.0,
            0.0
        ],
        [
            0.0,
            1.0,
            0.0,
            0.0
        ],
        [
            0.0,
            0.0,
            1.0,
            0.0
        ],
        [
            0.0,
            0.0,
            0.0,
            1.0
        ]
    ],
    "target_pose": [],
    "contact_points_pose": [
        [
            [
                0.0565200001001358,
                0.008150000125169754,
                -0.9983699917793274,
                0.0
            ],
            [
                -0.1426600068807602,
                0.9897699952125549,
                0.0,
                0.5872099995613098
            ],
            [
                0.9881600141525269,
                0.14242999255657196,
                0.057100001722574234,
                -0.5225499868392944
            ],
            [
                0.0,
                0.0,
                0.0,
                1.0
            ]
        ]
    ],
    "functional_matrix": [],
    "orientation_point": [],
    "contact_points_group": [],
    "contact_points_mask": [],
    "target_point_discription": [],
    "contact_points_discription": [],
    "functional_point_discription": [],
    "orientation_point_discription": [],
    "stable": true
}