{
    "center": [
        -0.13189116027970382,
        0.35315709812801077,
        0.07988847574181232
    ],
    "extents": [
        1.7553243304047639,
        0.739918516644446,
        2.1185074730858315
    ],
    "scale": [
        0.1,
        0.1,
        0.1
    ],
    "transform_matrix": [
        [
            1.0,
            0.0,
            0.0,
            0.0
        ],
        [
            0.0,
            1.0,
            0.0,
            0.0
        ],
        [
            0.0,
            0.0,
            1.0,
            0.0
        ],
        [
            0.0,
            0.0,
            0.0,
            1.0
        ]
    ],
    "target_pose": [],
    "contact_points_pose": [
        [
            [
                0.057100001722574234,
                -0.0,
                -0.9983699917793274,
                0.0
            ],
            [
                0.0,
                1.0,
                -0.0,
                0.47975000739097595
            ],
            [
                0.9983699917793274,
                0.0,
                0.057100001722574234,
                -0.582069993019104
            ],
            [
                0.0,
                0.0,
                0.0,
                1.0
            ]
        ]
    ],
    "functional_matrix": [],
    "orientation_point": [],
    "contact_points_group": [],
    "contact_points_mask": [],
    "target_point_discription": [],
    "contact_points_discription": [],
    "functional_point_discription": [],
    "orientation_point_discription": [],
    "stable": true
}