{
    "center": [
        1.5427989628170945e-05,
        0.5902533929589163,
        4.85768290610074e-06
    ],
    "extents": [
        1.907230538788436,
        1.2149256335413374,
        0.9878079396161293
    ],
    "scale": [
        0.06,
        0.06,
        0.06
    ],
    "transform_matrix": [
        [
            1.0,
            0.0,
            0.0,
            0.0
        ],
        [
            0.0,
            1.0,
            0.0,
            0.0
        ],
        [
            0.0,
            0.0,
            1.0,
            0.0
        ],
        [
            0.0,
            0.0,
            0.0,
            1.0
        ]
    ],
    "target_pose": [],
    "contact_points_pose": [
        [
            [
                -0.000539999979082495,
                0.9999899864196777,
                0.004360000137239695,
                0.962369978427887
            ],
            [
                1.0,
                0.000539999979082495,
                -0.0,
                0.355459988117218
            ],
            [
                -0.0,
                0.004360000137239695,
                -0.9999899864196777,
                -0.023439999669790268
            ],
            [
                0.0,
                0.0,
                0.0,
                1.0
            ]
        ],
        [
            [
                -0.0005499999970197678,
                -0.999779999256134,
                -0.02085999958217144,
                -0.9412299990653992
            ],
            [
                1.0,
                -0.0005499999970197678,
                -9.999999747378752e-06,
                0.3409300148487091
            ],
            [
                -0.0,
                -0.02085999958217144,
                0.999779999256134,
                -0.00547999981790781
            ],
            [
                0.0,
                0.0,
                0.0,
                1.0
            ]
        ]
    ],
    "functional_matrix": [],
    "orientation_point": [],
    "contact_points_group": [],
    "contact_points_mask": [],
    "target_point_discription": [],
    "contact_points_discription": [],
    "functional_point_discription": [],
    "orientation_point_discription": [],
    "stable": true
}