{
    "center": [
        -3.5629637504977572e-06,
        0.5737790589658621,
        -0.0003640422055857191
    ],
    "extents": [
        1.4776892821474628,
        1.1826188921128387,
        1.9410647013729658
    ],
    "scale": [
        0.04,
        0.04,
        0.04
    ],
    "transform_matrix": [
        [
            1.0,
            0.0,
            0.0,
            0.0
        ],
        [
            0.0,
            1.0,
            0.0,
            0.0
        ],
        [
            0.0,
            0.0,
            1.0,
            0.0
        ],
        [
            0.0,
            0.0,
            0.0,
            1.0
        ]
    ],
    "target_pose": [],
    "contact_points_pose": [
        [
            [
                -0.000539999979082495,
                -0.0047599999234080315,
                0.9999899864196777,
                0.04211999848484993
            ],
            [
                1.0,
                -0.0,
                0.000539999979082495,
                0.5882999897003174
            ],
            [
                -0.0,
                0.9999899864196777,
                0.0047599999234080315,
                0.9119600057601929
            ],
            [
                0.0,
                0.0,
                0.0,
                1.0
            ]
        ],
        [
            [
                -0.0005499999970197678,
                -0.009320000186562538,
                -0.9999600052833557,
                0.049229998141527176
            ],
            [
                1.0,
                9.999999747378752e-06,
                -0.0005600000149570405,
                0.5867699980735779
            ],
            [
                1.9999999494757503e-05,
                -0.9999600052833557,
                0.009320000186562538,
                -1.0303699970245361
            ],
            [
                0.0,
                0.0,
                0.0,
                1.0
            ]
        ]
    ],
    "functional_matrix": [],
    "orientation_point": [],
    "contact_points_group": [],
    "contact_points_mask": [],
    "target_point_discription": [],
    "contact_points_discription": [],
    "functional_point_discription": [],
    "orientation_point_discription": [],
    "stable": true
}