{
    "center": [
        0.00010224159261959039,
        0.5064072596376852,
        0.00035100610635696843
    ],
    "extents": [
        1.933069804082286,
        1.0492279583272084,
        1.1357449240908197
    ],
    "scale": [
        0.06,
        0.06,
        0.06
    ],
    "transform_matrix": [
        [
            1.0,
            0.0,
            0.0,
            0.0
        ],
        [
            0.0,
            1.0,
            0.0,
            0.0
        ],
        [
            0.0,
            0.0,
            1.0,
            0.0
        ],
        [
            0.0,
            0.0,
            0.0,
            1.0
        ]
    ],
    "target_pose": [],
    "contact_points_pose": [
        [
            [
                -0.000539999979082495,
                -1.0,
                -0.0016700000269338489,
                -0.9906499981880188
            ],
            [
                1.0,
                -0.000539999979082495,
                -0.0,
                0.3657599985599518
            ],
            [
                -0.0,
                -0.0016700000269338489,
                1.0,
                0.003650000086054206
            ],
            [
                0.0,
                0.0,
                0.0,
                1.0
            ]
        ],
        [
            [
                -0.000539999979082495,
                1.0,
                0.0002800000074785203,
                0.9509000182151794
            ],
            [
                1.0,
                0.000539999979082495,
                -0.0,
                0.34038999676704407
            ],
            [
                -0.0,
                0.0002800000074785203,
                -1.0,
                0.006930000148713589
            ],
            [
                0.0,
                0.0,
                0.0,
                1.0
            ]
        ]
    ],
    "functional_matrix": [],
    "orientation_point": [],
    "contact_points_group": [],
    "contact_points_mask": [],
    "target_point_discription": [],
    "contact_points_discription": [],
    "functional_point_discription": [],
    "orientation_point_discription": [],
    "stable": true
}