{
    "center": [
        5.020335568796132e-05,
        0.7568474828413239,
        0.001738203322713216
    ],
    "extents": [
        1.9261469810842813,
        1.5527627087287108,
        1.1867007123640751
    ],
    "scale": [
        0.06,
        0.06,
        0.06
    ],
    "transform_matrix": [
        [
            1.0,
            0.0,
            0.0,
            0.0
        ],
        [
            0.0,
            1.0,
            0.0,
            0.0
        ],
        [
            0.0,
            0.0,
            1.0,
            0.0
        ],
        [
            0.0,
            0.0,
            0.0,
            1.0
        ]
    ],
    "target_pose": [],
    "contact_points_pose": [
        [
            [
                -0.000539999979082495,
                0.9999899864196777,
                0.004360000137239695,
                0.9457799792289734
            ],
            [
                1.0,
                0.000539999979082495,
                -0.0,
                0.42135998606681824
            ],
            [
                -0.0,
                0.004360000137239695,
                -0.9999899864196777,
                -0.023439999669790268
            ],
            [
                0.0,
                0.0,
                0.0,
                1.0
            ]
        ],
        [
            [
                -0.0005499999970197678,
                -0.9998800158500671,
                -0.015200000256299973,
                -0.9389700293540955
            ],
            [
                1.0,
                -0.0005499999970197678,
                -9.999999747378752e-06,
                0.4638400077819824
            ],
            [
                -0.0,
                -0.015200000256299973,
                0.9998800158500671,
                -0.00547999981790781
            ],
            [
                0.0,
                0.0,
                0.0,
                1.0
            ]
        ]
    ],
    "functional_matrix": [],
    "orientation_point": [],
    "contact_points_group": [],
    "contact_points_mask": [],
    "target_point_discription": [],
    "contact_points_discription": [],
    "functional_point_discription": [],
    "orientation_point_discription": [],
    "stable": true
}