{
    "center": [
        2.43580994422182e-05,
        0.7123270675594164,
        -0.0001378927715235524
    ],
    "extents": [
        1.9349677068039692,
        1.4590401755144917,
        1.2325760102636032
    ],
    "scale": [
        0.06,
        0.06,
        0.06
    ],
    "transform_matrix": [
        [
            1.0,
            0.0,
            0.0,
            0.0
        ],
        [
            0.0,
            1.0,
            0.0,
            0.0
        ],
        [
            0.0,
            0.0,
            1.0,
            0.0
        ],
        [
            0.0,
            0.0,
            0.0,
            1.0
        ]
    ],
    "target_pose": [],
    "contact_points_pose": [
        [
            [
                -0.000539999979082495,
                -0.9999899864196777,
                -0.0033599999733269215,
                -0.9672799706459045
            ],
            [
                1.0,
                -0.000539999979082495,
                -0.0,
                0.3657599985599518
            ],
            [
                -0.0,
                -0.0033599999733269215,
                0.9999899864196777,
                0.003650000086054206
            ],
            [
                0.0,
                0.0,
                0.0,
                1.0
            ]
        ],
        [
            [
                -0.000539999979082495,
                1.0,
                0.0002800000074785203,
                0.9509000182151794
            ],
            [
                1.0,
                0.000539999979082495,
                -0.0,
                0.34038999676704407
            ],
            [
                -0.0,
                0.0002800000074785203,
                -1.0,
                0.006930000148713589
            ],
            [
                0.0,
                0.0,
                0.0,
                1.0
            ]
        ]
    ],
    "functional_matrix": [],
    "orientation_point": [],
    "contact_points_group": [],
    "contact_points_mask": [],
    "target_point_discription": [],
    "contact_points_discription": [],
    "functional_point_discription": [],
    "orientation_point_discription": [],
    "stable": true
}