{
    "center": [
        -2.3632909670992853e-05,
        0.6241766686420813,
        3.100992783553871e-05
    ],
    "extents": [
        1.2263089500813662,
        1.283185806974823,
        1.9342443148177997
    ],
    "scale": [
        0.06,
        0.06,
        0.06
    ],
    "transform_matrix": [
        [
            1.0,
            0.0,
            0.0,
            0.0
        ],
        [
            0.0,
            1.0,
            0.0,
            0.0
        ],
        [
            0.0,
            0.0,
            1.0,
            0.0
        ],
        [
            0.0,
            0.0,
            0.0,
            1.0
        ]
    ],
    "target_pose": [],
    "contact_points_pose": [
        [
            [
                -0.000539999979082495,
                0.007519999984651804,
                -0.999970018863678,
                -0.12796999514102936
            ],
            [
                1.0,
                0.0,
                -0.000539999979082495,
                0.3120400011539459
            ],
            [
                -0.0,
                -0.999970018863678,
                -0.007519999984651804,
                -0.9118499755859375
            ],
            [
                0.0,
                0.0,
                0.0,
                1.0
            ]
        ],
        [
            [
                -0.0005499999970197678,
                -0.006709999870508909,
                0.9999799728393555,
                -0.09364999830722809
            ],
            [
                1.0,
                -0.0,
                0.0005499999970197678,
                0.3668400049209595
            ],
            [
                -0.0,
                0.9999799728393555,
                0.006709999870508909,
                0.9366999864578247
            ],
            [
                0.0,
                0.0,
                0.0,
                1.0
            ]
        ]
    ],
    "functional_matrix": [],
    "orientation_point": [],
    "contact_points_group": [],
    "contact_points_mask": [],
    "target_point_discription": [],
    "contact_points_discription": [],
    "functional_point_discription": [],
    "orientation_point_discription": [],
    "stable": true
}