{
    "scale": 0.15,
    "transform_matrix": [
        [
            0.9999991655349731,
            0.001271725632250309,
            -9.282990504289046e-06,
            0
        ],
        [
            -0.001271725632250309,
            0.9999991655349731,
            -3.9380722682835767e-07,
            0
        ],
        [
            9.282483006245457e-06,
            4.0561235437053256e-07,
            1.0,
            0.03229399397969246
        ],
        [
            0.0,
            0.0,
            0.0,
            1.0
        ]
    ],
    "init_qpos": [],
    "target_points": [],
    "contact_points": [
        {
            "matrix": [
                [
                    0.9997900128364563,
                    -0.015110000036656857,
                    -0.013819999992847443,
                    -0.6518599987030029
                ],
                [
                    0.01816999912261963,
                    0.9657800197601318,
                    0.25870999693870544,
                    0.8424500226974487
                ],
                [
                    0.009440000168979168,
                    -0.25891000032424927,
                    0.9658600091934204,
                    -0.30875998735427856
                ],
                [
                    0.0,
                    0.0,
                    0.0,
                    1.0
                ]
            ],
            "base": "link_1"
        },
        {
            "matrix": [
                [
                    0.9997900128364563,
                    -0.015479999594390392,
                    -0.013389999978244305,
                    -0.6506500244140625
                ],
                [
                    0.018160000443458557,
                    0.9725199937820435,
                    0.2321300059556961,
                    0.7795100212097168
                ],
                [
                    0.009429999627172947,
                    -0.23231999576091766,
                    0.9725900292396545,
                    -0.5336700081825256
                ],
                [
                    0.0,
                    0.0,
                    0.0,
                    1.0
                ]
            ],
            "base": "link_1"
        },
        {
            "matrix": [
                [
                    -0.01583000086247921,
                    -0.013330000452697277,
                    0.9997900128364563,
                    -0.6533899903297424
                ],
                [
                    0.9725800156593323,
                    0.23183000087738037,
                    0.018489999696612358,
                    0.8282300233840942
                ],
                [
                    -0.2320300042629242,
                    0.9726600050926208,
                    0.00930000003427267,
                    -0.3384999930858612
                ],
                [
                    0.0,
                    0.0,
                    0.0,
                    1.0
                ]
            ],
            "base": "link_1"
        },
        {
            "matrix": [
                [
                    -0.00011999999696854502,
                    0.0001500000071246177,
                    1.0,
                    0.0
                ],
                [
                    0.79926997423172,
                    0.6009799838066101,
                    9.999999747378752e-06,
                    -0.07987000048160553
                ],
                [
                    -0.6009799838066101,
                    0.79926997423172,
                    -0.0001900000061141327,
                    0.6823700070381165
                ],
                [
                    0.0,
                    0.0,
                    0.0,
                    1.0
                ]
            ],
            "base": "link_0"
        }
    ],
    "functional_points": [],
    "orientation_point": [],
    "contact_points_group": [
        [
            0,
            1
        ]
    ],
    "contact_points_mask": [
        true
    ],
    "target_points_discription": [],
    "contact_points_discription": [],
    "functional_points_discription": [],
    "orientation_point_discription": []
}