{"min": [-0.9515432897146421, -0.6537539976141772, -0.6724423948233124], "max": [0.9965473801739233, 0.8048279970628447, 0.7141625636922289]}