{
    "scale": 0.12,
    "transform_matrix": [
        [
            1.0,
            4.1444327507633716e-05,
            -4.4119582298662863e-07,
            0
        ],
        [
            -4.1444327507633716e-05,
            1.0,
            4.5685459326705313e-07,
            0
        ],
        [
            4.412147518451093e-07,
            -4.5683628968617995e-07,
            1.0,
            0.07837982475757599
        ],
        [
            0.0,
            0.0,
            0.0,
            1.0
        ]
    ],
    "init_qpos": [],
    "target_points": [],
    "contact_points": [
        {
            "matrix": [
                [
                    -3.9999998989515007e-05,
                    -0.784309983253479,
                    0.6203699707984924,
                    -1.046589970588684
                ],
                [
                    -0.0,
                    0.6203699707984924,
                    0.784309983253479,
                    0.3758400082588196
                ],
                [
                    -1.0,
                    2.9999999242136255e-05,
                    -2.9999999242136255e-05,
                    -0.0012100000167265534
                ],
                [
                    0.0,
                    0.0,
                    0.0,
                    1.0
                ]
            ],
            "base": "link_1"
        },
        {
            "matrix": [
                [
                    0.014290000312030315,
                    0.7455700039863586,
                    0.6662700176239014,
                    1.0729899406433105
                ],
                [
                    -0.011880000121891499,
                    0.6664199829101562,
                    -0.7454800009727478,
                    0.38596999645233154
                ],
                [
                    -0.9998300075531006,
                    0.002739999908953905,
                    0.018379999324679375,
                    -0.0003800000122282654
                ],
                [
                    0.0,
                    0.0,
                    0.0,
                    1.0
                ]
            ],
            "base": "link_1"
        }
    ],
    "functional_points": [],
    "orientation_point": [],
    "contact_points_group": [],
    "contact_points_mask": [],
    "target_points_discription": [],
    "contact_points_discription": [],
    "functional_points_discription": [],
    "orientation_point_discription": []
}