{
    "center": [
        -4.92575568788765e-07,
        0.9476847039540636,
        5.133223919353832e-07
    ],
    "extents": [
        0.7159918159127941,
        1.8953692943012475,
        0.7159924549834216
    ],
    "scale": [
        0.12,
        0.12,
        0.12
    ],
    "transform_matrix": [
        [
            1.0,
            0.0,
            0.0,
            0.0
        ],
        [
            0.0,
            1.0,
            0.0,
            0.0
        ],
        [
            0.0,
            0.0,
            1.0,
            0.0
        ],
        [
            0.0,
            0.0,
            0.0,
            1.0
        ]
    ],
    "target_pose": [],
    "contact_points_pose": [
        [
            [
                -0.0,
                -0.0,
                -1.0,
                0.0
            ],
            [
                1.0,
                -0.0,
                -0.0,
                0.6836000084877014
            ],
            [
                -0.0,
                -1.0,
                0.0,
                -0.0
            ],
            [
                0.0,
                0.0,
                0.0,
                1.0
            ]
        ],
        [
            [
                -0.0,
                -0.7071099877357483,
                -0.7071099877357483,
                0.0
            ],
            [
                1.0,
                -0.0,
                -0.0,
                0.6836000084877014
            ],
            [
                -0.0,
                -0.7071099877357483,
                0.7071099877357483,
                -0.0
            ],
            [
                0.0,
                0.0,
                0.0,
                1.0
            ]
        ],
        [
            [
                -0.0,
                -1.0,
                0.0,
                0.0
            ],
            [
                1.0,
                0.0,
                0.0,
                0.6836000084877014
            ],
            [
                -0.0,
                0.0,
                1.0,
                -0.0
            ],
            [
                0.0,
                0.0,
                0.0,
                1.0
            ]
        ],
        [
            [
                0.0,
                -0.7071099877357483,
                0.7071099877357483,
                0.0
            ],
            [
                1.0,
                0.0,
                0.0,
                0.6836000084877014
            ],
            [
                -0.0,
                0.7071099877357483,
                0.7071099877357483,
                -0.0
            ],
            [
                0.0,
                0.0,
                0.0,
                1.0
            ]
        ],
        [
            [
                -0.0,
                0.0,
                1.0,
                0.0
            ],
            [
                1.0,
                0.0,
                -0.0,
                0.6836000084877014
            ],
            [
                -0.0,
                1.0,
                -0.0,
                -0.0
            ],
            [
                0.0,
                0.0,
                0.0,
                1.0
            ]
        ],
        [
            [
                -0.0,
                0.7071099877357483,
                0.7071099877357483,
                0.0
            ],
            [
                1.0,
                0.0,
                -0.0,
                0.6836000084877014
            ],
            [
                -0.0,
                0.7071099877357483,
                -0.7071099877357483,
                -0.0
            ],
            [
                0.0,
                0.0,
                0.0,
                1.0
            ]
        ],
        [
            [
                -0.0,
                1.0,
                -0.0,
                0.0
            ],
            [
                1.0,
                0.0,
                -0.0,
                0.6836000084877014
            ],
            [
                -0.0,
                0.0,
                -1.0,
                -0.0
            ],
            [
                0.0,
                0.0,
                0.0,
                1.0
            ]
        ],
        [
            [
                0.0,
                0.7071099877357483,
                -0.7071099877357483,
                0.0
            ],
            [
                1.0,
                -0.0,
                -0.0,
                0.6836000084877014
            ],
            [
                -0.0,
                -0.7071099877357483,
                -0.7071099877357483,
                -0.0
            ],
            [
                0.0,
                0.0,
                0.0,
                1.0
            ]
        ]
    ],
    "functional_matrix": [
        [
            [
                1.0,
                0.0,
                0.0,
                0.0
            ],
            [
                0.0,
                0.0,
                -1.0,
                0.0
            ],
            [
                0.0,
                1.0,
                0.0,
                0.0
            ],
            [
                0.0,
                0.0,
                0.0,
                1.0
            ]
        ],
        [
            [
                1.0,
                0.0,
                0.0,
                0.0
            ],
            [
                0.0,
                -0.0,
                1.0,
                1.858780026435852
            ],
            [
                0.0,
                -1.0,
                -0.0,
                -0.0
            ],
            [
                0.0,
                0.0,
                0.0,
                1.0
            ]
        ]
    ],
    "orientation_point": [],
    "contact_points_group": [
        [
            0,
            1,
            2,
            3,
            4,
            5,
            6,
            7
        ]
    ],
    "contact_points_mask": [
        true
    ],
    "target_point_discription": [],
    "contact_points_discription": [],
    "functional_point_discription": [],
    "orientation_point_discription": [],
    "stable": true
}