{
    "stable": true,
    "center": [
        0.005549297281653325,
        0.9500464211532078,
        5.810631270907927e-05
    ],
    "extents": [
        1.2072240666025462,
        1.9351928841311583,
        1.213773985110638
    ]
}