{
    "stable": true,
    "center": [
        0.00011723959493362346,
        0.9494503201405077,
        0.0006334015023572287
    ],
    "extents": [
        1.4063671531689024,
        1.9343250060039248,
        1.4104427955138605
    ]
}