{
    "stable": true,
    "center": [
        0.0005629296954230778,
        0.9511990076410497,
        -0.017175673440804423
    ],
    "extents": [
        1.2254694424801458,
        1.9388419518614968,
        1.22752787681759
    ]
}