{
    "stable": true,
    "center": [
        0.026768279086753218,
        0.9501421156998092,
        -0.006524932346105637
    ],
    "extents": [
        1.4084240310656324,
        1.9350727723228451,
        1.4623318698323602
    ]
}