{
    "stable": true,
    "center": [
        2.7243753848561645e-05,
        0.9505559942954425,
        3.5555405035631322e-06
    ],
    "extents": [
        1.478247333517425,
        1.934426677484928,
        1.4782103347138087
    ]
}