{
    "stable": true,
    "center": [
        -8.00403129845812e-05,
        0.950208584948265,
        0.0002202893418151543
    ],
    "extents": [
        1.5233909869056157,
        1.9356171181646529,
        1.523062413734097
    ]
}