{
    "stable": true,
    "center": [
        -4.788807842168506e-05,
        0.950358941550988,
        -2.3603565141489955e-06
    ],
    "extents": [
        1.1789627423056983,
        1.9357897174817091,
        1.1780586622419866
    ]
}