{
    "stable": true,
    "center": [
        3.133131769529629e-05,
        0.746779301268541,
        1.8318988058350767e-05
    ],
    "extents": [
        1.9351024907275043,
        1.5287720974134411,
        1.1559931347813002
    ]
}