{
    "stable": true,
    "center": [
        1.2983233770566231e-05,
        0.9546132458430395,
        -9.816224626974604e-05
    ],
    "extents": [
        2.193151181480982,
        1.9428768616633754,
        2.19245048337904
    ]
}