{
    "stable": false,
    "center": [
        -1.444321376546451e-05,
        0.948546409640446,
        8.428224058690102e-05
    ],
    "extents": [
        1.9313595035413595,
        1.9323429993429049,
        1.9308783263052263
    ]
}