{
    "stable": true,
    "center": [
        0.00022559853594751256,
        0.9512679598737362,
        6.300731806066539e-05
    ],
    "extents": [
        1.3928424804969302,
        1.9326345969348857,
        1.4086161927109797
    ]
}