{
    "stable": true,
    "center": [
        0.0005377473800327786,
        0.9463904147973646,
        -0.001177803814468835
    ],
    "extents": [
        1.8405556007500241,
        1.9312234895597835,
        1.8422378056371531
    ]
}