{
    "center": [
        -0.0014732535322240594,
        0.9505498840198757,
        0.0020083471738885595
    ],
    "extents": [
        1.2851377713802652,
        1.9343529147122758,
        1.2863378072913387
    ],
    "scale": [
        0.05,
        0.05,
        0.05
    ],
    "transform_matrix": [
        [
            1.0,
            0.0,
            0.0,
            0.0
        ],
        [
            0.0,
            1.0,
            0.0,
            0.0
        ],
        [
            0.0,
            0.0,
            1.0,
            0.0
        ],
        [
            0.0,
            0.0,
            0.0,
            1.0
        ]
    ],
    "target_pose": [],
    "contact_points_pose": [
        [
            [
                -0.005659999791532755,
                -0.9999799728393555,
                -9.000000136438757e-05,
                0.0
            ],
            [
                0.9999799728393555,
                -0.005659999791532755,
                -0.0,
                1.0413800477981567
            ],
            [
                -0.0,
                -9.000000136438757e-05,
                1.0,
                -0.0
            ],
            [
                0.0,
                0.0,
                0.0,
                1.0
            ]
        ],
        [
            [
                -0.005659999791532755,
                -0.7071599960327148,
                0.7070299983024597,
                0.0
            ],
            [
                0.9999799728393555,
                -0.004000000189989805,
                0.004000000189989805,
                1.0413800477981567
            ],
            [
                -0.0,
                0.707040011882782,
                0.7071700096130371,
                -0.0
            ],
            [
                0.0,
                0.0,
                0.0,
                1.0
            ]
        ],
        [
            [
                -0.005659999791532755,
                -9.000000136438757e-05,
                0.9999799728393555,
                0.0
            ],
            [
                0.9999799728393555,
                -0.0,
                0.005659999791532755,
                1.0413800477981567
            ],
            [
                -0.0,
                1.0,
                9.000000136438757e-05,
                -0.0
            ],
            [
                0.0,
                0.0,
                0.0,
                1.0
            ]
        ],
        [
            [
                -0.005659999791532755,
                0.7070299983024597,
                0.7071599960327148,
                0.0
            ],
            [
                0.9999799728393555,
                0.004000000189989805,
                0.004000000189989805,
                1.0413800477981567
            ],
            [
                -0.0,
                0.7071700096130371,
                -0.707040011882782,
                -0.0
            ],
            [
                0.0,
                0.0,
                0.0,
                1.0
            ]
        ],
        [
            [
                -0.005659999791532755,
                0.9999799728393555,
                9.000000136438757e-05,
                0.0
            ],
            [
                0.9999799728393555,
                0.005659999791532755,
                0.0,
                1.0413800477981567
            ],
            [
                -0.0,
                9.000000136438757e-05,
                -1.0,
                -0.0
            ],
            [
                0.0,
                0.0,
                0.0,
                1.0
            ]
        ],
        [
            [
                -0.005659999791532755,
                0.7071599960327148,
                -0.7070299983024597,
                0.0
            ],
            [
                0.9999799728393555,
                0.004000000189989805,
                -0.004000000189989805,
                1.0413800477981567
            ],
            [
                -0.0,
                -0.707040011882782,
                -0.7071700096130371,
                -0.0
            ],
            [
                0.0,
                0.0,
                0.0,
                1.0
            ]
        ],
        [
            [
                -0.005659999791532755,
                9.000000136438757e-05,
                -0.9999799728393555,
                0.0
            ],
            [
                0.9999799728393555,
                0.0,
                -0.005659999791532755,
                1.0413800477981567
            ],
            [
                -0.0,
                -1.0,
                -9.000000136438757e-05,
                -0.0
            ],
            [
                0.0,
                0.0,
                0.0,
                1.0
            ]
        ],
        [
            [
                -0.005659999791532755,
                -0.7070299983024597,
                -0.7071599960327148,
                0.0
            ],
            [
                0.9999799728393555,
                -0.004000000189989805,
                -0.004000000189989805,
                1.0413800477981567
            ],
            [
                -0.0,
                -0.7071700096130371,
                0.707040011882782,
                -0.0
            ],
            [
                0.0,
                0.0,
                0.0,
                1.0
            ]
        ],
        [
            [
                1.0,
                0.0,
                0.0,
                0.0
            ],
            [
                0.0,
                1.0,
                -0.0,
                1.456279993057251
            ],
            [
                0.0,
                0.0,
                1.0,
                -0.0
            ],
            [
                0.0,
                0.0,
                0.0,
                1.0
            ]
        ],
        [
            [
                0.7071099877357483,
                0.0,
                0.7071099877357483,
                0.0
            ],
            [
                -0.0,
                1.0,
                -0.0,
                1.456279993057251
            ],
            [
                -0.7071099877357483,
                0.0,
                0.7071099877357483,
                -0.0
            ],
            [
                0.0,
                0.0,
                0.0,
                1.0
            ]
        ],
        [
            [
                -0.0,
                0.0,
                1.0,
                0.0
            ],
            [
                -0.0,
                1.0,
                -0.0,
                1.456279993057251
            ],
            [
                -1.0,
                0.0,
                0.0,
                -0.0
            ],
            [
                0.0,
                0.0,
                0.0,
                1.0
            ]
        ],
        [
            [
                -0.7071099877357483,
                0.0,
                0.7071099877357483,
                0.0
            ],
            [
                -0.0,
                1.0,
                -0.0,
                1.456279993057251
            ],
            [
                -0.7071099877357483,
                0.0,
                -0.7071099877357483,
                -0.0
            ],
            [
                0.0,
                0.0,
                0.0,
                1.0
            ]
        ],
        [
            [
                -1.0,
                0.0,
                0.0,
                0.0
            ],
            [
                0.0,
                1.0,
                -0.0,
                1.456279993057251
            ],
            [
                0.0,
                -0.0,
                -1.0,
                -0.0
            ],
            [
                0.0,
