{
    "center": [
        -1.8202585263775997e-05,
        0.9310205421925345,
        0.02275597563327488
    ],
    "extents": [
        0.8798159099319167,
        1.9744122596082008,
        1.6439782015714821
    ],
    "scale": [
        0.06,
        0.06,
        0.06
    ],
    "transform_matrix": [
        [
            1.0,
            0.0,
            0.0,
            0.0
        ],
        [
            0.0,
            1.0,
            0.0,
            0.0
        ],
        [
            0.0,
            0.0,
            1.0,
            0.0
        ],
        [
            0.0,
            0.0,
            0.0,
            1.0
        ]
    ],
    "target_pose": [],
    "contact_points_pose": [
        [
            [
                -0.018799999728798866,
                0.0016299999551847577,
                -0.9998199939727783,
                0.0028699999675154686
            ],
            [
                0.9996399879455566,
                -0.01889999955892563,
                -0.01882999949157238,
                0.6048099994659424
            ],
            [
                -0.018929999321699142,
                -0.9998199939727783,
                -0.0012799999676644802,
                -0.7033799886703491
            ],
            [
                0.0,
                0.0,
                0.0,
                1.0
            ]
        ]
    ],
    "functional_matrix": [
        [
            [
                0.0,
                1.0,
                -0.0,
                -0.004230000078678131
            ],
            [
                0.3977400064468384,
                0.0,
                0.9175000190734863,
                0.9995800256729126
            ],
            [
                0.9175000190734863,
                -0.0,
                -0.3977400064468384,
                0.479779988527298
            ],
            [
                0.0,
                0.0,
                0.0,
                1.0
            ]
        ]
    ],
    "orientation_point": [],
    "contact_points_group": [],
    "contact_points_mask": [],
    "target_point_discription": [],
    "contact_points_discription": [],
    "functional_point_discription": [],
    "orientation_point_discription": [],
    "stable": true
}