{
    "center": [
        -1.705327221376079e-05,
        0.8519190586869217,
        0.1099958517079496
    ],
    "extents": [
        1.3422559261124825,
        2.184664404837982,
        1.6985319483614452
    ],
    "scale": [
        0.065,
        0.065,
        0.065
    ],
    "transform_matrix": [
        [
            1.0,
            0.0,
            0.0,
            0.0
        ],
        [
            0.0,
            1.0,
            0.0,
            0.0
        ],
        [
            0.0,
            0.0,
            1.0,
            0.0
        ],
        [
            0.0,
            0.0,
            0.0,
            1.0
        ]
    ],
    "target_pose": [],
    "contact_points_pose": [
        [
            [
                1.0,
                0.0,
                0.0,
                0.0
            ],
            [
                0.0,
                1.0,
                -0.0,
                0.0
            ],
            [
                0.0,
                0.0,
                1.0,
                0.0
            ],
            [
                0.0,
                0.0,
                0.0,
                1.0
            ]
        ]
    ],
    "functional_matrix": [
        [
            [
                0.017999999225139618,
                0.9997900128364563,
                0.009979999624192715,
                0.0004400000034365803
            ],
            [
                0.5180500149726868,
                -0.017869999632239342,
                0.8551599979400635,
                1.0848599672317505
            ],
            [
                0.8551599979400635,
                -0.010219999589025974,
                -0.5182600021362305,
                0.44767001271247864
            ],
            [
                0.0,
                0.0,
                0.0,
                1.0
            ]
        ]
    ],
    "orientation_point": [],
    "contact_points_group": [],
    "contact_points_mask": [],
    "target_point_discription": [],
    "contact_points_discription": [],
    "functional_point_discription": [],
    "orientation_point_discription": [],
    "stable": true
}