{
    "center": [
        -0.000299015385622959,
        0.941718673200821,
        0.008751681611007145
    ],
    "extents": [
        1.5687367303551853,
        1.9483402780760886,
        1.5944194183189744
    ],
    "scale": [
        0.065,
        0.065,
        0.065
    ],
    "transform_matrix": [
        [
            1.0,
            0.0,
            0.0,
            0.0
        ],
        [
            0.0,
            1.0,
            0.0,
            0.0
        ],
        [
            0.0,
            0.0,
            1.0,
            0.0
        ],
        [
            0.0,
            0.0,
            0.0,
            1.0
        ]
    ],
    "target_pose": [],
    "contact_points_pose": [
        [
            [
                -0.018789999186992645,
                0.0016199999954551458,
                -0.9998199939727783,
                0.0028699999675154686
            ],
            [
                0.7856400012969971,
                0.6185299754142761,
                -0.01375999953597784,
                0.6048099994659424
            ],
            [
                0.618399977684021,
                -0.7857599854469299,
                -0.012900000438094139,
                -0.4461899995803833
            ],
            [
                0.0,
                0.0,
                0.0,
                1.0
            ]
        ]
    ],
    "functional_matrix": [
        [
            [
                0.0,
                1.0,
                -0.0,
                0.0037499999161809683
            ],
            [
                0.3396399915218353,
                0.0,
                0.940559983253479,
                1.2257399559020996
            ],
            [
                0.940559983253479,
                -0.0,
                -0.3396399915218353,
                0.3014099895954132
            ],
            [
                0.0,
                0.0,
                0.0,
                1.0
            ]
        ]
    ],
    "orientation_point": [],
    "contact_points_group": [],
    "contact_points_mask": [],
    "target_point_discription": [],
    "contact_points_discription": [],
    "functional_point_discription": [],
    "orientation_point_discription": [],
    "stable": true
}