{
    "center": [
        0.0006466588355749012,
        0.945550564885909,
        0.012254838248853183
    ],
    "extents": [
        1.899616265941886,
        1.927517641410226,
        1.89832898892333
    ],
    "scale": [
        0.08,
        0.08,
        0.08
    ],
    "transform_matrix": [
        [
            1.0,
            0.0,
            0.0,
            0.0
        ],
        [
            0.0,
            1.0,
            0.0,
            0.0
        ],
        [
            0.0,
            0.0,
            1.0,
            0.0
        ],
        [
            0.0,
            0.0,
            0.0,
            1.0
        ]
    ],
    "target_pose": [],
    "contact_points_pose": [
        [
            [
                -0.018859999254345894,
                0.0,
                -0.9998199939727783,
                -0.005400000140070915
            ],
            [
                0.7295600175857544,
                0.6837700009346008,
                -0.01375999953597784,
                1.2595399618148804
            ],
            [
                0.683650016784668,
                -0.7296900153160095,
                -0.012900000438094139,
                -0.5036900043487549
            ],
            [
                0.0,
                0.0,
                0.0,
                1.0
            ]
        ]
    ],
    "functional_matrix": [
        [
            [
                -0.0,
                1.0,
                0.0,
                -0.0013800000306218863
            ],
            [
                0.607990026473999,
                0.0,
                0.793940007686615,
                1.3129899501800537
            ],
            [
                0.793940007686615,
                0.0,
                -0.607990026473999,
                0.3898800015449524
            ],
            [
                0.0,
                0.0,
                0.0,
                1.0
            ]
        ]
    ],
    "orientation_point": [],
    "contact_points_group": [],
    "contact_points_mask": [],
    "target_point_discription": [],
    "contact_points_discription": [],
    "functional_point_discription": [],
    "orientation_point_discription": [],
    "stable": true
}