{
    "center": [
        -8.709972578067564e-05,
        0.7420045448624666,
        0.25474113345695687
    ],
    "extents": [
        1.0919074291169397,
        2.372264269196108,
        1.9663852999331026
    ],
    "scale": [
        0.065,
        0.065,
        0.065
    ],
    "transform_matrix": [
        [
            1.0,
            0.0,
            0.0,
            0.0
        ],
        [
            0.0,
            1.0,
            0.0,
            0.0
        ],
        [
            0.0,
            0.0,
            1.0,
            0.0
        ],
        [
            0.0,
            0.0,
            0.0,
            1.0
        ]
    ],
    "target_pose": [],
    "contact_points_pose": [
        [
            [
                -0.01795000024139881,
                -0.005849999841302633,
                -0.9998199939727783,
                -0.00267999991774559
            ],
            [
                0.9275400042533875,
                0.37325000762939453,
                -0.01882999949157238,
                0.8706600069999695
            ],
            [
                0.3732900023460388,
                -0.9277099967002869,
                -0.0012799999676644802,
                -0.2787899971008301
            ],
            [
                0.0,
                0.0,
                0.0,
                1.0
            ]
        ]
    ],
    "functional_matrix": [
        [
            [
                -9.999999747378752e-06,
                1.0,
                0.0,
                -0.001339999958872795
            ],
            [
                0.29822999238967896,
                0.0,
                0.9544900059700012,
                0.9074100255966187
            ],
            [
                0.9544900059700012,
                9.999999747378752e-06,
                -0.29822999238967896,
                0.41969001293182373
            ],
            [
                0.0,
                0.0,
                0.0,
                1.0
            ]
        ]
    ],
    "orientation_point": [],
    "contact_points_group": [],
    "contact_points_mask": [],
    "target_point_discription": [],
    "contact_points_discription": [],
    "functional_point_discription": [],
    "orientation_point_discription": [],
    "stable": true
}