{
    "center": [
        -0.0038230876697677874,
        0.9074942843719701,
        0.031249368056623705
    ],
    "extents": [
        1.0670589706403024,
        2.126172782551669,
        1.643642897610751
    ],
    "scale": [
        0.08,
        0.08,
        0.08
    ],
    "transform_matrix": [
        [
            1.0,
            0.0,
            0.0,
            0.0
        ],
        [
            0.0,
            1.0,
            0.0,
            0.0
        ],
        [
            0.0,
            0.0,
            1.0,
            0.0
        ],
        [
            0.0,
            0.0,
            0.0,
            1.0
        ]
    ],
    "target_pose": [],
    "contact_points_pose": [
        [
            [
                0.0006200000061653554,
                -0.999970018863678,
                -0.0076299998909235,
                -0.0004400000034365803
            ],
            [
                0.9565500020980835,
                0.0028200000524520874,
                -0.29155999422073364,
                1.1036800146102905
            ],
            [
                0.2915700078010559,
                -0.007120000198483467,
                0.9565200209617615,
                -0.47947999835014343
            ],
            [
                0.0,
                0.0,
                0.0,
                1.0
            ]
        ],
        [
            [
                0.0006200000061653554,
                0.999970018863678,
                0.0076299998909235,
                -0.0004400000034365803
            ],
            [
                0.9565500020980835,
                -0.0028200000524520874,
                0.29155999422073364,
                1.1036800146102905
            ],
            [
                0.2915700078010559,
                0.007120000198483467,
                -0.9565200209617615,
                -0.47947999835014343
            ],
            [
                0.0,
                0.0,
                0.0,
                1.0
            ]
        ]
    ],
    "functional_matrix": [
        [
            [
                -0.0,
                1.0,
                0.0,
                0.0008999999845400453
            ],
            [
                0.4623500108718872,
                0.0,
                0.8866999745368958,
                1.2325199842453003
            ],
            [
                0.8866999745368958,
                0.0,
                -0.4623500108718872,
                0.44012999534606934
            ],
            [
                0.0,
                0.0,
                0.0,
                1.0
            ]
        ]
    ],
    "orientation_point": [],
    "contact_points_group": [
        [
            0,
            1
        ]
    ],
    "contact_points_mask": [
        true
    ],
    "target_point_discription": [],
    "contact_points_discription": [],
    "functional_point_discription": [],
    "orientation_point_discription": [],
    "stable": true
}