{
    "center": [
        -1.9513078837180248e-05,
        0.8930259054914902,
        0.003929707803610028
    ],
    "extents": [
        0.8716028460989852,
        1.831049671772204,
        2.2676019881153184
    ],
    "scale": [
        0.1,
        0.1,
        0.1
    ],
    "transform_matrix": [
        [
            1.0,
            0.0,
            0.0,
            0.0
        ],
        [
            0.0,
            1.0,
            0.0,
            0.0
        ],
        [
            0.0,
            0.0,
            1.0,
            0.0
        ],
        [
            0.0,
            0.0,
            0.0,
            1.0
        ]
    ],
    "target_pose": [],
    "contact_points_pose": [
        [
            [
                -0.02404000051319599,
                -9.999999747378752e-06,
                0.9997100234031677,
                0.0
            ],
            [
                0.5154100060462952,
                0.8568500280380249,
                0.012409999966621399,
                0.7386400103569031
            ],
            [
                -0.8566100001335144,
                0.51555997133255,
                -0.020589999854564667,
                0.07084999978542328
            ],
            [
                0.0,
                0.0,
                0.0,
                1.0
            ]
        ],
        [
            [
                0.015860000625252724,
                9.999999747378752e-06,
                -0.9998700022697449,
                0.0
            ],
            [
                -0.5154899954795837,
                0.8568599820137024,
                -0.0081599997356534,
                0.7386400103569031
            ],
            [
                0.8567500114440918,
                0.5155500173568726,
                0.01358999963849783,
                0.07084999978542328
            ],
            [
                0.0,
                0.0,
                0.0,
                1.0
            ]
        ]
    ],
    "functional_matrix": [
        [
            [
                0.03654000163078308,
                0.0,
                0.9993299841880798,
                0.40174001455307007
            ],
            [
                -0.0,
                1.0,
                -0.0,
                1.2596700191497803
            ],
            [
                -0.9993299841880798,
                -0.0,
                0.03654000163078308,
                -0.5083900094032288
            ],
            [
                0.0,
                0.0,
                0.0,
                1.0
            ]
        ],
        [
            [
                0.008630000054836273,
                -0.0,
                -0.9999600052833557,
                -0.3909899890422821
            ],
            [
                0.0,
                1.0,
                -0.0,
                1.2596700191497803
            ],
            [
                0.9999600052833557,
                -0.0,
                0.008630000054836273,
                -0.5083900094032288
            ],
            [
                0.0,
                0.0,
                0.0,
                1.0
            ]
        ]
    ],
    "orientation_point": [],
    "contact_points_group": [
        [
            0,
            1
        ]
    ],
    "contact_points_mask": [
        true
    ],
    "target_point_discription": [],
    "contact_points_discription": [],
    "functional_point_discription": [],
    "orientation_point_discription": [],
    "stable": false
}