{
    "center": [
        3.389828355980691e-05,
        0.2679270724448778,
        -0.04651175255595861
    ],
    "extents": [
        0.7027672619504279,
        1.3649108316691998,
        2.060583132244431
    ],
    "scale": [
        0.1,
        0.1,
        0.1
    ],
    "transform_matrix": [
        [
            1.0,
            0.0,
            0.0,
            0.0
        ],
        [
            0.0,
            1.0,
            0.0,
            0.0
        ],
        [
            0.0,
            0.0,
            1.0,
            0.0
        ],
        [
            0.0,
            0.0,
            0.0,
            1.0
        ]
    ],
    "target_pose": [],
    "contact_points_pose": [
        [
            [
                -0.00887999963015318,
                9.999999747378752e-06,
                -0.9999600052833557,
                0.0
            ],
            [
                -0.3448300063610077,
                0.9386600255966187,
                0.0030700000934302807,
                0.3927600085735321
            ],
            [
                0.9386199712753296,
                0.34483999013900757,
                -0.008340000174939632,
                0.07084999978542328
            ],
            [
                0.0,
                0.0,
                0.0,
                1.0
            ]
        ],
        [
            [
                1.9999999494757503e-05,
                -9.999999747378752e-06,
                1.0,
                0.0
            ],
            [
                0.37303999066352844,
                0.92781001329422,
                0.0,
                0.3927600085735321
            ],
            [
                -0.92781001329422,
                0.3730500042438507,
                1.9999999494757503e-05,
                0.07084999978542328
            ],
            [
                0.0,
                0.0,
                0.0,
                1.0
            ]
        ]
    ],
    "functional_matrix": [
        [
            [
                0.03654000163078308,
                0.0,
                0.9993299841880798,
                0.3566400110721588
            ],
            [
                -0.0,
                1.0,
                -0.0,
                0.570110023021698
            ],
            [
                -0.9993299841880798,
                -0.0,
                0.03654000163078308,
                -0.6300299763679504
            ],
            [
                0.0,
                0.0,
                0.0,
                1.0
            ]
        ],
        [
            [
                0.008630000054836273,
                -0.0,
                -0.9999600052833557,
                -0.3520300090312958
            ],
            [
                0.0,
                1.0,
                -0.0,
                0.5447900295257568
            ],
            [
                0.9999600052833557,
                -0.0,
                0.008630000054836273,
                -0.6513500213623047
            ],
            [
                0.0,
                0.0,
                0.0,
                1.0
            ]
        ]
    ],
    "orientation_point": [],
    "contact_points_group": [
        [
            0,
            1
        ]
    ],
    "contact_points_mask": [
        true
    ],
    "target_point_discription": [],
    "contact_points_discription": [],
    "functional_point_discription": [],
    "orientation_point_discription": [],
    "stable": false
}