{
    "center": [
        0.056773974814238064,
        0.5633255384709622,
        -0.033889208188437055
    ],
    "extents": [
        0.908037264452203,
        1.9684941571962602,
        2.1169860322637923
    ],
    "scale": [
        0.1,
        0.1,
        0.1
    ],
    "transform_matrix": [
        [
            1.0,
            0.0,
            0.0,
            0.0
        ],
        [
            0.0,
            1.0,
            0.0,
            0.0
        ],
        [
            0.0,
            0.0,
            1.0,
            0.0
        ],
        [
            0.0,
            0.0,
            0.0,
            1.0
        ]
    ],
    "target_pose": [],
    "contact_points_pose": [
        [
            [
                -0.008019999600946903,
                -0.0037899999879300594,
                -0.9999600052833557,
                0.026000000536441803
            ],
            [
                0.6202899813652039,
                0.7843300104141235,
                -0.00795000046491623,
                0.5342699885368347
            ],
            [
                0.7843300104141235,
                -0.6203299760818481,
                -0.00394000019878149,
                -0.3451099991798401
            ],
            [
                0.0,
                0.0,
                0.0,
                1.0
            ]
        ],
        [
            [
                9.999999747378752e-06,
                -1.9999999494757503e-05,
                1.0,
                0.026000000536441803
            ],
            [
                -0.5836600065231323,
                0.8119999766349792,
                1.9999999494757503e-05,
                0.5342699885368347
            ],
            [
                -0.8119999766349792,
                -0.5836600065231323,
                -0.0,
                -0.3451099991798401
            ],
            [
                0.0,
                0.0,
                0.0,
                1.0
            ]
        ]
    ],
    "functional_matrix": [
        [
            [
                0.00014000000373926014,
                0.9995700120925903,
                0.02928999997675419,
                -0.013899999670684338
            ],
            [
                -0.6439800262451172,
                0.02250000089406967,
                -0.764710009098053,
                0.4951300024986267
            ],
            [
                -0.7650399804115295,
                -0.01875000074505806,
                0.6437100172042847,
                0.6688500046730042
            ],
            [
                0.0,
                0.0,
                0.0,
                1.0
            ]
        ],
        [
            [
                0.003980000037699938,
                0.9999499917030334,
                -0.009069999679923058,
                0.0215000007301569
            ],
            [
                0.6019899845123291,
                0.0048500001430511475,
                0.7984899878501892,
                1.2868000268936157
            ],
            [
                0.7985000014305115,
                -0.008630000054836273,
                -0.6019399762153625,
                0.18355000019073486
            ],
            [
                0.0,
                0.0,
                0.0,
                1.0
            ]
        ]
    ],
    "orientation_point": [],
    "contact_points_group": [
        [
            0,
            1
        ]
    ],
    "contact_points_mask": [
        true
    ],
    "target_point_discription": [],
    "contact_points_discription": [],
    "functional_point_discription": [],
    "orientation_point_discription": [],
    "stable": false
}