{
    "center": [
        0.0058921433039190296,
        0.3731504873286636,
        0.06578864561218796
    ],
    "extents": [
        0.6357070989713467,
        1.618432940602359,
        2.09062557086927
    ],
    "scale": [
        0.1,
        0.1,
        0.1
    ],
    "transform_matrix": [
        [
            1.0,
            0.0,
            0.0,
            0.0
        ],
        [
            0.0,
            1.0,
            0.0,
            0.0
        ],
        [
            0.0,
            0.0,
            1.0,
            0.0
        ],
        [
            0.0,
            0.0,
            0.0,
            1.0
        ]
    ],
    "target_pose": [],
    "contact_points_pose": [
        [
            [
                -0.00887999963015318,
                9.999999747378752e-06,
                -0.9999600052833557,
                0.0
            ],
            [
                0.41675999760627747,
                0.9090099930763245,
                -0.0036899999249726534,
                0.41499000787734985
            ],
            [
                0.9089699983596802,
                -0.4167799949645996,
                -0.008070000447332859,
                -0.23707999289035797
            ],
            [
                0.0,
                0.0,
                0.0,
                1.0
            ]
        ],
        [
            [
                1.9999999494757503e-05,
                -9.999999747378752e-06,
                1.0,
                0.0
            ],
            [
                -0.3894200026988983,
                0.9210600256919861,
                1.9999999494757503e-05,
                0.41499000787734985
            ],
            [
                -0.9210600256919861,
                -0.3894200026988983,
                9.999999747378752e-06,
                -0.23707999289035797
            ],
            [
                0.0,
                0.0,
                0.0,
                1.0
            ]
        ]
    ],
    "functional_matrix": [
        [
            [
                0.03654000163078308,
                0.0,
                0.9993299841880798,
                0.28586000204086304
            ],
            [
                -0.0,
                1.0,
                -0.0,
                0.698170006275177
            ],
            [
                -0.9993299841880798,
                0.0,
                0.03654000163078308,
                0.6197100281715393
            ],
            [
                0.0,
                0.0,
                0.0,
                1.0
            ]
        ],
        [
            [
                0.008630000054836273,
                -0.0,
                -0.9999600052833557,
                -0.2837499976158142
            ],
            [
                0.0,
                1.0,
                -0.0,
                0.6658200025558472
            ],
            [
                0.9999600052833557,
                0.0,
                0.008630000054836273,
                0.6093500256538391
            ],
            [
                0.0,
                0.0,
                0.0,
                1.0
            ]
        ]
    ],
    "orientation_point": [],
    "contact_points_group": [
        [
            0,
            1
        ]
    ],
    "contact_points_mask": [
        true
    ],
    "target_point_discription": [],
    "contact_points_discription": [],
    "functional_point_discription": [],
    "orientation_point_discription": [],
    "stable": false
}