{
    "center": [
        0.0001780857046968056,
        0.3278353639154665,
        0.0006093814618518623
    ],
    "extents": [
        0.45747394952614717,
        0.689795179302338,
        1.9336142001633083
    ],
    "scale": [
        0.1,
        0.1,
        0.1
    ],
    "transform_matrix": [
        [
            1.0,
            0.0,
            0.0,
            0.0
        ],
        [
            0.0,
            1.0,
            0.0,
            0.0
        ],
        [
            0.0,
            0.0,
            1.0,
            0.0
        ],
        [
            0.0,
            0.0,
            0.0,
            1.0
        ]
    ],
    "target_pose": [],
    "contact_points_pose": [
        [
            [
                -0.008019999600946903,
                -0.0037899999879300594,
                -0.9999600052833557,
                0.0
            ],
            [
                -0.013120000250637531,
                0.9999099969863892,
                -0.0036899999249726534,
                0.31286999583244324
            ],
            [
                0.9998800158500671,
                0.013089999556541443,
                -0.008070000447332859,
                0.2727699875831604
            ],
            [
                0.0,
                0.0,
                0.0,
                1.0
            ]
        ],
        [
            [
                9.999999747378752e-06,
                -1.9999999494757503e-05,
                1.0,
                0.0
            ],
            [
                0.012520000338554382,
                0.9999200105667114,
                1.9999999494757503e-05,
                0.31286999583244324
            ],
            [
                -0.9999200105667114,
                0.012520000338554382,
                9.999999747378752e-06,
                0.2727699875831604
            ],
            [
                0.0,
                0.0,
                0.0,
                1.0
            ]
        ]
    ],
    "functional_matrix": [
        [
            [
                0.03654000163078308,
                0.0,
                0.9993299841880798,
                0.28586000204086304
            ],
            [
                -0.0,
                1.0,
                -0.0,
                0.3245300054550171
            ],
            [
                -0.9993299841880798,
                0.0,
                0.03654000163078308,
                -0.731909990310669
            ],
            [
                0.0,
                0.0,
                0.0,
                1.0
            ]
        ],
        [
            [
                0.008630000054836273,
                -0.0,
                -0.9999600052833557,
                -0.21332000195980072
            ],
            [
                0.0,
                1.0,
                -0.0,
                0.3241899907588959
            ],
            [
                0.9999600052833557,
                0.0,
                0.008630000054836273,
                -0.7536900043487549
            ],
            [
                0.0,
                0.0,
                0.0,
                1.0
            ]
        ]
    ],
    "orientation_point": [],
    "contact_points_group": [
        [
            0,
            1
        ]
    ],
    "contact_points_mask": [
        true
    ],
    "target_point_discription": [],
    "contact_points_discription": [],
    "functional_point_discription": [],
    "orientation_point_discription": [],
    "stable": true
}