{
    "scale": 0.1,
    "transform_matrix": [
        [
            0.9968931674957275,
            -0.07859643548727036,
            0.005163043271750212,
            0
        ],
        [
            0.078610859811306,
            0.9969018697738647,
            -0.0026529692113399506,
            0
        ],
        [
            -0.004938533063977957,
            0.0030505978502333164,
            0.9999831318855286,
            0.031548384577035904
        ],
        [
            0.0,
            0.0,
            0.0,
            1.0
        ]
    ],
    "init_qpos": [
        0.0,
        -0.006555768195539713
    ],
    "target_points": [],
    "contact_points": [
        {
            "matrix": [
                [
                    -0.0817900002002716,
                    0.01631000079214573,
                    -0.9965199828147888,
                    -0.023409999907016754
                ],
                [
                    0.09465999901294708,
                    0.9954699873924255,
                    0.00851999968290329,
                    0.7114499807357788
                ],
                [
                    0.992139995098114,
                    -0.09363000094890594,
                    -0.08296000212430954,
                    -0.0522099994122982
                ],
                [
                    0.0,
                    0.0,
                    0.0,
                    1.0
                ]
            ],
            "base": "link_1"
        }
    ],
    "functional_points": [
        {
            "matrix": [
                [
                    0.022830000147223473,
                    -0.9997400045394897,
                    0.0009299999801442027,
                    0.014790000393986702
                ],
                [
                    0.6352800130844116,
                    0.013790000230073929,
                    -0.772159993648529,
                    0.270579993724823
                ],
                [
                    0.7719500064849854,
                    0.018209999427199364,
                    0.6354299783706665,
                    0.7436100244522095
                ],
                [
                    0.0,
                    0.0,
                    0.0,
                    1.0
                ]
            ],
            "base": "link_2"
        }
    ],
    "orientation_point": [],
    "contact_points_group": [],
    "contact_points_mask": [],
    "target_points_discription": [],
    "contact_points_discription": [],
    "functional_points_discription": [],
    "orientation_point_discription": []
}