{
    "stable": true,
    "center": [
        -0.00017861458660803364,
        0.946173901462064,
        -0.0002318058063136142
    ],
    "extents": [
        2.144049731485242,
        2.201535012848795,
        2.19116198536721
    ]
}