{
    "stable": true,
    "center": [
        0.0003897177528032961,
        0.07864795586079006,
        0.0010010341922286417
    ],
    "extents": [
        1.2077379560684962,
        0.19466661506585856,
        1.9282744037866661
    ]
}