{
    "stable": true,
    "center": [
        0.00015251447379940541,
        0.06467479434389191,
        0.00011680040599596347
    ],
    "extents": [
        1.9347550330327468,
        0.1641320619735222,
        1.8474492410056387
    ]
}