{
    "stable": true,
    "center": [
        9.989522642215557e-05,
        0.06942286912325402,
        0.0003451305615367244
    ],
    "extents": [
        1.374396908619702,
        0.17404415256600858,
        1.9348161607254828
    ]
}