{
    "stable": true,
    "center": [
        -0.0007016497774762037,
        0.08185450992205857,
        -1.674774663707298e-05
    ],
    "extents": [
        1.9337019345296853,
        0.1860751789881171,
        1.2761577627846308
    ]
}