{
    "stable": true,
    "center": [
        -7.138915876647313e-05,
        0.07733141383763698,
        0.000106007889805659
    ],
    "extents": [
        1.198286296847799,
        0.1895850612940101,
        1.9349990773962957
    ]
}