{
    "center": [
        0.0004232952314340559,
        0.1499544229526005,
        1.2129272205644847e-05
    ],
    "extents": [
        0.13980412765793687,
        0.3060287652008066,
        0.13839005578622157
    ],
    "scale": [
        0.8,
        0.8,
        0.8
    ],
    "transform_matrix": [
        [
            1.0,
            0.0,
            0.0,
            0.0
        ],
        [
            0.0,
            1.0,
            0.0,
            0.0
        ],
        [
            0.0,
            0.0,
            1.0,
            0.0
        ],
        [
            0.0,
            0.0,
            0.0,
            1.0
        ]
    ],
    "target_pose": [],
    "contact_points_pose": [
        [
            [
                -0.0010499999625608325,
                -1.0,
                -0.0003100000030826777,
                0.0
            ],
            [
                1.0,
                -0.0010499999625608325,
                -0.0,
                0.14372000098228455
            ],
            [
                -0.0,
                -0.0003100000030826777,
                1.0,
                -0.0
            ],
            [
                0.0,
                0.0,
                0.0,
                1.0
            ]
        ],
        [
            [
                -0.0010499999625608325,
                1.9999999494757503e-05,
                1.0,
                0.0
            ],
            [
                1.0,
                0.0,
                0.0010499999625608325,
                0.14372000098228455
            ],
            [
                -0.0,
                1.0,
                -1.9999999494757503e-05,
                -0.0
            ],
            [
                0.0,
                0.0,
                0.0,
                1.0
            ]
        ],
        [
            [
                -0.0010499999625608325,
                1.0,
                -1.9999999494757503e-05,
                0.0
            ],
            [
                1.0,
                0.0010499999625608325,
                -0.0,
                0.14372000098228455
            ],
            [
                -0.0,
                -1.9999999494757503e-05,
                -1.0,
                -0.0
            ],
            [
                0.0,
                0.0,
                0.0,
                1.0
            ]
        ],
        [
            [
                -0.0010499999625608325,
                -1.9999999494757503e-05,
                -1.0,
                0.0
            ],
            [
                1.0,
                -0.0,
                -0.0010499999625608325,
                0.14372000098228455
            ],
            [
                -0.0,
                -1.0,
                1.9999999494757503e-05,
                -0.0
            ],
            [
                0.0,
                0.0,
                0.0,
                1.0
            ]
        ]
    ],
    "functional_matrix": [],
    "orientation_point": [],
    "contact_points_group": [
        [
            0,
            1,
            2,
            3
        ]
    ],
    "contact_points_mask": [
        true
    ],
    "target_point_discription": [],
    "contact_points_discription": [],
    "functional_point_discription": [],
    "orientation_point_discription": [],
    "stable": true
}