{
    "center": [
        3.866851329796465e-06,
        0.12499816266612303,
        7.61775015016304e-05
    ],
    "extents": [
        0.07942256331443788,
        0.2545847324854081,
        0.06182509486132477
    ],
    "scale": [
        0.8,
        0.8,
        0.8
    ],
    "transform_matrix": [
        [
            1.0,
            0.0,
            0.0,
            0.0
        ],
        [
            0.0,
            1.0,
            0.0,
            0.0
        ],
        [
            0.0,
            0.0,
            1.0,
            0.0
        ],
        [
            0.0,
            0.0,
            0.0,
            1.0
        ]
    ],
    "target_pose": [],
    "contact_points_pose": [
        [
            [
                -0.0010499999625608325,
                -1.0,
                -0.0003100000030826777,
                0.0
            ],
            [
                1.0,
                -0.0010499999625608325,
                -0.0,
                0.14372000098228455
            ],
            [
                -0.0,
                -0.0003100000030826777,
                1.0,
                -0.0
            ],
            [
                0.0,
                0.0,
                0.0,
                1.0
            ]
        ],
        [
            [
                -0.0010499999625608325,
                1.9999999494757503e-05,
                1.0,
                0.0
            ],
            [
                1.0,
                0.0,
                0.0010499999625608325,
                0.14372000098228455
            ],
            [
                -0.0,
                1.0,
                -1.9999999494757503e-05,
                -0.0
            ],
            [
                0.0,
                0.0,
                0.0,
                1.0
            ]
        ],
        [
            [
                -0.0010499999625608325,
                1.0,
                -1.9999999494757503e-05,
                0.0
            ],
            [
                1.0,
                0.0010499999625608325,
                -0.0,
                0.14372000098228455
            ],
            [
                -0.0,
                -1.9999999494757503e-05,
                -1.0,
                -0.0
            ],
            [
                0.0,
                0.0,
                0.0,
                1.0
            ]
        ],
        [
            [
                -0.0010499999625608325,
                -1.9999999494757503e-05,
                -1.0,
                0.0
            ],
            [
                1.0,
                -0.0,
                -0.0010499999625608325,
                0.14372000098228455
            ],
            [
                -0.0,
                -1.0,
                1.9999999494757503e-05,
                -0.0
            ],
            [
                0.0,
                0.0,
                0.0,
                1.0
            ]
        ]
    ],
    "functional_matrix": [],
    "orientation_point": [],
    "contact_points_group": [
        [
            0,
            1,
            2,
            3
        ]
    ],
    "contact_points_mask": [
        true
    ],
    "target_point_discription": [],
    "contact_points_discription": [],
    "functional_point_discription": [],
    "orientation_point_discription": [],
    "stable": true
}