{
    "center": [
        -7.569566331652546e-05,
        0.07430885654430809,
        -0.0022223312689887364
    ],
    "extents": [
        0.11000647929895424,
        0.1543680591729763,
        0.11594184921649575
    ],
    "scale": [
        1.0,
        1.0,
        1.0
    ],
    "transform_matrix": [
        [
            1.0,
            0.0,
            0.0,
            0.0
        ],
        [
            0.0,
            1.0,
            0.0,
            0.0
        ],
        [
            0.0,
            0.0,
            1.0,
            0.0
        ],
        [
            0.0,
            0.0,
            0.0,
            1.0
        ]
    ],
    "target_pose": [],
    "contact_points_pose": [
        [
            [
                -0.0010499999625608325,
                -1.0,
                1.9999999494757503e-05,
                0.0
            ],
            [
                1.0,
                -0.0010499999625608325,
                0.0,
                0.07635000348091125
            ],
            [
                -0.0,
                1.9999999494757503e-05,
                1.0,
                -0.0
            ],
            [
                0.0,
                0.0,
                0.0,
                1.0
            ]
        ],
        [
            [
                -0.0010499999625608325,
                1.9999999494757503e-05,
                1.0,
                0.0
            ],
            [
                1.0,
                0.0,
                0.0010499999625608325,
                0.07635000348091125
            ],
            [
                -0.0,
                1.0,
                -1.9999999494757503e-05,
                -0.0
            ],
            [
                0.0,
                0.0,
                0.0,
                1.0
            ]
        ],
        [
            [
                -0.0010499999625608325,
                1.0,
                -1.9999999494757503e-05,
                0.0
            ],
            [
                1.0,
                0.0010499999625608325,
                -0.0,
                0.07635000348091125
            ],
            [
                -0.0,
                -1.9999999494757503e-05,
                -1.0,
                -0.0
            ],
            [
                0.0,
                0.0,
                0.0,
                1.0
            ]
        ],
        [
            [
                -0.0010499999625608325,
                -1.9999999494757503e-05,
                -1.0,
                0.0
            ],
            [
                1.0,
                -0.0,
                -0.0010499999625608325,
                0.07635000348091125
            ],
            [
                -0.0,
                -1.0,
                1.9999999494757503e-05,
                -0.0
            ],
            [
                0.0,
                0.0,
                0.0,
                1.0
            ]
        ]
    ],
    "functional_matrix": [],
    "orientation_point": [],
    "contact_points_group": [
        [
            0,
            1,
            2,
            3
        ]
    ],
    "contact_points_mask": [
        true
    ],
    "target_point_discription": [],
    "contact_points_discription": [],
    "functional_point_discription": [],
    "orientation_point_discription": [],
    "stable": false
}