{
    "center": [
        -5.1988027430353607e-05,
        0.12500070803545021,
        8.108763515008702e-06
    ],
    "extents": [
        0.14591656001989645,
        0.2544610207541023,
        0.14580834378016483
    ],
    "scale": [
        0.8,
        0.8,
        0.8
    ],
    "transform_matrix": [
        [
            1.0,
            0.0,
            0.0,
            0.0
        ],
        [
            0.0,
            1.0,
            0.0,
            0.0
        ],
        [
            0.0,
            0.0,
            1.0,
            0.0
        ],
        [
            0.0,
            0.0,
            0.0,
            1.0
        ]
    ],
    "target_pose": [],
    "contact_points_pose": [
        [
            [
                -0.0010499999625608325,
                -1.0,
                1.9999999494757503e-05,
                0.0
            ],
            [
                1.0,
                -0.0010499999625608325,
                0.0,
                0.07635000348091125
            ],
            [
                -0.0,
                1.9999999494757503e-05,
                1.0,
                -0.0
            ],
            [
                0.0,
                0.0,
                0.0,
                1.0
            ]
        ],
        [
            [
                -0.0010499999625608325,
                1.9999999494757503e-05,
                1.0,
                0.0
            ],
            [
                1.0,
                0.0,
                0.0010499999625608325,
                0.07635000348091125
            ],
            [
                -0.0,
                1.0,
                -1.9999999494757503e-05,
                -0.0
            ],
            [
                0.0,
                0.0,
                0.0,
                1.0
            ]
        ],
        [
            [
                -0.0010499999625608325,
                1.0,
                -1.9999999494757503e-05,
                0.0
            ],
            [
                1.0,
                0.0010499999625608325,
                -0.0,
                0.07635000348091125
            ],
            [
                -0.0,
                -1.9999999494757503e-05,
                -1.0,
                -0.0
            ],
            [
                0.0,
                0.0,
                0.0,
                1.0
            ]
        ],
        [
            [
                -0.0010499999625608325,
                -1.9999999494757503e-05,
                -1.0,
                0.0
            ],
            [
                1.0,
                -0.0,
                -0.0010499999625608325,
                0.07635000348091125
            ],
            [
                -0.0,
                -1.0,
                1.9999999494757503e-05,
                -0.0
            ],
            [
                0.0,
                0.0,
                0.0,
                1.0
            ]
        ]
    ],
    "functional_matrix": [],
    "orientation_point": [],
    "contact_points_group": [
        [
            0,
            1,
            2,
            3
        ]
    ],
    "contact_points_mask": [
        true
    ],
    "target_point_discription": [],
    "contact_points_discription": [],
    "functional_point_discription": [],
    "orientation_point_discription": [],
    "stable": false
}