{
    "center": [
        -0.00013458298810249198,
        0.9469662581659241,
        -0.0011965574622773145
    ],
    "extents": [
        0.6577950717277037,
        1.9289738200169606,
        1.9214374716018645
    ],
    "scale": [
        0.08,
        0.08,
        0.08
    ],
    "transform_matrix": [
        [
            1.0,
            0.0,
            0.0,
            0.0
        ],
        [
            0.0,
            1.0,
            0.0,
            0.0
        ],
        [
            0.0,
            0.0,
            1.0,
            0.0
        ],
        [
            0.0,
            0.0,
            0.0,
            1.0
        ]
    ],
    "target_pose": [],
    "contact_points_pose": [
        [
            [
                0.00033000000985339284,
                9.999999747378752e-05,
                -1.0,
                0.0
            ],
            [
                0.9592499732971191,
                0.28255999088287354,
                0.0003499999875202775,
                0.944599986076355
            ],
            [
                0.28255999088287354,
                -0.9592499732971191,
                0.0,
                -0.5116099715232849
            ],
            [
                0.0,
                0.0,
                0.0,
                1.0
            ]
        ]
    ],
    "functional_matrix": [
        [
            [
                1.0,
                0.0,
                0.0,
                0.0
            ],
            [
                0.0,
                1.0,
                0.0,
                1.6371300220489502
            ],
            [
                0.0,
                -0.0,
                1.0,
                0.9401599764823914
            ],
            [
                0.0,
                0.0,
                0.0,
                1.0
            ]
        ]
    ],
    "orientation_point": [],
    "contact_points_group": [],
    "contact_points_mask": [],
    "target_point_discription": [],
    "contact_points_discription": [],
    "functional_point_discription": [],
    "orientation_point_discription": [],
    "stable": false
}