{
    "center": [
        0.0018435174470463045,
        0.7035835290336395,
        -0.005483525089793646
    ],
    "extents": [
        0.5637520741848034,
        1.4438091827473774,
        1.9230104773532515
    ],
    "scale": [
        0.08,
        0.08,
        0.08
    ],
    "transform_matrix": [
        [
            1.0,
            0.0,
            0.0,
            0.0
        ],
        [
            0.0,
            1.0,
            0.0,
            0.0
        ],
        [
            0.0,
            0.0,
            1.0,
            0.0
        ],
        [
            0.0,
            0.0,
            0.0,
            1.0
        ]
    ],
    "target_pose": [],
    "contact_points_pose": [
        [
            [
                0.00031999999191612005,
                9.999999747378752e-05,
                -1.0,
                -9.999999747378752e-06
            ],
            [
                0.9331700205802917,
                0.3594299852848053,
                0.00033000000985339284,
                0.558929979801178
            ],
            [
                0.3594299852848053,
                -0.9331700205802917,
                1.9999999494757503e-05,
                -0.6985099911689758
            ],
            [
                0.0,
                0.0,
                0.0,
                1.0
            ]
        ]
    ],
    "functional_matrix": [
        [
            [
                1.0,
                0.0,
                0.0,
                0.0
            ],
            [
                0.0,
                0.9146000146865845,
                -0.40435999631881714,
                0.8057199716567993
            ],
            [
                0.0,
                0.40435999631881714,
                0.9146000146865845,
                0.9363399744033813
            ],
            [
                0.0,
                0.0,
                0.0,
                1.0
            ]
        ]
    ],
    "orientation_point": [],
    "contact_points_group": [],
    "contact_points_mask": [],
    "target_point_discription": [],
    "contact_points_discription": [],
    "functional_point_discription": [],
    "orientation_point_discription": [],
    "stable": false
}