{
    "stable": true,
    "center": [
        5.320991207524826e-05,
        0.9504275769557294,
        0.001003401895775803
    ],
    "extents": [
        1.2094891605778062,
        1.9370404562153607,
        0.9869973731895249
    ]
}