{
    "stable": true,
    "center": [
        1.821952536104429e-05,
        0.949814663327685,
        0.001021478475120442
    ],
    "extents": [
        1.1990962112398302,
        1.9324393506016742,
        1.0117886733101316
    ]
}