{
    "stable": true,
    "center": [
        0.00024988781950680054,
        0.94952299280435,
        0.0031822164337700397
    ],
    "extents": [
        1.3656358214150899,
        1.9342105422364726,
        1.3668463116736493
    ]
}