{
    "stable": true,
    "center": [
        -1.1610482717566396e-05,
        0.9538475730230505,
        -0.0001645567175704509
    ],
    "extents": [
        1.6870481203928163,
        1.942688679327101,
        1.5975922822236883
    ]
}