{
    "stable": true,
    "center": [
        -2.6819887383169694e-06,
        0.6351237793259702,
        5.5377980722063884e-05
    ],
    "extents": [
        1.9299601361114767,
        1.3032932671307558,
        0.706724877968958
    ]
}