{
    "stable": true,
    "center": [
        4.3250735767945425e-05,
        0.9502841313048153,
        -0.0007235937799795297
    ],
    "extents": [
        1.124096427856812,
        1.935167998826259,
        1.0884406255397343
    ]
}