{
    "center": [
        2.4288933365814523e-05,
        0.34271241028864546,
        -0.0003848455664018171
    ],
    "extents": [
        1.9266486446304525,
        0.7177708087197564,
        1.2193610683812213
    ],
    "scale": [
        0.1,
        0.1,
        0.1
    ],
    "transform_matrix": [
        [
            1.0,
            0.0,
            0.0,
            0.0
        ],
        [
            0.0,
            1.0,
            0.0,
            0.0
        ],
        [
            0.0,
            0.0,
            1.0,
            0.0
        ],
        [
            0.0,
            0.0,
            0.0,
            1.0
        ]
    ],
    "target_pose": [],
    "contact_points_pose": [
        [
            [
                0.5700100064277649,
                -0.8216400146484375,
                9.999999747378752e-06,
                -0.8390300273895264
            ],
            [
                0.8216400146484375,
                0.5700100064277649,
                -0.0,
                0.5520200133323669
            ],
            [
                -0.0,
                9.999999747378752e-06,
                1.0,
                0.1401199996471405
            ],
            [
                0.0,
                0.0,
                0.0,
                1.0
            ]
        ],
        [
            [
                -0.6596300005912781,
                0.7515900135040283,
                -0.0,
                0.8545100092887878
            ],
            [
                0.7515900135040283,
                0.6596300005912781,
                0.0,
                0.543940007686615
            ],
            [
                0.0,
                -0.0,
                -1.0,
                -0.0
            ],
            [
                0.0,
                0.0,
                0.0,
                1.0
            ]
        ]
    ],
    "functional_matrix": [],
    "orientation_point": [],
    "contact_points_group": [],
    "contact_points_mask": [],
    "target_point_discription": [],
    "contact_points_discription": [],
    "functional_point_discription": [],
    "orientation_point_discription": [],
    "stable": true
}