{
    "center": [
        0.00018089605314274682,
        0.34147670366019744,
        0.00019174009783483442
    ],
    "extents": [
        1.9269686355820903,
        0.7193699249591399,
        0.9652745642087945
    ],
    "scale": [
        0.1,
        0.1,
        0.1
    ],
    "transform_matrix": [
        [
            1.0,
            0.0,
            0.0,
            0.0
        ],
        [
            0.0,
            1.0,
            0.0,
            0.0
        ],
        [
            0.0,
            0.0,
            1.0,
            0.0
        ],
        [
            0.0,
            0.0,
            0.0,
            1.0
        ]
    ],
    "target_pose": [],
    "contact_points_pose": [
        [
            [
                0.5305799841880798,
                -0.8476399779319763,
                1.9999999494757503e-05,
                -0.8096100091934204
            ],
            [
                0.8476399779319763,
                0.5305799841880798,
                -9.999999747378752e-06,
                0.5459700226783752
            ],
            [
                -0.0,
                1.9999999494757503e-05,
                1.0,
                0.1401199996471405
            ],
            [
                0.0,
                0.0,
                0.0,
                1.0
            ]
        ],
        [
            [
                -0.5881999731063843,
                0.8087199926376343,
                -2.9999999242136255e-05,
                0.8593500256538391
            ],
            [
                0.8087199926376343,
                0.5881999731063843,
                -9.999999747378752e-06,
                0.549049973487854
            ],
            [
                9.999999747378752e-06,
                -2.9999999242136255e-05,
                -1.0,
                -0.0
            ],
            [
                0.0,
                0.0,
                0.0,
                1.0
            ]
        ]
    ],
    "functional_matrix": [],
    "orientation_point": [],
    "contact_points_group": [],
    "contact_points_mask": [],
    "target_point_discription": [],
    "contact_points_discription": [],
    "functional_point_discription": [],
    "orientation_point_discription": [],
    "stable": true
}