{
    "center": [
        -0.009553103904883602,
        0.9343003334011575,
        0.02155083096929299
    ],
    "extents": [
        1.4174866994413367,
        1.9867257999060504,
        1.4827637721241125
    ],
    "scale": [
        0.1,
        0.1,
        0.1
    ],
    "transform_matrix": [
        [
            1.0,
            0.0,
            0.0,
            0.0
        ],
        [
            0.0,
            1.0,
            0.0,
            0.0
        ],
        [
            0.0,
            0.0,
            1.0,
            0.0
        ],
        [
            0.0,
            0.0,
            0.0,
            1.0
        ]
    ],
    "target_pose": [],
    "contact_points_pose": [
        [
            [
                0.5700100064277649,
                -0.8216400146484375,
                9.999999747378752e-06,
                -0.7076500058174133
            ],
            [
                0.8216400146484375,
                0.5700100064277649,
                -0.0,
                0.7144799828529358
            ],
            [
                -0.0,
                9.999999747378752e-06,
                1.0,
                0.1401199996471405
            ],
            [
                0.0,
                0.0,
                0.0,
                1.0
            ]
        ],
        [
            [
                -0.6596300005912781,
                0.7515900135040283,
                -0.0,
                0.7471500039100647
            ],
            [
                0.7515900135040283,
                0.6596300005912781,
                -0.0,
                0.7106800079345703
            ],
            [
                -0.0,
                -0.0,
                -1.0,
                -0.0
            ],
            [
                0.0,
                0.0,
                0.0,
                1.0
            ]
        ]
    ],
    "functional_matrix": [],
    "orientation_point": [],
    "contact_points_group": [],
    "contact_points_mask": [],
    "target_point_discription": [],
    "contact_points_discription": [],
    "functional_point_discription": [],
    "orientation_point_discription": [],
    "stable": true
}