{
    "center": [
        -0.039774050841374975,
        0.9181160846072159,
        -0.008674320893222615
    ],
    "extents": [
        1.2912315876060054,
        2.1024451980364893,
        1.1544484675465168
    ],
    "scale": [
        0.1,
        0.1,
        0.1
    ],
    "transform_matrix": [
        [
            1.0,
            0.0,
            0.0,
            0.0
        ],
        [
            0.0,
            1.0,
            0.0,
            0.0
        ],
        [
            0.0,
            0.0,
            1.0,
            0.0
        ],
        [
            0.0,
            0.0,
            0.0,
            1.0
        ]
    ],
    "target_pose": [],
    "contact_points_pose": [
        [
            [
                0.5305799841880798,
                -0.8476399779319763,
                1.9999999494757503e-05,
                -0.6558399796485901
            ],
            [
                0.8476399779319763,
                0.5305799841880798,
                -9.999999747378752e-06,
                0.8205599784851074
            ],
            [
                -0.0,
                1.9999999494757503e-05,
                1.0,
                0.1401199996471405
            ],
            [
                0.0,
                0.0,
                0.0,
                1.0
            ]
        ],
        [
            [
                -0.5881999731063843,
                0.8087199926376343,
                -2.9999999242136255e-05,
                0.6919900178909302
            ],
            [
                0.8087199926376343,
                0.5881999731063843,
                -9.999999747378752e-06,
                0.8593500256538391
            ],
            [
                9.999999747378752e-06,
                -2.9999999242136255e-05,
                -1.0,
                -0.0
            ],
            [
                0.0,
                0.0,
                0.0,
                1.0
            ]
        ]
    ],
    "functional_matrix": [],
    "orientation_point": [],
    "contact_points_group": [],
    "contact_points_mask": [],
    "target_point_discription": [],
    "contact_points_discription": [],
    "functional_point_discription": [],
    "orientation_point_discription": [],
    "stable": true
}