{
    "center": [
        0.0894751894578893,
        0.6720561840595687,
        0.008861700660528863
    ],
    "extents": [
        1.7553033920305674,
        1.8345946396785595,
        1.865375144026379
    ],
    "scale": [
        0.1,
        0.1,
        0.1
    ],
    "transform_matrix": [
        [
            1.0,
            0.0,
            0.0,
            0.0
        ],
        [
            0.0,
            1.0,
            0.0,
            0.0
        ],
        [
            0.0,
            0.0,
            1.0,
            0.0
        ],
        [
            0.0,
            0.0,
            0.0,
            1.0
        ]
    ],
    "target_pose": [],
    "contact_points_pose": [
        [
            [
                0.10248000174760818,
                -0.9947400093078613,
                9.999999747378752e-06,
                -0.6558399796485901
            ],
            [
                0.9947400093078613,
                0.10248000174760818,
                0.0,
                0.3970400094985962
            ],
            [
                -0.0,
                9.999999747378752e-06,
                1.0,
                0.1401199996471405
            ],
            [
                0.0,
                0.0,
                0.0,
                1.0
            ]
        ],
        [
            [
                -0.24356000125408173,
                0.9698899984359741,
                -1.9999999494757503e-05,
                0.6919900178909302
            ],
            [
                0.9698899984359741,
                0.24356000125408173,
                0.0,
                0.40241000056266785
            ],
            [
                9.999999747378752e-06,
                -1.9999999494757503e-05,
                -1.0,
                -0.0
            ],
            [
                0.0,
                0.0,
                0.0,
                1.0
            ]
        ]
    ],
    "functional_matrix": [],
    "orientation_point": [],
    "contact_points_group": [],
    "contact_points_mask": [],
    "target_point_discription": [],
    "contact_points_discription": [],
    "functional_point_discription": [],
    "orientation_point_discription": [],
    "stable": true
}