{
    "center": [
        0.0013722613287392201,
        0.9204945577554728,
        -0.011692173055930231
    ],
    "extents": [
        1.9141256675190326,
        1.8932531964577377,
        0.5779858761244814
    ],
    "scale": [
        0.043,
        0.043,
        0.043
    ],
    "transform_matrix": [
        [
            1.0,
            0.0,
            0.0,
            0.0
        ],
        [
            0.0,
            1.0,
            0.0,
            0.0
        ],
        [
            0.0,
            0.0,
            1.0,
            0.0
        ],
        [
            0.0,
            0.0,
            0.0,
            1.0
        ]
    ],
    "target_pose": [],
    "contact_points_pose": [
        [
            [
                -0.0,
                -0.0024300001095980406,
                1.0,
                0.0005000000237487257
            ],
            [
                1.0,
                -0.0004900000058114529,
                -0.0,
                0.5377200245857239
            ],
            [
                0.0004900000058114529,
                1.0,
                0.0024300001095980406,
                -0.08927000313997269
            ],
            [
                0.0,
                0.0,
                0.0,
                1.0
            ]
        ],
        [
            [
                0.0,
                -0.0024300001095980406,
                -1.0,
                0.0005000000237487257
            ],
            [
                -1.0,
                -0.0004900000058114529,
                0.0,
                0.5377200245857239
            ],
            [
                -0.0004900000058114529,
                1.0,
                -0.0024300001095980406,
                -0.08927000313997269
            ],
            [
                0.0,
                0.0,
                0.0,
                1.0
            ]
        ]
    ],
    "functional_matrix": [
        [
            [
                1.0,
                0.0,
                0.0,
                0.034940000623464584
            ],
            [
                0.0,
                -1.0,
                -0.0,
                0.5202100276947021
            ],
            [
                0.0,
                0.0,
                -1.0,
                -0.12633000314235687
            ],
            [
                0.0,
                0.0,
                0.0,
                1.0
            ]
        ]
    ],
    "orientation_point": [],
    "contact_points_group": [
        [
            0,
            1
        ]
    ],
    "contact_points_mask": [
        true
    ],
    "target_point_discription": [],
    "contact_points_discription": [],
    "functional_point_discription": [],
    "orientation_point_discription": [],
    "stable": true
}