{
    "center": [
        -5.072335961174657e-05,
        0.949412799036794,
        -0.009098307713454637
    ],
    "extents": [
        1.1619234987077867,
        1.9326698435250913,
        0.6512349862695233
    ],
    "scale": [
        0.048,
        0.048,
        0.048
    ],
    "transform_matrix": [
        [
            1.0,
            0.0,
            0.0,
            0.0
        ],
        [
            0.0,
            1.0,
            0.0,
            0.0
        ],
        [
            0.0,
            0.0,
            1.0,
            0.0
        ],
        [
            0.0,
            0.0,
            0.0,
            1.0
        ]
    ],
    "target_pose": [],
    "contact_points_pose": [
        [
            [
                -0.0,
                -0.0024300001095980406,
                1.0,
                0.0005000000237487257
            ],
            [
                1.0,
                -0.0004900000058114529,
                -0.0,
                0.5377200245857239
            ],
            [
                0.0004900000058114529,
                1.0,
                0.0024300001095980406,
                -0.08927000313997269
            ],
            [
                0.0,
                0.0,
                0.0,
                1.0
            ]
        ],
        [
            [
                0.0,
                -0.0024300001095980406,
                -1.0,
                0.0005000000237487257
            ],
            [
                -1.0,
                -0.0004900000058114529,
                0.0,
                0.5377200245857239
            ],
            [
                -0.0004900000058114529,
                1.0,
                -0.0024300001095980406,
                -0.08927000313997269
            ],
            [
                0.0,
                0.0,
                0.0,
                1.0
            ]
        ]
    ],
    "functional_matrix": [
        [
            [
                1.0,
                0.0,
                0.0,
                0.06922999769449234
            ],
            [
                0.0,
                -1.0,
                -0.0,
                0.5048099756240845
            ],
            [
                0.0,
                0.0,
                -1.0,
                -0.0756400004029274
            ],
            [
                0.0,
                0.0,
                0.0,
                1.0
            ]
        ]
    ],
    "orientation_point": [],
    "contact_points_group": [
        [
            0,
            1
        ]
    ],
    "contact_points_mask": [
        true
    ],
    "target_point_discription": [],
    "contact_points_discription": [],
    "functional_point_discription": [],
    "orientation_point_discription": [],
    "stable": true
}