{
    "center": [
        -0.0007599868528914444,
        0.9503055358096308,
        0.00047823053749709534
    ],
    "extents": [
        1.4121860594431912,
        1.9243489194515286,
        0.6544315334758573
    ],
    "scale": [
        0.05,
        0.05,
        0.05
    ],
    "transform_matrix": [
        [
            1.0,
            0.0,
            0.0,
            0.0
        ],
        [
            0.0,
            1.0,
            0.0,
            0.0
        ],
        [
            0.0,
            0.0,
            1.0,
            0.0
        ],
        [
            0.0,
            0.0,
            0.0,
            1.0
        ]
    ],
    "target_pose": [],
    "contact_points_pose": [
        [
            [
                -0.0,
                -0.0024300001095980406,
                1.0,
                0.0005000000237487257
            ],
            [
                1.0,
                -0.0004900000058114529,
                -0.0,
                0.5377200245857239
            ],
            [
                0.0004900000058114529,
                1.0,
                0.0024300001095980406,
                -0.08927000313997269
            ],
            [
                0.0,
                0.0,
                0.0,
                1.0
            ]
        ],
        [
            [
                0.0,
                -0.0024300001095980406,
                -1.0,
                0.0005000000237487257
            ],
            [
                -1.0,
                -0.0004900000058114529,
                0.0,
                0.5377200245857239
            ],
            [
                -0.0004900000058114529,
                1.0,
                -0.0024300001095980406,
                -0.08927000313997269
            ],
            [
                0.0,
                0.0,
                0.0,
                1.0
            ]
        ]
    ],
    "functional_matrix": [
        [
            [
                1.0,
                0.0,
                0.0,
                -0.007699999958276749
            ],
            [
                0.0,
                -1.0,
                -0.0,
                0.5468699932098389
            ],
            [
                0.0,
                0.0,
                -1.0,
                -0.05674000084400177
            ],
            [
                0.0,
                0.0,
                0.0,
                1.0
            ]
        ]
    ],
    "orientation_point": [],
    "contact_points_group": [
        [
            0,
            1
        ]
    ],
    "contact_points_mask": [
        true
    ],
    "target_point_discription": [],
    "contact_points_discription": [],
    "functional_point_discription": [],
    "orientation_point_discription": [],
    "stable": true
}