{
    "center": [
        -0.030662170441349126,
        0.9511016047159342,
        -0.0007117075407647667
    ],
    "extents": [
        1.7504202872575876,
        1.9296056354579005,
        1.16506650349632
    ],
    "scale": [
        0.043,
        0.043,
        0.043
    ],
    "transform_matrix": [
        [
            1.0,
            0.0,
            0.0,
            0.0
        ],
        [
            0.0,
            1.0,
            0.0,
            0.0
        ],
        [
            0.0,
            0.0,
            1.0,
            0.0
        ],
        [
            0.0,
            0.0,
            0.0,
            1.0
        ]
    ],
    "target_pose": [],
    "contact_points_pose": [
        [
            [
                -0.0,
                -0.0024300001095980406,
                1.0,
                0.0005000000237487257
            ],
            [
                1.0,
                -0.0004900000058114529,
                -0.0,
                0.5377200245857239
            ],
            [
                0.0004900000058114529,
                1.0,
                0.0024300001095980406,
                -0.08927000313997269
            ],
            [
                0.0,
                0.0,
                0.0,
                1.0
            ]
        ],
        [
            [
                0.0,
                -0.0024300001095980406,
                -1.0,
                0.0005000000237487257
            ],
            [
                -1.0,
                -0.0004900000058114529,
                0.0,
                0.5377200245857239
            ],
            [
                -0.0004900000058114529,
                1.0,
                -0.0024300001095980406,
                -0.08927000313997269
            ],
            [
                0.0,
                0.0,
                0.0,
                1.0
            ]
        ]
    ],
    "functional_matrix": [
        [
            [
                1.0,
                0.0,
                0.0,
                0.019519999623298645
            ],
            [
                0.0,
                -1.0,
                -0.0,
                0.5156099796295166
            ],
            [
                0.0,
                0.0,
                -1.0,
                -0.1224299967288971
            ],
            [
                0.0,
                0.0,
                0.0,
                1.0
            ]
        ]
    ],
    "orientation_point": [],
    "contact_points_group": [
        [
            0,
            1
        ]
    ],
    "contact_points_mask": [
        true
    ],
    "target_point_discription": [],
    "contact_points_discription": [],
    "functional_point_discription": [],
    "orientation_point_discription": [],
    "stable": true
}