{
    "scale": 0.12,
    "transform_matrix": [
        [
            0.9999983906745911,
            -0.0017870536539703608,
            -5.634644821839174e-07,
            0
        ],
        [
            0.0017870536539703608,
            0.9999983906745911,
            1.2168820830993354e-06,
            0
        ],
        [
            5.612889708572766e-07,
            -1.2178870747447945e-06,
            1.0,
            0.06559017300605774
        ],
        [
            0.0,
            0.0,
            0.0,
            1.0
        ]
    ],
    "init_qpos": [],
    "target_points": [],
    "contact_points": [
        {
            "matrix": [
                [
                    0.0017900000093504786,
                    -1.0,
                    0.0,
                    -0.9592800140380859
                ],
                [
                    -0.0,
                    0.0,
                    1.0,
                    0.17755000293254852
                ],
                [
                    -1.0,
                    -0.0017900000093504786,
                    -0.0,
                    -0.006839999929070473
                ],
                [
                    0.0,
                    0.0,
                    0.0,
                    1.0
                ]
            ],
            "base": "link_1"
        },
        {
            "matrix": [
                [
                    0.0181099995970726,
                    0.9998400211334229,
                    -3.9999998989515007e-05,
                    1.0401099920272827
                ],
                [
                    -0.008940000087022781,
                    0.00013000000035390258,
                    -0.9999600052833557,
                    0.20206999778747559
                ],
                [
                    -0.9998000264167786,
                    0.0181099995970726,
                    0.008940000087022781,
                    -0.0032599999103695154
                ],
                [
                    0.0,
                    0.0,
                    0.0,
                    1.0
                ]
            ],
            "base": "link_1"
        }
    ],
    "functional_points": [],
    "orientation_point": [],
    "contact_points_group": [],
    "contact_points_mask": [],
    "target_points_discription": [],
    "contact_points_discription": [],
    "functional_points_discription": [],
    "orientation_point_discription": []
}