{
    "center": [
        1.846551007942463e-05,
        0.8533338325162682,
        3.307372110792254e-05
    ],
    "extents": [
        1.9433279632036553,
        1.7418067041330318,
        1.8765571679138717
    ],
    "scale": [
        0.04,
        0.04,
        0.04
    ],
    "transform_matrix": [
        [
            1.0,
            0.0,
            0.0,
            0.0
        ],
        [
            0.0,
            1.0,
            0.0,
            0.0
        ],
        [
            0.0,
            0.0,
            1.0,
            0.0
        ],
        [
            0.0,
            0.0,
            0.0,
            1.0
        ]
    ],
    "target_pose": [],
    "contact_points_pose": [
        [
            [
                1.0,
                0.0,
                0.0,
                0.0
            ],
            [
                0.0,
                1.0,
                -0.0,
                1.0899399518966675
            ],
            [
                0.0,
                0.0,
                1.0,
                -0.0
            ],
            [
                0.0,
                0.0,
                0.0,
                1.0
            ]
        ],
        [
            [
                -0.0,
                0.0,
                1.0,
                0.0
            ],
            [
                0.0,
                1.0,
                -0.0,
                1.0899399518966675
            ],
            [
                -1.0,
                0.0,
                0.0,
                -0.0
            ],
            [
                0.0,
                0.0,
                0.0,
                1.0
            ]
        ],
        [
            [
                -1.0,
                0.0,
                0.0,
                0.0
            ],
            [
                0.0,
                1.0,
                0.0,
                1.0899399518966675
            ],
            [
                0.0,
                0.0,
                -1.0,
                -0.0
            ],
            [
                0.0,
                0.0,
                0.0,
                1.0
            ]
        ],
        [
            [
                -0.0,
                0.0,
                -1.0,
                0.0
            ],
            [
                0.0,
                1.0,
                -0.0,
                1.0899399518966675
            ],
            [
                1.0,
                0.0,
                0.0,
                -0.0
            ],
            [
                0.0,
                0.0,
                0.0,
                1.0
            ]
        ],
        [
            [
                0.0004900000058114529,
                -0.014580000191926956,
                0.9998900294303894,
                0.0
            ],
            [
                1.0,
                -0.0003499999875202775,
                -0.0005000000237487257,
                0.7407500147819519
            ],
            [
                0.0003600000054575503,
                0.9998900294303894,
                0.014580000191926956,
                0.0002099999983329326
            ],
            [
                0.0,
                0.0,
                0.0,
                1.0
            ]
        ],
        [
            [
                0.0004900000058114529,
                1.0,
                2.9999999242136255e-05,
                0.0
            ],
            [
                1.0,
                -0.0004900000058114529,
                0.0003499999875202775,
                0.7407500147819519
            ],
            [
                0.0003499999875202775,
                2.9999999242136255e-05,
                -1.0,
                0.0002099999983329326
            ],
            [
                0.0,
                0.0,
                0.0,
                1.0
            ]
        ],
        [
            [
                0.0004900000058114529,
                2.9999999242136255e-05,
                -1.0,
                0.0
            ],
            [
                1.0,
                0.0003499999875202775,
                0.0004900000058114529,
                0.7407500147819519
            ],
            [
                0.0003499999875202775,
                -1.0,
                -2.9999999242136255e-05,
                0.0002099999983329326
            ],
            [
                0.0,
                0.0,
                0.0,
                1.0
            ]
        ],
        [
            [
                0.0004900000058114529,
                -1.0,
                -2.9999999242136255e-05,
                0.0
            ],
            [
                1.0,
                0.0004900000058114529,
                -0.0003499999875202775,
                0.7407500147819519
            ],
            [
                0.0003499999875202775,
                -2.9999999242136255e-05,
                1.0,
                0.0002099999983329326
            ],
            [
                0.0,
                0.0,
                0.0,
                1.0
            ]
        ]
    ],
    "functional_matrix": [
        [
            [
                -0.0,
                -1.0,
                0.0,
                0.0
            ],
            [
                0.0,
                0.0,
                -1.0,
                0.0
            ],
            [
                1.0,
                0.0,
                0.0,
                0.0
            ],
            [
                0.0,
                0.0,
                0.0,
                1.0
            ]
        ],
        [
            [
                -0.0,
                -1.0,
                0.0,
                0.0
            ],
            [
                0.0,
                0.0,
                1.0,
                0.0
            ],
            [
                -1.0,
                0.0,
                0.0,
                0.0
            ],
            [
                0.0,
                0.0,
                0.0,
                1.0
            ]
        ]
    ],
    "orientation_point": [],
    "contact_points_group": [
        [
            0,
            1,
            2,
            3
        ],
        [
            4,
            5,
            6,
            7
        ]
    ],
    "contact_points_mask": [
        true,
        true,
        true
    ],
    "target_point_discription": [],
    "contact_points_discription": [],
    "functional_point_discription": [],
    "orientation_point_discription": [],
    "stable": true
}