{
    "center": [
        -4.580541278587641e-05,
        0.9500581923430147,
        0.0010720967250049803
    ],
    "extents": [
        1.0502073393075748,
        1.9349988032633658,
        0.8652919149450388
    ],
    "scale": [
        0.05,
        0.05,
        0.05
    ],
    "transform_matrix": [
        [
            1.0,
            0.0,
            0.0,
            0.0
        ],
        [
            0.0,
            1.0,
            0.0,
            0.0
        ],
        [
            0.0,
            0.0,
            1.0,
            0.0
        ],
        [
            0.0,
            0.0,
            0.0,
            1.0
        ]
    ],
    "target_pose": [],
    "contact_points_pose": [
        [
            [
                1.0,
                0.0,
                0.0,
                0.0
            ],
            [
                0.0,
                1.0,
                -0.0,
                1.4127899408340454
            ],
            [
                0.0,
                0.0,
                1.0,
                0.0
            ],
            [
                0.0,
                0.0,
                0.0,
                1.0
            ]
        ],
        [
            [
                -0.0,
                0.0,
                1.0,
                0.0
            ],
            [
                0.0,
                1.0,
                -0.0,
                1.4127899408340454
            ],
            [
                -1.0,
                0.0,
                0.0,
                0.0
            ],
            [
                0.0,
                0.0,
                0.0,
                1.0
            ]
        ],
        [
            [
                -1.0,
                0.0,
                0.0,
                0.0
            ],
            [
                0.0,
                1.0,
                0.0,
                1.4127899408340454
            ],
            [
                0.0,
                0.0,
                -1.0,
                0.0
            ],
            [
                0.0,
                0.0,
                0.0,
                1.0
            ]
        ],
        [
            [
                -0.0,
                0.0,
                -1.0,
                0.0
            ],
            [
                0.0,
                1.0,
                -0.0,
                1.4127899408340454
            ],
            [
                1.0,
                0.0,
                0.0,
                0.0
            ],
            [
                0.0,
                0.0,
                0.0,
                1.0
            ]
        ],
        [
            [
                0.0004900000058114529,
                -0.00774999987334013,
                0.999970018863678,
                0.0
            ],
            [
                1.0,
                -0.0003499999875202775,
                -0.0004900000058114529,
                0.8575400114059448
            ],
            [
                0.0003499999875202775,
                0.999970018863678,
                0.00774999987334013,
                0.0002099999983329326
            ],
            [
                0.0,
                0.0,
                0.0,
                1.0
            ]
        ],
        [
            [
                0.0004900000058114529,
                1.0,
                2.9999999242136255e-05,
                0.0
            ],
            [
                1.0,
                -0.0004900000058114529,
                0.0003499999875202775,
                0.8575400114059448
            ],
            [
                0.0003499999875202775,
                2.9999999242136255e-05,
                -1.0,
                0.0002099999983329326
            ],
            [
                0.0,
                0.0,
                0.0,
                1.0
            ]
        ],
        [
            [
                0.0004900000058114529,
                2.9999999242136255e-05,
                -1.0,
                0.0
            ],
            [
                1.0,
                0.0003499999875202775,
                0.0004900000058114529,
                0.8575400114059448
            ],
            [
                0.0003499999875202775,
                -1.0,
                -2.9999999242136255e-05,
                0.0002099999983329326
            ],
            [
                0.0,
                0.0,
                0.0,
                1.0
            ]
        ],
        [
            [
                0.0004900000058114529,
                -1.0,
                -2.9999999242136255e-05,
                0.0
            ],
            [
                1.0,
                0.0004900000058114529,
                -0.0003499999875202775,
                0.8575400114059448
            ],
            [
                0.0003499999875202775,
                -2.9999999242136255e-05,
                1.0,
                0.0002099999983329326
            ],
            [
                0.0,
                0.0,
                0.0,
                1.0
            ]
        ]
    ],
    "functional_matrix": [
        [
            [
                -0.0,
                -1.0,
                0.0,
                0.0
            ],
            [
                0.0,
                0.0,
                -1.0,
                0.0
            ],
            [
                1.0,
                0.0,
                0.0,
                0.0
            ],
            [
                0.0,
                0.0,
                0.0,
                1.0
            ]
        ],
        [
            [
                -0.0,
                -1.0,
                0.0,
                0.0
            ],
            [
                0.0,
                0.0,
                1.0,
                0.0
            ],
            [
                -1.0,
                0.0,
                0.0,
                0.0
            ],
            [
                0.0,
                0.0,
                0.0,
                1.0
            ]
        ]
    ],
    "orientation_point": [],
    "contact_points_group": [
        [
            0,
            1,
            2,
            3
        ],
        [
            4,
            5,
            6,
            7
        ]
    ],
    "contact_points_mask": [
        true,
        true,
        true
    ],
    "target_point_discription": [],
    "contact_points_discription": [],
    "functional_point_discription": [],
    "orientation_point_discription": [],
    "stable": false
}