{"min": [-0.055225, -0.773606, -0.060072], "max": [0.052734, 0.999053, 0.098387]}