{
    "stable": true,
    "center": [
        6.237185993006993e-07,
        0.09953942236462313,
        -6.40466492439649e-07
    ],
    "extents": [
        0.10088529748584808,
        0.20274669473322768,
        0.10177765503408401
    ]
}