{
    "stable": true,
    "center": [
        -5.156633363823564e-05,
        0.12477073520519118,
        8.930694457128988e-06
    ],
    "extents": [
        0.1100830096905971,
        0.25418474618886155,
        0.12185387960692179
    ]
}