{
    "stable": true,
    "center": [
        7.367415897329956e-05,
        0.12403457675116951,
        0.002228965002193677
    ],
    "extents": [
        0.12530473996544564,
        0.2557412925012297,
        0.08972216929431198
    ]
}