{
    "stable": true,
    "center": [
        -1.8365132209246787e-07,
        0.059757414032296965,
        -3.947960249474316e-05
    ],
    "extents": [
        0.06864201786017675,
        0.12165623772728229,
        0.06545235710524129
    ]
}