{
    "center": [
        -6.082034951506108e-05,
        0.09172452801082387,
        0.0028647751623562907
    ],
    "extents": [
        1.9218766116950678,
        0.22215569502633198,
        1.2895520308057173
    ],
    "scale": [
        0.1,
        0.1,
        0.1
    ],
    "transform_matrix": [
        [
            1.0,
            0.0,
            0.0,
            0.0
        ],
        [
            0.0,
            1.0,
            0.0,
            0.0
        ],
        [
            0.0,
            0.0,
            1.0,
            0.0
        ],
        [
            0.0,
            0.0,
            0.0,
            1.0
        ]
    ],
    "target_pose": [],
    "contact_points_pose": [
        [
            [
                0.0,
                -0.0,
                -1.0,
                0.0
            ],
            [
                0.7071099877357483,
                0.7071099877357483,
                -0.0,
                -0.0
            ],
            [
                0.7071099877357483,
                -0.7071099877357483,
                0.0,
                -0.7199100255966187
            ],
            [
                0.0,
                0.0,
                0.0,
                1.0
            ]
        ],
        [
            [
                0.0,
                0.0,
                1.0,
                0.0
            ],
            [
                0.7071099877357483,
                0.7071099877357483,
                -0.0,
                0.0
            ],
            [
                -0.7071099877357483,
                0.7071099877357483,
                -0.0,
                0.7200300097465515
            ],
            [
                0.0,
                0.0,
                0.0,
                1.0
            ]
        ]
    ],
    "functional_matrix": [
        [
            [
                1.0,
                0.0,
                0.0,
                -0.6822999715805054
            ],
            [
                0.0,
                1.0,
                0.0,
                -0.0
            ],
            [
                0.0,
                -0.0,
                1.0,
                -0.7678999900817871
            ],
            [
                0.0,
                0.0,
                0.0,
                1.0
            ]
        ],
        [
            [
                1.0,
                0.0,
                0.0,
                0.6885799765586853
            ],
            [
                0.0,
                1.0,
                0.0,
                -0.0
            ],
            [
                0.0,
                -0.0,
                1.0,
                -0.7461699843406677
            ],
            [
                0.0,
                0.0,
                0.0,
                1.0
            ]
        ],
        [
            [
                1.0,
                0.0,
                0.0,
                -0.6785600185394287
            ],
            [
                0.0,
                1.0,
                0.0,
                0.0
            ],
            [
                0.0,
                -0.0,
                1.0,
                0.7195799946784973
            ],
            [
                0.0,
                0.0,
                0.0,
                1.0
            ]
        ],
        [
            [
                1.0,
                0.0,
                0.0,
                0.6863399744033813
            ],
            [
                0.0,
                1.0,
                0.0,
                0.0
            ],
            [
                0.0,
                -0.0,
                1.0,
                0.7221099734306335
            ],
            [
                0.0,
                0.0,
                0.0,
                1.0
            ]
        ]
    ],
    "orientation_point": [],
    "contact_points_group": [],
    "contact_points_mask": [],
    "target_point_discription": [],
    "contact_points_discription": [],
    "functional_point_discription": [],
    "orientation_point_discription": [],
    "stable": true
}