{
    "center": [
        0.003164048141054984,
        0.08588508081460942,
        -0.011550442302934128
    ],
    "extents": [
        1.9111362029537682,
        0.20243455493226548,
        1.2537916795022848
    ],
    "scale": [
        0.1,
        0.1,
        0.1
    ],
    "transform_matrix": [
        [
            1.0,
            0.0,
            0.0,
            0.0
        ],
        [
            0.0,
            1.0,
            0.0,
            0.0
        ],
        [
            0.0,
            0.0,
            1.0,
            0.0
        ],
        [
            0.0,
            0.0,
            0.0,
            1.0
        ]
    ],
    "target_pose": [],
    "contact_points_pose": [
        [
            [
                0.0,
                -0.0,
                -1.0,
                0.06605000048875809
            ],
            [
                0.7071099877357483,
                0.7071099877357483,
                -0.0,
                -0.0
            ],
            [
                0.7071099877357483,
                -0.7071099877357483,
                0.0,
                -0.6889299750328064
            ],
            [
                0.0,
                0.0,
                0.0,
                1.0
            ]
        ],
        [
            [
                0.0,
                0.0,
                1.0,
                0.06605000048875809
            ],
            [
                0.7071099877357483,
                0.7071099877357483,
                -0.0,
                0.0
            ],
            [
                -0.7071099877357483,
                0.7071099877357483,
                -0.0,
                0.6603800058364868
            ],
            [
                0.0,
                0.0,
                0.0,
                1.0
            ]
        ]
    ],
    "functional_matrix": [
        [
            [
                1.0,
                0.0,
                0.0,
                -0.4326300024986267
            ],
            [
                0.0,
                1.0,
                0.0,
                -0.0
            ],
            [
                0.0,
                -0.0,
                1.0,
                -0.7587000131607056
            ],
            [
                0.0,
                0.0,
                0.0,
                1.0
            ]
        ],
        [
            [
                1.0,
                0.0,
                0.0,
                0.7109400033950806
            ],
            [
                0.0,
                1.0,
                0.0,
                -0.0
            ],
            [
                0.0,
                -0.0,
                1.0,
                -0.7259100079536438
            ],
            [
                0.0,
                0.0,
                0.0,
                1.0
            ]
        ],
        [
            [
                1.0,
                0.0,
                0.0,
                -0.4314599931240082
            ],
            [
                0.0,
                1.0,
                0.0,
                0.0
            ],
            [
                0.0,
                -0.0,
                1.0,
                0.6743900179862976
            ],
            [
                0.0,
                0.0,
                0.0,
                1.0
            ]
        ],
        [
            [
                1.0,
                0.0,
                0.0,
                0.7043899893760681
            ],
            [
                0.0,
                1.0,
                0.0,
                0.0
            ],
            [
                0.0,
                -0.0,
                1.0,
                0.6862900257110596
            ],
            [
                0.0,
                0.0,
                0.0,
                1.0
            ]
        ]
    ],
    "orientation_point": [],
    "contact_points_group": [],
    "contact_points_mask": [],
    "target_point_discription": [],
    "contact_points_discription": [],
    "functional_point_discription": [],
    "orientation_point_discription": [],
    "stable": true
}