{
    "center": [
        0.0037301706914424494,
        0.08440766656254838,
        -0.0010260630882438333
    ],
    "extents": [
        1.9112516220159956,
        0.20364033442276985,
        1.2851989158828547
    ],
    "scale": [
        0.1,
        0.1,
        0.1
    ],
    "transform_matrix": [
        [
            1.0,
            0.0,
            0.0,
            0.0
        ],
        [
            0.0,
            1.0,
            0.0,
            0.0
        ],
        [
            0.0,
            0.0,
            1.0,
            0.0
        ],
        [
            0.0,
            0.0,
            0.0,
            1.0
        ]
    ],
    "target_pose": [],
    "contact_points_pose": [
        [
            [
                0.0,
                -0.0,
                -1.0,
                0.1564899981021881
            ],
            [
                0.7071099877357483,
                0.7071099877357483,
                -0.0,
                -0.0
            ],
            [
                0.7071099877357483,
                -0.7071099877357483,
                0.0,
                -0.720550000667572
            ],
            [
                0.0,
                0.0,
                0.0,
                1.0
            ]
        ],
        [
            [
                0.0,
                0.0,
                1.0,
                0.1501999944448471
            ],
            [
                0.7071099877357483,
                0.7071099877357483,
                -0.0,
                0.0
            ],
            [
                -0.7071099877357483,
                0.7071099877357483,
                -0.0,
                0.7159799933433533
            ],
            [
                0.0,
                0.0,
                0.0,
                1.0
            ]
        ]
    ],
    "functional_matrix": [
        [
            [
                1.0,
                0.0,
                0.0,
                -0.28999000787734985
            ],
            [
                0.0,
                1.0,
                0.0,
                -0.0
            ],
            [
                0.0,
                -0.0,
                1.0,
                -0.7539399862289429
            ],
            [
                0.0,
                0.0,
                0.0,
                1.0
            ]
        ],
        [
            [
                1.0,
                0.0,
                0.0,
                0.6948599815368652
            ],
            [
                0.0,
                1.0,
                0.0,
                -0.0
            ],
            [
                0.0,
                -0.0,
                1.0,
                -0.7325000166893005
            ],
            [
                0.0,
                0.0,
                0.0,
                1.0
            ]
        ],
        [
            [
                1.0,
                0.0,
                0.0,
                -0.2957499921321869
            ],
            [
                0.0,
                1.0,
                0.0,
                0.0
            ],
            [
                0.0,
                -0.0,
                1.0,
                0.75941002368927
            ],
            [
                0.0,
                0.0,
                0.0,
                1.0
            ]
        ],
        [
            [
                1.0,
                0.0,
                0.0,
                0.695930004119873
            ],
            [
                0.0,
                1.0,
                0.0,
                0.0
            ],
            [
                0.0,
                -0.0,
                1.0,
                0.782729983329773
            ],
            [
                0.0,
                0.0,
                0.0,
                1.0
            ]
        ]
    ],
    "orientation_point": [],
    "contact_points_group": [],
    "contact_points_mask": [],
    "target_point_discription": [],
    "contact_points_discription": [],
    "functional_point_discription": [],
    "orientation_point_discription": [],
    "stable": true
}