{
    "center": [
        -0.0021962972571724585,
        0.22787408157289848,
        -0.0002413494308393321
    ],
    "extents": [
        0.5133788579476501,
        0.49854088830323184,
        1.917889277813652
    ],
    "scale": [
        0.167,
        0.167,
        0.167
    ],
    "stable": false,
    "target_pose": [
        [
            [
                1.0,
                0.0,
                0.0,
                0.0
            ],
            [
                0.0,
                1.0,
                0.0,
                0.35
            ],
            [
                0.0,
                0.0,
                1.0,
                0.22
            ],
            [
                0.0,
                0.0,
                0.0,
                1.0
            ]
        ]
    ],
    "contact_pose": [
        [
            [
                1.0,
                0.0,
                0.0,
                0.0
            ],
            [
                0.0,
                1.0,
                0.0,
                -0.35
            ],
            [
                0.0,
                0.0,
                1.0,
                -0.12
            ],
            [
                0.0,
                0.0,
                0.0,
                1.0
            ]
        ]
    ],
    "trans_matrix": [
        [
            0.0007906000353770876,
            -0.0007009964602045275,
            -0.9999994417776177,
            0.0
        ],
        [
            0.9928083210658535,
            0.11971276551130175,
            0.0007009964602045275,
            0.0
        ],
        [
            0.11971220728891936,
            -0.9928083210658535,
            0.0007906000353770876,
            -0.08
        ],
        [
            0.0,
            0.0,
            0.0,
            1.0
        ]
    ]
}