{
    "center": [
        0.0030235358590887714,
        0.4026625362256716,
        0.00017944516240966192
    ],
    "extents": [
        1.929254293840629,
        0.894604451946394,
        0.19692350180640647
    ],
    "scale": [
        0.167,
        0.167,
        0.167
    ],
    "stable": false,
    "target_pose": [
        [
            [
                1.0,
                0.0,
                0.0,
                0.0
            ],
            [
                0.0,
                1.0,
                0.0,
                0.35
            ],
            [
                0.0,
                0.0,
                1.0,
                0.22
            ],
            [
                0.0,
                0.0,
                0.0,
                1.0
            ]
        ]
    ],
    "contact_pose": [
        [
            [
                1.0,
                0.0,
                0.0,
                0.0
            ],
            [
                0.0,
                1.0,
                0.0,
                -0.35
            ],
            [
                0.0,
                0.0,
                1.0,
                -0.12
            ],
            [
                0.0,
                0.0,
                0.0,
                1.0
            ]
        ]
    ],
    "trans_matrix": [
        [
            0.0007906000353770876,
            -0.0007009964602045275,
            -0.9999994417776177,
            0.0
        ],
        [
            0.9928083210658535,
            0.11971276551130175,
            0.0007009964602045275,
            0.0
        ],
        [
            0.11971220728891936,
            -0.9928083210658535,
            0.0007906000353770876,
            -0.08
        ],
        [
            0.0,
            0.0,
            0.0,
            1.0
        ]
    ]
}