{
    "center": [
        0.0005895089792996845,
        0.7420687780349468,
        0.01980789573317487
    ],
    "extents": [
        0.169406891016907,
        1.5356838519948832,
        0.5606991980616709
    ],
    "scale": [
        0.167,
        0.167,
        0.167
    ],
    "stable": false,
    "target_pose": [
        [
            [
                1.0,
                0.0,
                0.0,
                0.0
            ],
            [
                0.0,
                1.0,
                0.0,
                0.35
            ],
            [
                0.0,
                0.0,
                1.0,
                0.22
            ],
            [
                0.0,
                0.0,
                0.0,
                1.0
            ]
        ]
    ],
    "contact_pose": [
        [
            [
                1.0,
                0.0,
                0.0,
                0.0
            ],
            [
                0.0,
                1.0,
                0.0,
                -0.35
            ],
            [
                0.0,
                0.0,
                1.0,
                -0.12
            ],
            [
                0.0,
                0.0,
                0.0,
                1.0
            ]
        ]
    ],
    "trans_matrix": [
        [
            0.0007906000353770876,
            -0.0007009964602045275,
            -0.9999994417776177,
            0.0
        ],
        [
            0.9928083210658535,
            0.11971276551130175,
            0.0007009964602045275,
            0.0
        ],
        [
            0.11971220728891936,
            -0.9928083210658535,
            0.0007906000353770876,
            -0.08
        ],
        [
            0.0,
            0.0,
            0.0,
            1.0
        ]
    ]
}