{
    "center": [
        0.0007141224982657331,
        0.24950668953126598,
        -0.0031966926283757435
    ],
    "extents": [
        0.5002880060449494,
        0.5619498031659329,
        1.933889602275903
    ],
    "scale": [
        0.167,
        0.167,
        0.167
    ],
    "stable": false,
    "target_pose": [
        [
            [
                1.0,
                0.0,
                0.0,
                0.0
            ],
            [
                0.0,
                1.0,
                0.0,
                0.35
            ],
            [
                0.0,
                0.0,
                1.0,
                0.22
            ],
            [
                0.0,
                0.0,
                0.0,
                1.0
            ]
        ]
    ],
    "contact_pose": [
        [
            [
                1.0,
                0.0,
                0.0,
                0.0
            ],
            [
                0.0,
                1.0,
                0.0,
                -0.35
            ],
            [
                0.0,
                0.0,
                1.0,
                -0.12
            ],
            [
                0.0,
                0.0,
                0.0,
                1.0
            ]
        ]
    ],
    "trans_matrix": [
        [
            0.0007906000353770876,
            -0.0007009964602045275,
            -0.9999994417776177,
            0.0
        ],
        [
            0.9928083210658535,
            0.11971276551130175,
            0.0007009964602045275,
            0.0
        ],
        [
            0.11971220728891936,
            -0.9928083210658535,
            0.0007906000353770876,
            -0.08
        ],
        [
            0.0,
            0.0,
            0.0,
            1.0
        ]
    ]
}