{
    "scale": 0.15,
    "transform_matrix": [
        [
            0.9999988675117493,
            0.0014398149214684963,
            -0.00046866852790117264,
            0
        ],
        [
            -0.0014397248160094023,
            0.999998927116394,
            0.00019276351667940617,
            0
        ],
        [
            0.00046894559636712074,
            -0.0001920885406434536,
            0.9999998807907104,
            0.03242809325456619
        ],
        [
            0.0,
            0.0,
            0.0,
            1.0
        ]
    ],
    "init_qpos": [],
    "target_points": [],
    "contact_points": [
        {
            "matrix": [
                [
                    0.9997900128364563,
                    -0.012600000016391277,
                    -0.015879999846220016,
                    -0.5851399898529053
                ],
                [
                    0.018470000475645065,
                    0.889270007610321,
                    0.4569999873638153,
                    0.7066699862480164
                ],
                [
                    0.0083600003272295,
                    -0.45719999074935913,
                    0.8893200159072876,
                    -0.4123300015926361
                ],
                [
                    0.0,
                    0.0,
                    0.0,
                    1.0
                ]
            ],
            "base": "link_1"
        },
        {
            "matrix": [
                [
                    0.9998000264167786,
                    -0.012059999629855156,
                    -0.016209999099373817,
                    -0.554099977016449
                ],
                [
                    0.017969999462366104,
                    0.897570013999939,
                    0.4404999911785126,
                    0.6123499870300293
                ],
                [
                    0.009229999966919422,
                    -0.4406999945640564,
                    0.8976100087165833,
                    -0.5952799916267395
                ],
                [
                    0.0,
                    0.0,
                    0.0,
                    1.0
                ]
            ],
            "base": "link_1"
        },
        {
            "matrix": [
                [
                    -0.012070000171661377,
                    -0.016189999878406525,
                    0.9998000264167786,
                    -0.5573099851608276
                ],
                [
                    0.8975600004196167,
                    0.4405199885368347,
                    0.017969999462366104,
                    0.7122899889945984
                ],
                [
                    -0.44071999192237854,
                    0.897599995136261,
                    0.009220000356435776,
                    -0.44152000546455383
                ],
                [
                    0.0,
                    0.0,
                    0.0,
                    1.0
                ]
            ],
            "base": "link_1"
        },
        {
            "matrix": [
                [
                    -0.0003499999875202775,
                    0.0004199999966658652,
                    1.0,
                    0.0
                ],
                [
                    0.7904999852180481,
                    0.6124600172042847,
                    1.9999999494757503e-05,
                    -0.06391999870538712
                ],
                [
                    -0.6124600172042847,
                    0.7904999852180481,
                    -0.000539999979082495,
                    0.659500002861023
                ],
                [
                    0.0,
                    0.0,
                    0.0,
                    1.0
                ]
            ],
            "base": "link_0"
        }
    ],
    "functional_points": [],
    "orientation_point": [],
    "contact_points_group": [
        [
            0,
            1
        ]
    ],
    "contact_points_mask": [
        true
    ],
    "target_points_discription": [],
    "contact_points_discription": [],
    "functional_points_discription": [],
    "orientation_point_discription": []
}