{
    "stable": true,
    "center": [
        -1.1143454929575573e-05,
        0.948682946963286,
        -0.0005891153390449898
    ],
    "extents": [
        1.631046986625886,
        1.933745582671555,
        1.63150990148181
    ]
}