{
    "stable": true,
    "center": [
        0.0005971345535879197,
        0.9466916228182232,
        0.000518229114150817
    ],
    "extents": [
        1.3574263272460365,
        1.9283860331767155,
        1.356730609563736
    ]
}