{
    "stable": true,
    "center": [
        -0.003687779632468076,
        0.9526501860478408,
        0.000541317092628263
    ],
    "extents": [
        1.9476339327956191,
        1.9498842029294008,
        1.9477645907760641
    ]
}