{
    "stable": true,
    "center": [
        4.282228845103343e-05,
        0.9495631092902996,
        -0.00016695762582485065
    ],
    "extents": [
        1.9381402187720747,
        1.9335852577243489,
        1.9379574409641755
    ]
}