{
    "stable": true,
    "center": [
        2.8499477956659533e-05,
        0.9505042078926089,
        3.352583662728945e-05
    ],
    "extents": [
        0.9138094250746587,
        1.9349090888090248,
        0.8941203674654424
    ]
}