{
    "stable": true,
    "center": [
        -0.0011824886882045832,
        0.9498141179189029,
        0.002516319751173964
    ],
    "extents": [
        0.877548218724257,
        1.9405618106089606,
        0.8766473032068662
    ]
}