{
    "center": [
        -0.00028046343465101847,
        0.45133676024504327,
        -0.0014355435420069162
    ],
    "extents": [
        1.9278419439487362,
        0.9411771222452194,
        1.4638626048229746
    ],
    "scale": [
        0.1,
        0.1,
        0.1
    ],
    "transform_matrix": [
        [
            1.0,
            0.0,
            0.0,
            0.0
        ],
        [
            0.0,
            1.0,
            0.0,
            0.0
        ],
        [
            0.0,
            0.0,
            1.0,
            0.0
        ],
        [
            0.0,
            0.0,
            0.0,
            1.0
        ]
    ],
    "target_pose": [],
    "contact_points_pose": [
        [
            [
                -0.00506999995559454,
                -0.0,
                -0.9999899864196777,
                -0.8928099870681763
            ],
            [
                0.0,
                1.0,
                -0.0,
                0.8278800249099731
            ],
            [
                0.9999899864196777,
                -0.0,
                -0.00506999995559454,
                -0.0
            ],
            [
                0.0,
                0.0,
                0.0,
                1.0
            ]
        ],
        [
            [
                0.00506999995559454,
                0.0,
                0.9999899864196777,
                -0.8928099870681763
            ],
            [
                -0.0,
                1.0,
                -0.0,
                0.8278800249099731
            ],
            [
                -0.9999899864196777,
                -0.0,
                0.00506999995559454,
                -0.0
            ],
            [
                0.0,
                0.0,
                0.0,
                1.0
            ]
        ],
        [
            [
                -0.00506999995559454,
                -0.0,
                -0.9999899864196777,
                0.923520028591156
            ],
            [
                0.0,
                1.0,
                -0.0,
                0.8269199728965759
            ],
            [
                0.9999899864196777,
                -0.0,
                -0.00506999995559454,
                0.009200000204145908
            ],
            [
                0.0,
                0.0,
                0.0,
                1.0
            ]
        ],
        [
            [
                0.00506999995559454,
                0.0,
                0.9999899864196777,
                0.923520028591156
            ],
            [
                -0.0,
                1.0,
                -0.0,
                0.8269199728965759
            ],
            [
                -0.9999899864196777,
                -0.0,
                0.00506999995559454,
                0.009200000204145908
            ],
            [
                0.0,
                0.0,
                0.0,
                1.0
            ]
        ],
        [
            [
                -0.9998300075531006,
                0.0,
                0.018300000578165054,
                0.011620000004768372
            ],
            [
                -0.0,
                1.0,
                -0.0,
                0.8462700247764587
            ],
            [
                -0.018300000578165054,
                -0.0,
                -0.9998300075531006,
                0.6861000061035156
            ],
            [
                0.0,
                0.0,
                0.0,
                1.0
            ]
        ],
        [
            [
                0.9998300075531006,
                -0.0,
                -0.018300000578165054,
                0.011620000004768372
            ],
            [
                0.0,
                1.0,
                -0.0,
                0.8462700247764587
            ],
            [
                0.018300000578165054,
                0.0,
                0.9998300075531006,
                0.6861000061035156
            ],
            [
                0.0,
                0.0,
                0.0,
                1.0
            ]
        ],
        [
            [
                0.9999899864196777,
                0.0,
                0.004110000096261501,
                0.034540001302957535
            ],
            [
                -0.0,
                1.0,
                -0.0,
                0.904670000076294
            ],
            [
                -0.004110000096261501,
                0.0,
                0.9999899864196777,
                -0.6583999991416931
            ],
            [
                0.0,
                0.0,
                0.0,
                1.0
            ]
        ],
        [
            [
                -0.9999899864196777,
                -0.0,
                -0.004110000096261501,
                0.034540001302957535
            ],
            [
                0.0,
                1.0,
                -0.0,
                0.904670000076294
            ],
            [
                0.004110000096261501,
                -0.0,
                -0.9999899864196777,
                -0.6583999991416931
            ],
            [
                0.0,
                0.0,
                0.0,
                1.0
            ]
        ]
    ],
    "functional_matrix": [
        [
            [
                1.0,
                0.0,
                0.0,
                0.3658300042152405
            ],
            [
                0.0,
                0.0003499999875202775,
                1.0,
                -4.999999873689376e-05
            ],
            [
                0.0,
                -1.0,
                0.0003499999875202775,
                0.15745000541210175
            ],
            [
                0.0,
                0.0,
                0.0,
                1.0
            ]
        ],
        [
            [
                1.0,
                0.0,
                0.0,
                -0.36682000756263733
            ],
            [
                0.0,
                0.0003499999875202775,
                1.0,
                4.999999873689376e-05
            ],
            [
                0.0,
                -1.0,
                0.0003499999875202775,
                -0.13744999468326569
            ],
            [
                0.0,
                0.0,
                0.0,
                1.0
            ]
        ]
    ],
    "orientation_point": [],
    "contact_points_group": [
        [
            0,
            1
        ],
        [
            2,
            3
        ],
        [
            4,
            5
        ],
        [
            6,
            7
        ]
    ],
    "contact_points_mask": [
        true,
        true,
        true,
        true
    ],
    "target_point_discription": [],
    "contact_points_discription": [],
    "functional_point_discription": [],
    "orientation_point_discription": [],
    "stable": true
}