{
    "stable": true,
    "center": [
        8.583068106137245e-07,
        0.15000905637499992,
        0.0006754104153388245
    ],
    "extents": [
        0.1658589646665391,
        0.3058255596964088,
        0.16578756881605572
    ]
}