{
    "stable": false,
    "center": [
        5.7885820731612527e-05,
        0.12506913574640055,
        -0.00013365707448841598
    ],
    "extents": [
        0.1097217025904565,
        0.2547911582795429,
        0.11006852249340168
    ]
}