{
    "stable": true,
    "center": [
        -3.340740673484918e-05,
        0.12500206582132975,
        -4.1706351046507364e-05
    ],
    "extents": [
        0.08897651659200861,
        0.2545770083198709,
        0.08875346420512505
    ]
}