{
    "center": [
        -0.00011341817130893842,
        0.3785357929194203,
        -0.0004133678141472488
    ],
    "extents": [
        1.230759329137083,
        0.797294204244255,
        1.935674959798261
    ],
    "scale": [
        0.08,
        0.08,
        0.08
    ],
    "transform_matrix": [
        [
            1.0,
            0.0,
            0.0,
            0.0
        ],
        [
            0.0,
            1.0,
            0.0,
            0.0
        ],
        [
            0.0,
            0.0,
            1.0,
            0.0
        ],
        [
            0.0,
            0.0,
            0.0,
            1.0
        ]
    ],
    "target_pose": [],
    "contact_points_pose": [],
    "functional_matrix": [
        [
            [
                1.0,
                0.0,
                0.0,
                0.005439999978989363
            ],
            [
                0.0,
                0.0004900000058114529,
                1.0,
                0.7873799800872803
            ],
            [
                0.0,
                -1.0,
                0.0004900000058114529,
                0.01209999993443489
            ],
            [
                0.0,
                0.0,
                0.0,
                1.0
            ]
        ]
    ],
    "orientation_point": [],
    "contact_points_group": [],
    "contact_points_mask": [],
    "target_point_discription": [],
    "contact_points_discription": [],
    "functional_point_discription": [],
    "orientation_point_discription": [],
    "stable": true
}