{
    "center": [
        -4.237238253189293e-05,
        0.9501330392378691,
        2.1437981313589756e-05
    ],
    "extents": [
        1.2184828010018074,
        1.935483473415057,
        1.2205202032255722
    ],
    "scale": [
        0.04,
        0.04,
        0.04
    ],
    "transform_matrix": [
        [
            1.0,
            0.0,
            0.0,
            0.0
        ],
        [
            0.0,
            1.0,
            0.0,
            0.0
        ],
        [
            0.0,
            0.0,
            1.0,
            0.0
        ],
        [
            0.0,
            0.0,
            0.0,
            1.0
        ]
    ],
    "target_pose": [],
    "contact_points_pose": [
        [
            [
                -0.013319999910891056,
                -0.9999099969863892,
                -0.00015999999595806003,
                0.0
            ],
            [
                0.9999099969863892,
                -0.013319999910891056,
                -0.0,
                1.3310799598693848
            ],
            [
                -0.0,
                -0.00015999999595806003,
                1.0,
                -0.0
            ],
            [
                0.0,
                0.0,
                0.0,
                1.0
            ]
        ],
        [
            [
                -0.013319999910891056,
                0.00014000000373926014,
                0.9999099969863892,
                0.0
            ],
            [
                0.9999099969863892,
                0.0,
                0.013319999910891056,
                1.3310799598693848
            ],
            [
                0.0,
                1.0,
                -0.00014000000373926014,
                -0.0
            ],
            [
                0.0,
                0.0,
                0.0,
                1.0
            ]
        ],
        [
            [
                -0.013319999910891056,
                0.9999099969863892,
                -0.00014000000373926014,
                0.0
            ],
            [
                0.9999099969863892,
                0.013319999910891056,
                -0.0,
                1.3310799598693848
            ],
            [
                0.0,
                -0.00014000000373926014,
                -1.0,
                -0.0
            ],
            [
                0.0,
                0.0,
                0.0,
                1.0
            ]
        ],
        [
            [
                -0.013319999910891056,
                -0.00014000000373926014,
                -0.9999099969863892,
                0.0
            ],
            [
                0.9999099969863892,
                -0.0,
                -0.013319999910891056,
                1.3310799598693848
            ],
            [
                0.0,
                -1.0,
                0.00014000000373926014,
                -0.0
            ],
            [
                0.0,
                0.0,
                0.0,
                1.0
            ]
        ],
        [
            [
                1.0,
                0.0,
                0.0,
                0.0
            ],
            [
                0.0,
                1.0,
                -0.0,
                1.3055800199508667
            ],
            [
                0.0,
                0.0,
                1.0,
                -0.0
            ],
            [
                0.0,
                0.0,
                0.0,
                1.0
            ]
        ],
        [
            [
                -0.0,
                0.0,
                1.0,
                0.0
            ],
            [
                0.0,
                1.0,
                -0.0,
                1.3055800199508667
            ],
            [
                -1.0,
                0.0,
                0.0,
                -0.0
            ],
            [
                0.0,
                0.0,
                0.0,
                1.0
            ]
        ],
        [
            [
                -1.0,
                -0.0,
                0.0,
                0.0
            ],
            [
                -0.0,
                1.0,
                0.0,
                1.3055800199508667
            ],
            [
                -0.0,
                0.0,
                -1.0,
                -0.0
            ],
            [
                0.0,
                0.0,
                0.0,
                1.0
            ]
        ],
        [
            [
                -0.0,
                0.0,
                -1.0,
                0.0
            ],
            [
                0.0,
                1.0,
                -0.0,
                1.3055800199508667
            ],
            [
                1.0,
                0.0,
                0.0,
                -0.0
            ],
            [
                0.0,
                0.0,
                0.0,
                1.0
            ]
        ]
    ],
    "functional_matrix": [],
    "orientation_point": [],
    "contact_points_group": [
        [
            0,
            1,
            2,
            3
        ],
        [
            4,
            5,
            6,
            7
        ]
    ],
    "contact_points_mask": [
        true,
        true
    ],
    "target_point_discription": [],
    "contact_points_discription": [],
    "functional_point_discription": [],
    "orientation_point_discription": [],
    "stable": true
}