{
    "center": [
        5.328820754421827e-05,
        0.946283413031014,
        -0.00022866281333387331
    ],
    "extents": [
        1.097549752361479,
        1.927917163688297,
        1.0977622003751675
    ],
    "scale": [
        0.05,
        0.05,
        0.05
    ],
    "transform_matrix": [
        [
            1.0,
            0.0,
            0.0,
            0.0
        ],
        [
            0.0,
            1.0,
            0.0,
            0.0
        ],
        [
            0.0,
            0.0,
            1.0,
            0.0
        ],
        [
            0.0,
            0.0,
            0.0,
            1.0
        ]
    ],
    "target_pose": [],
    "contact_points_pose": [
        [
            [
                -0.013319999910891056,
                -0.9999099969863892,
                0.00014000000373926014,
                0.0
            ],
            [
                0.9999099969863892,
                -0.013319999910891056,
                0.0,
                1.4043300151824951
            ],
            [
                0.0,
                0.00014000000373926014,
                1.0,
                -0.0
            ],
            [
                0.0,
                0.0,
                0.0,
                1.0
            ]
        ],
        [
            [
                -0.013319999910891056,
                0.00014000000373926014,
                0.9999099969863892,
                0.0
            ],
            [
                0.9999099969863892,
                0.0,
                0.013319999910891056,
                1.4043300151824951
            ],
            [
                0.0,
                1.0,
                -0.00014000000373926014,
                -0.0
            ],
            [
                0.0,
                0.0,
                0.0,
                1.0
            ]
        ],
        [
            [
                -0.013319999910891056,
                0.9999099969863892,
                -0.00014000000373926014,
                0.0
            ],
            [
                0.9999099969863892,
                0.013319999910891056,
                -0.0,
                1.4043300151824951
            ],
            [
                0.0,
                -0.00014000000373926014,
                -1.0,
                -0.0
            ],
            [
                0.0,
                0.0,
                0.0,
                1.0
            ]
        ],
        [
            [
                -0.013319999910891056,
                -0.00014000000373926014,
                -0.9999099969863892,
                0.0
            ],
            [
                0.9999099969863892,
                -0.0,
                -0.013319999910891056,
                1.4043300151824951
            ],
            [
                0.0,
                -1.0,
                0.00014000000373926014,
                -0.0
            ],
            [
                0.0,
                0.0,
                0.0,
                1.0
            ]
        ],
        [
            [
                1.0,
                0.0,
                0.0,
                0.0
            ],
            [
                0.0,
                1.0,
                -0.0,
                1.4046599864959717
            ],
            [
                0.0,
                0.0,
                1.0,
                -0.0
            ],
            [
                0.0,
                0.0,
                0.0,
                1.0
            ]
        ],
        [
            [
                -0.0,
                0.0,
                1.0,
                0.0
            ],
            [
                0.0,
                1.0,
                -0.0,
                1.4046599864959717
            ],
            [
                -1.0,
                0.0,
                0.0,
                -0.0
            ],
            [
                0.0,
                0.0,
                0.0,
                1.0
            ]
        ],
        [
            [
                -1.0,
                -0.0,
                0.0,
                0.0
            ],
            [
                -0.0,
                1.0,
                0.0,
                1.4046599864959717
            ],
            [
                -0.0,
                0.0,
                -1.0,
                -0.0
            ],
            [
                0.0,
                0.0,
                0.0,
                1.0
            ]
        ],
        [
            [
                -0.0,
                0.0,
                -1.0,
                0.0
            ],
            [
                0.0,
                1.0,
                -0.0,
                1.4046599864959717
            ],
            [
                1.0,
                0.0,
                0.0,
                -0.0
            ],
            [
                0.0,
                0.0,
                0.0,
                1.0
            ]
        ]
    ],
    "functional_matrix": [],
    "orientation_point": [],
    "contact_points_group": [
        [
            0,
            1,
            2,
            3
        ],
        [
            4,
            5,
            6,
            7
        ]
    ],
    "contact_points_mask": [
        true,
        true
    ],
    "target_point_discription": [],
    "contact_points_discription": [],
    "functional_point_discription": [],
    "orientation_point_discription": [],
    "stable": false
}