{
    "center": [
        -0.0010193831046335657,
        0.9472776738801442,
        -0.0059667950101925955
    ],
    "extents": [
        0.8939016578561729,
        1.946056607355016,
        0.8032255656302517
    ],
    "scale": [
        0.04,
        0.04,
        0.04
    ],
    "transform_matrix": [
        [
            1.0,
            0.0,
            0.0,
            0.0
        ],
        [
            0.0,
            1.0,
            0.0,
            0.0
        ],
        [
            0.0,
            0.0,
            1.0,
            0.0
        ],
        [
            0.0,
            0.0,
            0.0,
            1.0
        ]
    ],
    "target_pose": [],
    "contact_points_pose": [
        [
            [
                -0.013319999910891056,
                -0.9999099969863892,
                -3.9999998989515007e-05,
                0.0
            ],
            [
                0.9999099969863892,
                -0.013319999910891056,
                -0.0,
                1.0587799549102783
            ],
            [
                -0.0,
                -3.9999998989515007e-05,
                1.0,
                -0.0
            ],
            [
                0.0,
                0.0,
                0.0,
                1.0
            ]
        ],
        [
            [
                -0.013319999910891056,
                0.00014000000373926014,
                0.9999099969863892,
                0.0
            ],
            [
                0.9999099969863892,
                0.0,
                0.013319999910891056,
                1.0587799549102783
            ],
            [
                0.0,
                1.0,
                -0.00014000000373926014,
                -0.0
            ],
            [
                0.0,
                0.0,
                0.0,
                1.0
            ]
        ],
        [
            [
                -0.013319999910891056,
                0.9999099969863892,
                -0.00014000000373926014,
                0.0
            ],
            [
                0.9999099969863892,
                0.013319999910891056,
                -0.0,
                1.0587799549102783
            ],
            [
                0.0,
                -0.00014000000373926014,
                -1.0,
                -0.0
            ],
            [
                0.0,
                0.0,
                0.0,
                1.0
            ]
        ],
        [
            [
                -0.013319999910891056,
                -0.00014000000373926014,
                -0.9999099969863892,
                0.0
            ],
            [
                0.9999099969863892,
                -0.0,
                -0.013319999910891056,
                1.0587799549102783
            ],
            [
                0.0,
                -1.0,
                0.00014000000373926014,
                -0.0
            ],
            [
                0.0,
                0.0,
                0.0,
                1.0
            ]
        ],
        [
            [
                1.0,
                0.0,
                0.0,
                0.0
            ],
            [
                0.0,
                1.0,
                0.0,
                1.0501099824905396
            ],
            [
                0.0,
                0.0,
                1.0,
                -0.0
            ],
            [
                0.0,
                0.0,
                0.0,
                1.0
            ]
        ],
        [
            [
                -0.0,
                0.0,
                1.0,
                0.0
            ],
            [
                0.0,
                1.0,
                -0.0,
                1.0501099824905396
            ],
            [
                -1.0,
                0.0,
                0.0,
                -0.0
            ],
            [
                0.0,
                0.0,
                0.0,
                1.0
            ]
        ],
        [
            [
                -1.0,
                -0.0,
                0.0,
                0.0
            ],
            [
                -0.0,
                1.0,
                0.0,
                1.0501099824905396
            ],
            [
                -0.0,
                0.0,
                -1.0,
                -0.0
            ],
            [
                0.0,
                0.0,
                0.0,
                1.0
            ]
        ],
        [
            [
                -0.0,
                0.0,
                -1.0,
                0.0
            ],
            [
                0.0,
                1.0,
                -0.0,
                1.0501099824905396
            ],
            [
                1.0,
                0.0,
                0.0,
                -0.0
            ],
            [
                0.0,
                0.0,
                0.0,
                1.0
            ]
        ]
    ],
    "functional_matrix": [],
    "orientation_point": [],
    "contact_points_group": [
        [
            0,
            1,
            2,
            3
        ],
        [
            4,
            5,
            6,
            7
        ]
    ],
    "contact_points_mask": [
        true,
        true
    ],
    "target_point_discription": [],
    "contact_points_discription": [],
    "functional_point_discription": [],
    "orientation_point_discription": [],
    "stable": true
}