{
    "center": [
        0.0006860291942386961,
        0.9475692723080297,
        -0.0006902483307378278
    ],
    "extents": [
        0.9489091001637648,
        1.9292765776981016,
        0.6588961261213057
    ],
    "scale": [
        0.04,
        0.04,
        0.04
    ],
    "transform_matrix": [
        [
            1.0,
            0.0,
            0.0,
            0.0
        ],
        [
            0.0,
            1.0,
            0.0,
            0.0
        ],
        [
            0.0,
            0.0,
            1.0,
            0.0
        ],
        [
            0.0,
            0.0,
            0.0,
            1.0
        ]
    ],
    "target_pose": [],
    "contact_points_pose": [
        [
            [
                -0.013319999910891056,
                -0.9999099969863892,
                -0.00015999999595806003,
                0.0
            ],
            [
                0.9999099969863892,
                -0.013319999910891056,
                -0.0,
                1.3310799598693848
            ],
            [
                -0.0,
                -0.00015999999595806003,
                1.0,
                -0.0
            ],
            [
                0.0,
                0.0,
                0.0,
                1.0
            ]
        ],
        [
            [
                -0.013319999910891056,
                0.00014000000373926014,
                0.9999099969863892,
                0.0
            ],
            [
                0.9999099969863892,
                0.0,
                0.013319999910891056,
                1.3310799598693848
            ],
            [
                0.0,
                1.0,
                -0.00014000000373926014,
                -0.0
            ],
            [
                0.0,
                0.0,
                0.0,
                1.0
            ]
        ],
        [
            [
                -0.013319999910891056,
                0.9999099969863892,
                -0.00014000000373926014,
                0.0
            ],
            [
                0.9999099969863892,
                0.013319999910891056,
                -0.0,
                1.3310799598693848
            ],
            [
                0.0,
                -0.00014000000373926014,
                -1.0,
                -0.0
            ],
            [
                0.0,
                0.0,
                0.0,
                1.0
            ]
        ],
        [
            [
                -0.013319999910891056,
                -0.00014000000373926014,
                -0.9999099969863892,
                0.0
            ],
            [
                0.9999099969863892,
                -0.0,
                -0.013319999910891056,
                1.3310799598693848
            ],
            [
                0.0,
                -1.0,
                0.00014000000373926014,
                -0.0
            ],
            [
                0.0,
                0.0,
                0.0,
                1.0
            ]
        ],
        [
            [
                1.0,
                0.0,
                0.0,
                0.0
            ],
            [
                0.0,
                1.0,
                -0.0,
                1.201859951019287
            ],
            [
                0.0,
                0.0,
                1.0,
                -0.0
            ],
            [
                0.0,
                0.0,
                0.0,
                1.0
            ]
        ],
        [
            [
                -0.0,
                0.0,
                1.0,
                0.0
            ],
            [
                0.0,
                1.0,
                -0.0,
                1.201859951019287
            ],
            [
                -1.0,
                0.0,
                0.0,
                -0.0
            ],
            [
                0.0,
                0.0,
                0.0,
                1.0
            ]
        ],
        [
            [
                -1.0,
                -0.0,
                0.0,
                0.0
            ],
            [
                -0.0,
                1.0,
                0.0,
                1.201859951019287
            ],
            [
                -0.0,
                0.0,
                -1.0,
                -0.0
            ],
            [
                0.0,
                0.0,
                0.0,
                1.0
            ]
        ],
        [
            [
                -0.0,
                0.0,
                -1.0,
                0.0
            ],
            [
                0.0,
                1.0,
                -0.0,
                1.201859951019287
            ],
            [
                1.0,
                0.0,
                0.0,
                -0.0
            ],
            [
                0.0,
                0.0,
                0.0,
                1.0
            ]
        ]
    ],
    "functional_matrix": [],
    "orientation_point": [],
    "contact_points_group": [
        [
            0,
            1,
            2,
            3
        ],
        [
            4,
            5,
            6,
            7
        ]
    ],
    "contact_points_mask": [
        true,
        true
    ],
    "target_point_discription": [],
    "contact_points_discription": [],
    "functional_point_discription": [],
    "orientation_point_discription": [],
    "stable": true
}