{
    "center": [
        0.00031048350543617036,
        0.9496730035348143,
        0.00018341252467931279
    ],
    "extents": [
        1.412369409925732,
        1.9357083670466286,
        1.4092190052328752
    ],
    "scale": [
        0.04,
        0.04,
        0.04
    ],
    "transform_matrix": [
        [
            1.0,
            0.0,
            0.0,
            0.0
        ],
        [
            0.0,
            1.0,
            0.0,
            0.0
        ],
        [
            0.0,
            0.0,
            1.0,
            0.0
        ],
        [
            0.0,
            0.0,
            0.0,
            1.0
        ]
    ],
    "target_pose": [],
    "contact_points_pose": [
        [
            [
                -0.013330000452697277,
                -0.9999099969863892,
                -0.0008200000156648457,
                0.0
            ],
            [
                0.9999099969863892,
                -0.013330000452697277,
                -9.999999747378752e-06,
                1.371880054473877
            ],
            [
                -0.0,
                -0.0008200000156648457,
                1.0,
                -0.0
            ],
            [
                0.0,
                0.0,
                0.0,
                1.0
            ]
        ],
        [
            [
                -0.013319999910891056,
                0.00014000000373926014,
                0.9999099969863892,
                0.0
            ],
            [
                0.9999099969863892,
                0.0,
                0.013319999910891056,
                1.371880054473877
            ],
            [
                0.0,
                1.0,
                -0.00014000000373926014,
                -0.0
            ],
            [
                0.0,
                0.0,
                0.0,
                1.0
            ]
        ],
        [
            [
                -0.013319999910891056,
                0.9999099969863892,
                -0.00014000000373926014,
                0.0
            ],
            [
                0.9999099969863892,
                0.013319999910891056,
                -0.0,
                1.371880054473877
            ],
            [
                0.0,
                -0.00014000000373926014,
                -1.0,
                -0.0
            ],
            [
                0.0,
                0.0,
                0.0,
                1.0
            ]
        ],
        [
            [
                -0.013319999910891056,
                -0.00014000000373926014,
                -0.9999099969863892,
                0.0
            ],
            [
                0.9999099969863892,
                -0.0,
                -0.013319999910891056,
                1.371880054473877
            ],
            [
                0.0,
                -1.0,
                0.00014000000373926014,
                -0.0
            ],
            [
                0.0,
                0.0,
                0.0,
                1.0
            ]
        ],
        [
            [
                1.0,
                0.0,
                0.0,
                0.0
            ],
            [
                0.0,
                1.0,
                -0.0,
                1.2936400175094604
            ],
            [
                0.0,
                0.0,
                1.0,
                -0.0
            ],
            [
                0.0,
                0.0,
                0.0,
                1.0
            ]
        ],
        [
            [
                -0.0,
                0.0,
                1.0,
                0.0
            ],
            [
                -0.0,
                1.0,
                -0.0,
                1.2936400175094604
            ],
            [
                -1.0,
                0.0,
                0.0,
                -0.0
            ],
            [
                0.0,
                0.0,
                0.0,
                1.0
            ]
        ],
        [
            [
                -1.0,
                0.0,
                0.0,
                0.0
            ],
            [
                0.0,
                1.0,
                -0.0,
                1.2936400175094604
            ],
            [
                0.0,
                -0.0,
                -1.0,
                -0.0
            ],
            [
                0.0,
                0.0,
                0.0,
                1.0
            ]
        ],
        [
            [
                -0.0,
                -0.0,
                -1.0,
                0.0
            ],
            [
                0.0,
                1.0,
                -0.0,
                1.2936400175094604
            ],
            [
                1.0,
                0.0,
                0.0,
                -0.0
            ],
            [
                0.0,
                0.0,
                0.0,
                1.0
            ]
        ]
    ],
    "functional_matrix": [],
    "orientation_point": [],
    "contact_points_group": [
        [
            0,
            1,
            2,
            3
        ],
        [
            4,
            5,
            6,
            7
        ]
    ],
    "contact_points_mask": [
        true,
        true
    ],
    "target_point_discription": [],
    "contact_points_discription": [],
    "functional_point_discription": [],
    "orientation_point_discription": [],
    "stable": true
}