{
  "norm_stats": {
    "state": {
      "mean": [
        -0.32333824038505554,
        1.5257048606872559,
        1.026850938796997,
        -0.6113795638084412,
        0.011111639440059662,
        -0.08928947895765305,
        0.6291369795799255,
        0.1529563069343567,
        1.995054841041565,
        1.4488683938980103,
        -0.919511616230011,
        -0.0033791647292673588,
        -0.24668355286121368,
        0.31803297996520996
      ],
      "std": [
        0.34470605850219727,
        0.9301838278770447,
        0.6489028334617615,
        0.4055750370025635,
        0.053614333271980286,
        1.1595772504806519,
        0.46249863505363464,
        0.3054523468017578,
        0.553125262260437,
        0.46191224455833435,
        0.30686262249946594,
        0.028554143384099007,
        1.048267126083374,
        0.444439172744751
      ],
      "q01": [
        -0.9242853649721147,
        -0.000022188878574525006,
        -0.000033775530027924106,
        -1.2800241048452328,
        -0.08549620140492915,
        -2.4678497103214263,
        0.0,
        -0.2698828370690346,
        0.0,
        0.0,
        -1.4930685007095337,
        -0.10113414536118508,
        -3.9581884588241576,
        0.0
      ],
      "q99": [
        -0.0001574542005124968,
        2.5073570589172944,
        1.962217243501744,
        -0.00014518014508047017,
        0.2626879644095898,
        1.9599288556575774,
        0.9998,
        0.7389449241757393,
        2.62441680021286,
        2.2945817829608917,
        -0.0003390255451201085,
        0.06457002745866774,
        2.3279499423503873,
        0.9998
      ]
    },
    "actions": {
      "mean": [
        0.0075662946328520775,
        -0.10752274841070175,
        -0.07626315951347351,
        0.04804404824972153,
        -0.00032372132409363985,
        -0.023186592385172844,
        0.6291369795799255,
        0.07514584809541702,
        0.16355650126934052,
        0.13107524812221527,
        -0.07019595056772232,
        -0.001094374107196927,
        0.02255142852663994,
        0.31795960664749146
      ],
      "std": [
        0.33449774980545044,
        0.7754596471786499,
        0.5150527358055115,
        0.3434913456439972,
        0.04587422311306,
        0.8409859538078308,
        0.46249881386756897,
        0.25407204031944275,
        0.48315978050231934,
        0.3421827554702759,
        0.23771099746227264,
        0.019336381927132607,
        0.635183572769165,
        0.44434604048728943
      ],
      "q01": [
        -0.8118778389453888,
        -2.1548795021057128,
        -1.4225593256950377,
        -0.8549693556070328,
        -0.1662458356618881,
        -3.0489478955268856,
        0.0,
        -0.2936173609256744,
        -0.40998868408203126,
        -0.3087816572189331,
        -0.8528235125839709,
        -0.08697231289744377,
        -1.7760111739635471,
        0.0
      ],
      "q99": [
        0.901622567844391,
        2.176713521671296,
        1.4653127790451053,
        0.8634978775024416,
        0.17758504796028135,
        2.4207009761810303,
        0.9998,
        0.9364979389190675,
        2.176618630623817,
        1.4869118714332583,
        0.322668843895197,
        0.06115198402404787,
        2.3830444498062127,
        0.9998
      ]
    }
  }
}