{
    "center": [
        0.003046859049948911,
        0.973016712621366,
        -0.0001111586448369964
    ],
    "extents": [
        1.366854037242858,
        1.892380377053694,
        1.3635638048398548
    ],
    "scale": [
        0.085,
        0.085,
        0.085
    ],
    "transform_matrix": [
        [
            1.0,
            0.0,
            0.0,
            0.0
        ],
        [
            0.0,
            1.0,
            0.0,
            0.0
        ],
        [
            0.0,
            0.0,
            1.0,
            0.0
        ],
        [
            0.0,
            0.0,
            0.0,
            1.0
        ]
    ],
    "target_pose": [],
    "contact_points_pose": [
        [
            [
                -0.0,
                -0.0,
                -1.0,
                0.030050000175833702
            ],
            [
                1.0,
                -0.0,
                -0.0,
                1.1034400463104248
            ],
            [
                -0.0,
                -1.0,
                0.0,
                -0.005379999987781048
            ],
            [
                0.0,
                0.0,
                0.0,
                1.0
            ]
        ],
        [
            [
                -0.0,
                -0.7071099877357483,
                -0.7071099877357483,
                0.030050000175833702
            ],
            [
                1.0,
                -0.0,
                -0.0,
                1.1034400463104248
            ],
            [
                -0.0,
                -0.7071099877357483,
                0.7071099877357483,
                -0.005379999987781048
            ],
            [
                0.0,
                0.0,
                0.0,
                1.0
            ]
        ],
        [
            [
                -0.0,
                -1.0,
                0.0,
                0.030050000175833702
            ],
            [
                1.0,
                0.0,
                0.0,
                1.1034400463104248
            ],
            [
                -0.0,
                0.0,
                1.0,
                -0.005379999987781048
            ],
            [
                0.0,
                0.0,
                0.0,
                1.0
            ]
        ],
        [
            [
                0.0,
                -0.7071099877357483,
                0.7071099877357483,
                0.030050000175833702
            ],
            [
                1.0,
                0.0,
                0.0,
                1.1034400463104248
            ],
            [
                -0.0,
                0.7071099877357483,
                0.7071099877357483,
                -0.005379999987781048
            ],
            [
                0.0,
                0.0,
                0.0,
                1.0
            ]
        ],
        [
            [
                -0.0,
                0.0,
                1.0,
                0.030050000175833702
            ],
            [
                1.0,
                0.0,
                -0.0,
                1.1034400463104248
            ],
            [
                -0.0,
                1.0,
                -0.0,
                -0.005379999987781048
            ],
            [
                0.0,
                0.0,
                0.0,
                1.0
            ]
        ],
        [
            [
                -0.0,
                0.7071099877357483,
                0.7071099877357483,
                0.030050000175833702
            ],
            [
                1.0,
                0.0,
                -0.0,
                1.1034400463104248
            ],
            [
                -0.0,
                0.7071099877357483,
                -0.7071099877357483,
                -0.005379999987781048
            ],
            [
                0.0,
                0.0,
                0.0,
                1.0
            ]
        ],
        [
            [
                -0.0,
                1.0,
                -0.0,
                0.030050000175833702
            ],
            [
                1.0,
                0.0,
                -0.0,
                1.1034400463104248
            ],
            [
                -0.0,
                0.0,
                -1.0,
                -0.005379999987781048
            ],
            [
                0.0,
                0.0,
                0.0,
                1.0
            ]
        ],
        [
            [
                0.0,
                0.7071099877357483,
                -0.7071099877357483,
                0.030050000175833702
            ],
            [
                1.0,
                -0.0,
                -0.0,
                1.1034400463104248
            ],
            [
                -0.0,
                -0.7071099877357483,
                -0.7071099877357483,
                -0.005379999987781048
            ],
            [
                0.0,
                0.0,
                0.0,
                1.0
            ]
        ]
    ],
    "functional_matrix": [],
    "orientation_point": [],
    "contact_points_group": [
        [
            0,
            1,
            2,
            3,
            4,
            5,
            6,
            7
        ]
    ],
    "contact_points_mask": [
        true
    ],
    "target_point_discription": [],
    "contact_points_discription": [],
    "functional_point_discription": [],
    "orientation_point_discription": [],
    "stable": true
}