{
    "center": [
        -0.07036911144801179,
        0.8736822930181418,
        -0.17639437507821487
    ],
    "extents": [
        1.0160490993579736,
        2.122491576570912,
        1.2441872571234212
    ],
    "scale": [
        0.085,
        0.085,
        0.085
    ],
    "transform_matrix": [
        [
            1.0,
            0.0,
            0.0,
            0.0
        ],
        [
            0.0,
            1.0,
            0.0,
            0.0
        ],
        [
            0.0,
            0.0,
            1.0,
            0.0
        ],
        [
            0.0,
            0.0,
            0.0,
            1.0
        ]
    ],
    "target_pose": [],
    "contact_points_pose": [
        [
            [
                -0.0,
                -0.0,
                -1.0,
                0.030050000175833702
            ],
            [
                1.0,
                -0.0,
                -0.0,
                1.1034400463104248
            ],
            [
                -0.0,
                -1.0,
                0.0,
                -0.005379999987781048
            ],
            [
                0.0,
                0.0,
                0.0,
                1.0
            ]
        ],
        [
            [
                -0.0,
                -0.7071099877357483,
                -0.7071099877357483,
                0.030050000175833702
            ],
            [
                1.0,
                -0.0,
                -0.0,
                1.1034400463104248
            ],
            [
                -0.0,
                -0.7071099877357483,
                0.7071099877357483,
                -0.005379999987781048
            ],
            [
                0.0,
                0.0,
                0.0,
                1.0
            ]
        ],
        [
            [
                -0.0,
                -1.0,
                0.0,
                0.030050000175833702
            ],
            [
                1.0,
                0.0,
                0.0,
                1.1034400463104248
            ],
            [
                -0.0,
                0.0,
                1.0,
                -0.005379999987781048
            ],
            [
                0.0,
                0.0,
                0.0,
                1.0
            ]
        ],
        [
            [
                0.0,
                -0.7071099877357483,
                0.7071099877357483,
                0.030050000175833702
            ],
            [
                1.0,
                0.0,
                0.0,
                1.1034400463104248
            ],
            [
                -0.0,
                0.7071099877357483,
                0.7071099877357483,
                -0.005379999987781048
            ],
            [
                0.0,
                0.0,
                0.0,
                1.0
            ]
        ],
        [
            [
                -0.0,
                0.0,
                1.0,
                0.030050000175833702
            ],
            [
                1.0,
                0.0,
                -0.0,
                1.1034400463104248
            ],
            [
                -0.0,
                1.0,
                -0.0,
                -0.005379999987781048
            ],
            [
                0.0,
                0.0,
                0.0,
                1.0
            ]
        ],
        [
            [
                -0.0,
                0.7071099877357483,
                0.7071099877357483,
                0.030050000175833702
            ],
            [
                1.0,
                0.0,
                -0.0,
                1.1034400463104248
            ],
            [
                -0.0,
                0.7071099877357483,
                -0.7071099877357483,
                -0.005379999987781048
            ],
            [
                0.0,
                0.0,
                0.0,
                1.0
            ]
        ],
        [
            [
                -0.0,
                1.0,
                -0.0,
                0.030050000175833702
            ],
            [
                1.0,
                0.0,
                -0.0,
                1.1034400463104248
            ],
            [
                -0.0,
                0.0,
                -1.0,
                -0.005379999987781048
            ],
            [
                0.0,
                0.0,
                0.0,
                1.0
            ]
        ],
        [
            [
                0.0,
                0.7071099877357483,
                -0.7071099877357483,
                0.030050000175833702
            ],
            [
                1.0,
                -0.0,
                -0.0,
                1.1034400463104248
            ],
            [
                -0.0,
                -0.7071099877357483,
                -0.7071099877357483,
                -0.005379999987781048
            ],
            [
                0.0,
                0.0,
                0.0,
                1.0
            ]
        ]
    ],
    "functional_matrix": [],
    "orientation_point": [],
    "contact_points_group": [
        [
            0,
            1,
            2,
            3,
            4,
            5,
            6,
            7
        ]
    ],
    "contact_points_mask": [
        true
    ],
    "target_point_discription": [],
    "contact_points_discription": [],
    "functional_point_discription": [],
    "orientation_point_discription": [],
    "stable": true
}