{
    "stable": true,
    "center": [
        0.001387581584127141,
        0.9377866039077604,
        -0.0006900567709553479
    ],
    "extents": [
        2.971223842045445,
        2.4609605105358154,
        2.7269141742912693
    ]
}