{
    "stable": false,
    "center": [
        0.04073787229429799,
        0.6658984131319605,
        -0.011797204804116957
    ],
    "extents": [
        2.148988695046558,
        1.881170865008841,
        1.8335020617517164
    ]
}