{
    "stable": true,
    "center": [
        0.005197621283116201,
        0.8863126598535412,
        0.015436717565715947
    ],
    "extents": [
        2.368476135412593,
        2.797664354538803,
        2.9545843963489924
    ]
}