{
    "stable": true,
    "center": [
        -0.0034935435653884054,
        0.7639396163477079,
        0.13220703075191054
    ],
    "extents": [
        1.8065007377327171,
        2.3881084232626493,
        2.3902034912480192
    ]
}