{
    "stable": false,
    "center": [
        -0.00021482899353712545,
        0.7755007822805987,
        0.04222105133439411
    ],
    "extents": [
        2.3943132731905257,
        1.922322638181437,
        2.609572075593501
    ]
}