{
    "stable": true,
    "center": [
        0.00019256705308377857,
        0.8394961658172262,
        -0.0020005418970912227
    ],
    "extents": [
        2.3104029221807174,
        1.7669910854424642,
        2.3441128068141803
    ]
}