{
    "stable": false,
    "center": [
        0.03640982940910066,
        0.950867617836138,
        0.012797805950438538
    ],
    "extents": [
        1.2564127778753693,
        2.0112522084377007,
        1.1859768529416266
    ]
}