{"min": [-0.059543, -0.969353, -0.059988], "max": [0.057457, 1.006527, 0.069173]}