{
    "center": [
        -2.8670026629540524e-05,
        0.9446276909909359,
        -0.0018597450974928923
    ],
    "extents": [
        1.0397546612470607,
        1.9242641224223427,
        1.026730747417079
    ],
    "scale": [
        0.08,
        0.08,
        0.08
    ],
    "transform_matrix": [
        [
            1.0,
            0.0,
            0.0,
            0.0
        ],
        [
            0.0,
            1.0,
            0.0,
            0.0
        ],
        [
            0.0,
            0.0,
            1.0,
            0.0
        ],
        [
            0.0,
            0.0,
            0.0,
            1.0
        ]
    ],
    "target_pose": [],
    "contact_points_pose": [
        [
            [
                -0.018549999222159386,
                -0.9998300075531006,
                -0.00033999999868683517,
                -0.013249999843537807
            ],
            [
                0.9998300075531006,
                -0.018549999222159386,
                -9.999999747378752e-06,
                0.7145799994468689
            ],
            [
                0.0,
                -0.00033999999868683517,
                1.0,
                -0.0
            ],
            [
                0.0,
                0.0,
                0.0,
                1.0
            ]
        ],
        [
            [
                -0.018559999763965607,
                -0.00033999999868683517,
                0.9998300075531006,
                -0.013249999843537807
            ],
            [
                0.9998300075531006,
                -9.999999747378752e-06,
                0.018559999763965607,
                0.7145799994468689
            ],
            [
                0.0,
                1.0,
                0.00033999999868683517,
                -0.0
            ],
            [
                0.0,
                0.0,
                0.0,
                1.0
            ]
        ],
        [
            [
                -0.018549999222159386,
                0.9998300075531006,
                0.00033999999868683517,
                -0.013249999843537807
            ],
            [
                0.9998300075531006,
                0.018549999222159386,
                9.999999747378752e-06,
                0.7145799994468689
            ],
            [
                0.0,
                0.00033999999868683517,
                -1.0,
                -0.0
            ],
            [
                0.0,
                0.0,
                0.0,
                1.0
            ]
        ],
        [
            [
                -0.018559999763965607,
                0.00033999999868683517,
                -0.9998300075531006,
                -0.013249999843537807
            ],
            [
                0.9998300075531006,
                9.999999747378752e-06,
                -0.018559999763965607,
                0.7145799994468689
            ],
            [
                0.0,
                -1.0,
                -0.00033999999868683517,
                -0.0
            ],
            [
                0.0,
                0.0,
                0.0,
                1.0
            ]
        ]
    ],
    "functional_matrix": [],
    "orientation_point": [],
    "contact_points_group": [
        [
            0,
            1,
            2,
            3
        ]
    ],
    "contact_points_mask": [
        true
    ],
    "target_point_discription": [],
    "contact_points_discription": [],
    "functional_point_discription": [],
    "orientation_point_discription": [],
    "stable": true
}