{
    "center": [
        3.564521839882191e-05,
        0.9510014531305285,
        6.179389048993865e-05
    ],
    "extents": [
        0.6301238058113748,
        1.9345407566354735,
        0.6282463171992487
    ],
    "scale": [
        0.08,
        0.08,
        0.08
    ],
    "transform_matrix": [
        [
            1.0,
            0.0,
            0.0,
            0.0
        ],
        [
            0.0,
            1.0,
            0.0,
            0.0
        ],
        [
            0.0,
            0.0,
            1.0,
            0.0
        ],
        [
            0.0,
            0.0,
            0.0,
            1.0
        ]
    ],
    "target_pose": [],
    "contact_points_pose": [
        [
            [
                -0.018549999222159386,
                -0.9998300075531006,
                -0.0004299999854993075,
                -0.013249999843537807
            ],
            [
                0.9998300075531006,
                -0.018549999222159386,
                -9.999999747378752e-06,
                0.6251099705696106
            ],
            [
                0.0,
                -0.0004299999854993075,
                1.0,
                -0.0
            ],
            [
                0.0,
                0.0,
                0.0,
                1.0
            ]
        ],
        [
            [
                -0.018559999763965607,
                -0.00033999999868683517,
                0.9998300075531006,
                -0.013249999843537807
            ],
            [
                0.9998300075531006,
                -9.999999747378752e-06,
                0.018559999763965607,
                0.6251099705696106
            ],
            [
                0.0,
                1.0,
                0.00033999999868683517,
                -0.0
            ],
            [
                0.0,
                0.0,
                0.0,
                1.0
            ]
        ],
        [
            [
                -0.018549999222159386,
                0.9998300075531006,
                0.00033999999868683517,
                -0.013249999843537807
            ],
            [
                0.9998300075531006,
                0.018549999222159386,
                9.999999747378752e-06,
                0.6251099705696106
            ],
            [
                0.0,
                0.00033999999868683517,
                -1.0,
                -0.0
            ],
            [
                0.0,
                0.0,
                0.0,
                1.0
            ]
        ],
        [
            [
                -0.018559999763965607,
                0.00033999999868683517,
                -0.9998300075531006,
                -0.013249999843537807
            ],
            [
                0.9998300075531006,
                9.999999747378752e-06,
                -0.018559999763965607,
                0.6251099705696106
            ],
            [
                0.0,
                -1.0,
                -0.00033999999868683517,
                -0.0
            ],
            [
                0.0,
                0.0,
                0.0,
                1.0
            ]
        ]
    ],
    "functional_matrix": [],
    "orientation_point": [],
    "contact_points_group": [
        [
            0,
            1,
            2,
            3
        ]
    ],
    "contact_points_mask": [
        true
    ],
    "target_point_discription": [],
    "contact_points_discription": [],
    "functional_point_discription": [],
    "orientation_point_discription": [],
    "stable": true
}