{
    "center": [
        6.844860683375782e-05,
        0.9512573753051444,
        2.1866619096547933e-05
    ],
    "extents": [
        0.5394530664506032,
        1.93408602848424,
        0.5385738879776661
    ],
    "scale": [
        0.08,
        0.08,
        0.08
    ],
    "transform_matrix": [
        [
            1.0,
            0.0,
            0.0,
            0.0
        ],
        [
            0.0,
            1.0,
            0.0,
            0.0
        ],
        [
            0.0,
            0.0,
            1.0,
            0.0
        ],
        [
            0.0,
            0.0,
            0.0,
            1.0
        ]
    ],
    "target_pose": [],
    "contact_points_pose": [
        [
            [
                -0.018549999222159386,
                -0.9998300075531006,
                -0.0005099999834783375,
                -0.013249999843537807
            ],
            [
                0.9998300075531006,
                -0.018549999222159386,
                -9.999999747378752e-06,
                1.201990008354187
            ],
            [
                0.0,
                -0.0005099999834783375,
                1.0,
                -0.0
            ],
            [
                0.0,
                0.0,
                0.0,
                1.0
            ]
        ],
        [
            [
                -0.018559999763965607,
                -0.00033999999868683517,
                0.9998300075531006,
                -0.013249999843537807
            ],
            [
                0.9998300075531006,
                -9.999999747378752e-06,
                0.018559999763965607,
                1.201990008354187
            ],
            [
                0.0,
                1.0,
                0.00033999999868683517,
                -0.0
            ],
            [
                0.0,
                0.0,
                0.0,
                1.0
            ]
        ],
        [
            [
                -0.018549999222159386,
                0.9998300075531006,
                0.00033999999868683517,
                -0.013249999843537807
            ],
            [
                0.9998300075531006,
                0.018549999222159386,
                9.999999747378752e-06,
                1.201990008354187
            ],
            [
                0.0,
                0.00033999999868683517,
                -1.0,
                -0.0
            ],
            [
                0.0,
                0.0,
                0.0,
                1.0
            ]
        ],
        [
            [
                -0.018559999763965607,
                0.00033999999868683517,
                -0.9998300075531006,
                -0.013249999843537807
            ],
            [
                0.9998300075531006,
                9.999999747378752e-06,
                -0.018559999763965607,
                1.201990008354187
            ],
            [
                0.0,
                -1.0,
                -0.00033999999868683517,
                -0.0
            ],
            [
                0.0,
                0.0,
                0.0,
                1.0
            ]
        ]
    ],
    "functional_matrix": [],
    "orientation_point": [],
    "contact_points_group": [
        [
            0,
            1,
            2,
            3
        ]
    ],
    "contact_points_mask": [
        true
    ],
    "target_point_discription": [],
    "contact_points_discription": [],
    "functional_point_discription": [],
    "orientation_point_discription": [],
    "stable": true
}