{
    "center": [
        3.107486337072427e-05,
        0.9498410556312537,
        -0.0003491776376454645
    ],
    "extents": [
        0.9175370953700565,
        1.9274384860722797,
        0.9201105374235959
    ],
    "scale": [
        0.1,
        0.1,
        0.1
    ],
    "transform_matrix": [
        [
            1.0,
            0.0,
            0.0,
            0.0
        ],
        [
            0.0,
            1.0,
            0.0,
            0.0
        ],
        [
            0.0,
            0.0,
            1.0,
            0.0
        ],
        [
            0.0,
            0.0,
            0.0,
            1.0
        ]
    ],
    "target_pose": [],
    "contact_points_pose": [
        [
            [
                -0.018549999222159386,
                -0.9998300075531006,
                -0.00033999999868683517,
                -0.013249999843537807
            ],
            [
                0.9998300075531006,
                -0.018549999222159386,
                -9.999999747378752e-06,
                0.7145799994468689
            ],
            [
                0.0,
                -0.00033999999868683517,
                1.0,
                -0.0
            ],
            [
                0.0,
                0.0,
                0.0,
                1.0
            ]
        ],
        [
            [
                -0.018559999763965607,
                -0.00033999999868683517,
                0.9998300075531006,
                -0.013249999843537807
            ],
            [
                0.9998300075531006,
                -9.999999747378752e-06,
                0.018559999763965607,
                0.7145799994468689
            ],
            [
                0.0,
                1.0,
                0.00033999999868683517,
                -0.0
            ],
            [
                0.0,
                0.0,
                0.0,
                1.0
            ]
        ],
        [
            [
                -0.018549999222159386,
                0.9998300075531006,
                0.00033999999868683517,
                -0.013249999843537807
            ],
            [
                0.9998300075531006,
                0.018549999222159386,
                9.999999747378752e-06,
                0.7145799994468689
            ],
            [
                0.0,
                0.00033999999868683517,
                -1.0,
                -0.0
            ],
            [
                0.0,
                0.0,
                0.0,
                1.0
            ]
        ],
        [
            [
                -0.018559999763965607,
                0.00033999999868683517,
                -0.9998300075531006,
                -0.013249999843537807
            ],
            [
                0.9998300075531006,
                9.999999747378752e-06,
                -0.018559999763965607,
                0.7145799994468689
            ],
            [
                0.0,
                -1.0,
                -0.00033999999868683517,
                -0.0
            ],
            [
                0.0,
                0.0,
                0.0,
                1.0
            ]
        ]
    ],
    "functional_matrix": [],
    "orientation_point": [],
    "contact_points_group": [
        [
            0,
            1,
            2,
            3
        ]
    ],
    "contact_points_mask": [
        true
    ],
    "target_point_discription": [],
    "contact_points_discription": [],
    "functional_point_discription": [],
    "orientation_point_discription": [],
    "stable": true
}