{
    "stable": true,
    "center": [
        -1.3124338193820562e-05,
        0.15000822676903328,
        7.473646736479652e-06
    ],
    "extents": [
        0.10844602557309532,
        0.3054669808367927,
        0.08438835606800331
    ]
}