{
    "stable": true,
    "center": [
        -7.799826178164704e-05,
        0.15000562555120617,
        -1.3624538128911524e-06
    ],
    "extents": [
        0.13258045705296734,
        0.305720331533414,
        0.14706955678093458
    ]
}