{
    "stable": true,
    "center": [
        -1.803040504457424e-06,
        0.14998990981314453,
        -4.977381011548517e-07
    ],
    "extents": [
        0.08184728026390076,
        0.30540299890212497,
        0.08183179940745
    ]
}