{
    "stable": true,
    "center": [
        -5.001202225677304e-06,
        0.149983166963581,
        -7.994446468896276e-06
    ],
    "extents": [
        0.07703600451350213,
        0.3054168165410982,
        0.07773828900778844
    ]
}