{
    "stable": true,
    "center": [
        -5.831214138897949e-06,
        0.1499877986206371,
        -9.86826824118853e-07
    ],
    "extents": [
        0.07954597848106176,
        0.3054235272517222,
        0.07957672870477221
    ]
}