{
    "center": [
        0.0006568238149735872,
        0.8482347601562311,
        -0.0796877192631151
    ],
    "extents": [
        2.074069038262686,
        2.5187335446241237,
        2.5376271869670326
    ],
    "scale": [
        0.1,
        0.1,
        0.1
    ],
    "transform_matrix": [
        [
            1.0,
            0.0,
            0.0,
            0.0
        ],
        [
            0.0,
            1.0,
            0.0,
            0.0
        ],
        [
            0.0,
            0.0,
            1.0,
            0.0
        ],
        [
            0.0,
            0.0,
            0.0,
            1.0
        ]
    ],
    "target_pose": [],
    "contact_points_pose": [
        [
            [
                -0.016930000856518745,
                0.0036299999337643385,
                -0.9998499751091003,
                0.004559999797493219
            ],
            [
                0.20983000099658966,
                0.9777399897575378,
                0.0,
                1.729949951171875
            ],
            [
                0.977590024471283,
                -0.20980000495910645,
                -0.017319999635219574,
                -0.2630999982357025
            ],
            [
                0.0,
                0.0,
                0.0,
                1.0
            ]
        ]
    ],
    "functional_matrix": [],
    "orientation_point": [],
    "contact_points_group": [],
    "contact_points_mask": [],
    "target_point_discription": [],
    "contact_points_discription": [],
    "functional_point_discription": [],
    "orientation_point_discription": [],
    "stable": true
}