{
    "center": [
        0.0951796888147152,
        0.8790274215439972,
        -0.10142716033567802
    ],
    "extents": [
        2.1193060939219097,
        1.7933197127551892,
        2.2411326016004667
    ],
    "scale": [
        0.1,
        0.1,
        0.1
    ],
    "transform_matrix": [
        [
            1.0,
            0.0,
            0.0,
            0.0
        ],
        [
            0.0,
            1.0,
            0.0,
            0.0
        ],
        [
            0.0,
            0.0,
            1.0,
            0.0
        ],
        [
            0.0,
            0.0,
            0.0,
            1.0
        ]
    ],
    "target_pose": [],
    "contact_points_pose": [
        [
            [
                -0.017319999635219574,
                -0.0,
                -0.9998499751091003,
                0.004559999797493219
            ],
            [
                0.0,
                1.0,
                -0.0,
                1.7396899461746216
            ],
            [
                0.9998499751091003,
                -0.0,
                -0.017319999635219574,
                -0.2630999982357025
            ],
            [
                0.0,
                0.0,
                0.0,
                1.0
            ]
        ]
    ],
    "functional_matrix": [],
    "orientation_point": [],
    "contact_points_group": [],
    "contact_points_mask": [],
    "target_point_discription": [],
    "contact_points_discription": [],
    "functional_point_discription": [],
    "orientation_point_discription": [],
    "stable": true
}