{
    "stable": true,
    "center": [
        -1.6402913283752233e-05,
        0.124458279451574,
        -0.00016308740177055359
    ],
    "extents": [
        0.1296371053854346,
        0.25372971313271236,
        0.13008133211165396
    ]
}