{
    "stable": true,
    "center": [
        -1.8319618531487807e-05,
        0.12442908318421501,
        1.9792146043876163e-06
    ],
    "extents": [
        0.17794343645142005,
        0.25351450800540404,
        0.17782907975839615
    ]
}