{
    "stable": true,
    "center": [
        -1.4301286127272917e-05,
        0.14935241293149018,
        -4.055447049154e-05
    ],
    "extents": [
        0.13364913186572117,
        0.3040556265826039,
        0.13352992853040485
    ]
}