{
    "stable": true,
    "center": [
        -0.0020088019699973014,
        0.12438197884047965,
        -0.001390727606943004
    ],
    "extents": [
        0.08400902889290685,
        0.2556188841236724,
        0.08284106809550565
    ]
}