{
    "stable": true,
    "center": [
        -0.0004405231725713771,
        0.12402501147639115,
        0.00437303955808495
    ],
    "extents": [
        0.09176972533302616,
        0.2578963365323981,
        0.10006911680351308
    ]
}