{
    "stable": true,
    "center": [
        -0.0035469414424682487,
        0.09414929627297867,
        1.5122340926601983e-05
    ],
    "extents": [
        1.925708595974621,
        0.22283651047996095,
        1.081874249240303
    ]
}