{
    "stable": true,
    "center": [
        -4.304726844155791e-05,
        0.20155059325541347,
        -0.02255271172612791
    ],
    "extents": [
        1.4818066397672134,
        1.0742219585246588,
        2.071257845029357
    ]
}