{
    "stable": false,
    "center": [
        -0.04058798431972783,
        0.2345551378228109,
        -0.4631936861235499
    ],
    "extents": [
        1.276989351879139,
        0.6876553470403526,
        2.568195912578859
    ]
}