{
    "stable": false,
    "center": [
        0.025845735588641894,
        0.1691618451097128,
        0.0014333657922782595
    ],
    "extents": [
        1.6949706122765926,
        0.40841271479794905,
        2.1813056103300927
    ]
}