{
    "stable": false,
    "center": [
        0.12185381029043271,
        0.20532899965447812,
        -0.2908155121196051
    ],
    "extents": [
        1.1266845742424139,
        0.40880232595486843,
        2.154314749438872
    ]
}