{
    "stable": true,
    "center": [
        -0.0006901872972769903,
        0.26883891053031234,
        -0.029293201067338813
    ],
    "extents": [
        1.1449798656169115,
        0.9807345945397659,
        2.04740564163493
    ]
}