{
    "center": [
        -0.0004233567097900184,
        0.9410815710198145,
        0.007317007340678664
    ],
    "extents": [
        0.29340842544047496,
        1.9167568818923324,
        0.29403222245179156
    ],
    "scale": [
        0.1,
        0.1,
        0.1
    ],
    "transform_matrix": [
        [
            1.0,
            0.0,
            0.0,
            0.0
        ],
        [
            0.0,
            1.0,
            0.0,
            0.0
        ],
        [
            0.0,
            0.0,
            1.0,
            0.0
        ],
        [
            0.0,
            0.0,
            0.0,
            1.0
        ]
    ],
    "target_pose": [],
    "contact_points_pose": [
        [
            [
                -0.0,
                -0.0,
                -1.0,
                0.0
            ],
            [
                1.0,
                -0.0,
                -0.0,
                1.0371099710464478
            ],
            [
                -0.0,
                -1.0,
                0.0,
                -0.0
            ],
            [
                0.0,
                0.0,
                0.0,
                1.0
            ]
        ],
        [
            [
                -0.0,
                -0.7071099877357483,
                -0.7071099877357483,
                0.0
            ],
            [
                1.0,
                -0.0,
                -0.0,
                1.0371099710464478
            ],
            [
                -0.0,
                -0.7071099877357483,
                0.7071099877357483,
                -0.0
            ],
            [
                0.0,
                0.0,
                0.0,
                1.0
            ]
        ],
        [
            [
                -0.0,
                -1.0,
                0.0,
                0.0
            ],
            [
                1.0,
                0.0,
                0.0,
                1.0371099710464478
            ],
            [
                -0.0,
                0.0,
                1.0,
                -0.0
            ],
            [
                0.0,
                0.0,
                0.0,
                1.0
            ]
        ],
        [
            [
                0.0,
                -0.7071099877357483,
                0.7071099877357483,
                0.0
            ],
            [
                1.0,
                0.0,
                0.0,
                1.0371099710464478
            ],
            [
                -0.0,
                0.7071099877357483,
                0.7071099877357483,
                -0.0
            ],
            [
                0.0,
                0.0,
                0.0,
                1.0
            ]
        ],
        [
            [
                -0.0,
                0.0,
                1.0,
                0.0
            ],
            [
                1.0,
                0.0,
                -0.0,
                1.0371099710464478
            ],
            [
                -0.0,
                1.0,
                -0.0,
                -0.0
            ],
            [
                0.0,
                0.0,
                0.0,
                1.0
            ]
        ],
        [
            [
                -0.0,
                0.7071099877357483,
                0.7071099877357483,
                0.0
            ],
            [
                1.0,
                0.0,
                -0.0,
                1.0371099710464478
            ],
            [
                -0.0,
                0.7071099877357483,
                -0.7071099877357483,
                -0.0
            ],
            [
                0.0,
                0.0,
                0.0,
                1.0
            ]
        ],
        [
            [
                -0.0,
                1.0,
                -0.0,
                0.0
            ],
            [
                1.0,
                0.0,
                -0.0,
                1.0371099710464478
            ],
            [
                -0.0,
                0.0,
                -1.0,
                -0.0
            ],
            [
                0.0,
                0.0,
                0.0,
                1.0
            ]
        ],
        [
            [
                0.0,
                0.7071099877357483,
                -0.7071099877357483,
                0.0
            ],
            [
                1.0,
                -0.0,
                -0.0,
                1.0371099710464478
            ],
            [
                -0.0,
                -0.7071099877357483,
                -0.7071099877357483,
                -0.0
            ],
            [
                0.0,
                0.0,
                0.0,
                1.0
            ]
        ]
    ],
    "functional_matrix": [
        [
            [
                1.0,
                0.0,
                0.0,
                0.0
            ],
            [
                0.0,
                1.0,
                0.0,
                1.8906699419021606
            ],
            [
                0.0,
                0.0,
                1.0,
                -0.0
            ],
            [
                0.0,
                0.0,
                0.0,
                1.0
            ]
        ],
        [
            [
                1.0,
                0.0,
                0.0,
                0.0
            ],
            [
                0.0,
                1.0,
                0.0,
                0.0
            ],
            [
                0.0,
                0.0,
                1.0,
                0.0
            ],
            [
                0.0,
                0.0,
                0.0,
                1.0
            ]
        ]
    ],
    "orientation_point": [],
    "contact_points_group": [
        [
            0,
            1,
            2,
            3,
            4,
            5,
            6,
            7
        ]
    ],
    "contact_points_mask": [
        true
    ],
    "target_point_discription": [],
    "contact_points_discription": [],
    "functional_point_discription": [],
    "orientation_point_discription": [],
    "stable": false
}