{
    "center": [
        -7.29465861828733e-05,
        0.8528743650697206,
        -0.00011238452422611688
    ],
    "extents": [
        1.945044572715016,
        1.7421087664535166,
        1.8223645710446206
    ],
    "scale": [
        0.04,
        0.04,
        0.04
    ],
    "transform_matrix": [
        [
            1.0,
            0.0,
            0.0,
            0.0
        ],
        [
            0.0,
            1.0,
            0.0,
            0.0
        ],
        [
            0.0,
            0.0,
            1.0,
            0.0
        ],
        [
            0.0,
            0.0,
            0.0,
            1.0
        ]
    ],
    "target_pose": [],
    "contact_points_pose": [
        [
            [
                1.0,
                0.0,
                0.0,
                0.0
            ],
            [
                0.0,
                1.0,
                0.0,
                1.0597000122070312
            ],
            [
                0.0,
                -0.0,
                1.0,
                -0.0
            ],
            [
                0.0,
                0.0,
                0.0,
                1.0
            ]
        ],
        [
            [
                -0.0,
                0.0,
                1.0,
                0.0
            ],
            [
                -0.0,
                1.0,
                -0.0,
                1.0597000122070312
            ],
            [
                -1.0,
                0.0,
                0.0,
                -0.0
            ],
            [
                0.0,
                0.0,
                0.0,
                1.0
            ]
        ],
        [
            [
                -1.0,
                0.0,
                0.0,
                0.0
            ],
            [
                0.0,
                1.0,
                -0.0,
                1.0597000122070312
            ],
            [
                0.0,
                -0.0,
                -1.0,
                -0.0
            ],
            [
                0.0,
                0.0,
                0.0,
                1.0
            ]
        ],
        [
            [
                -0.0,
                -0.0,
                -1.0,
                0.0
            ],
            [
                0.0,
                1.0,
                -0.0,
                1.0597000122070312
            ],
            [
                1.0,
                0.0,
                0.0,
                -0.0
            ],
            [
                0.0,
                0.0,
                0.0,
                1.0
            ]
        ],
        [
            [
                0.0005000000237487257,
                -0.01322999969124794,
                0.9999099969863892,
                -0.05722999945282936
            ],
            [
                1.0,
                -0.0003600000054575503,
                -0.0005099999834783375,
                0.7002400159835815
            ],
            [
                0.0003600000054575503,
                0.9999099969863892,
                0.01322999969124794,
                0.0002099999983329326
            ],
            [
                0.0,
                0.0,
                0.0,
                1.0
            ]
        ],
        [
            [
                0.0004900000058114529,
                1.0,
                2.9999999242136255e-05,
                -0.05722999945282936
            ],
            [
                1.0,
                -0.0004900000058114529,
                0.0003499999875202775,
                0.7002400159835815
            ],
            [
                0.0003499999875202775,
                2.9999999242136255e-05,
                -1.0,
                0.0002099999983329326
            ],
            [
                0.0,
                0.0,
                0.0,
                1.0
            ]
        ],
        [
            [
                0.0004900000058114529,
                2.9999999242136255e-05,
                -1.0,
                -0.05722999945282936
            ],
            [
                1.0,
                0.0003499999875202775,
                0.0004900000058114529,
                0.7002400159835815
            ],
            [
                0.0003499999875202775,
                -1.0,
                -2.9999999242136255e-05,
                0.0002099999983329326
            ],
            [
                0.0,
                0.0,
                0.0,
                1.0
            ]
        ],
        [
            [
                0.0004900000058114529,
                -1.0,
                -2.9999999242136255e-05,
                -0.05722999945282936
            ],
            [
                1.0,
                0.0004900000058114529,
                -0.0003499999875202775,
                0.7002400159835815
            ],
            [
                0.0003499999875202775,
                -2.9999999242136255e-05,
                1.0,
                0.0002099999983329326
            ],
            [
                0.0,
                0.0,
                0.0,
                1.0
            ]
        ]
    ],
    "functional_matrix": [],
    "orientation_point": [],
    "contact_points_group": [
        [
            0,
            1,
            2,
            3
        ],
        [
            4,
            5,
            6,
            7
        ]
    ],
    "contact_points_mask": [
        true,
        true,
        true
    ],
    "target_point_discription": [],
    "contact_points_discription": [],
    "functional_point_discription": [],
    "orientation_point_discription": [],
    "stable": true
}