{
    "center": [
        1.309958047381432e-05,
        0.9530338417048329,
        7.290989260985248e-06
    ],
    "extents": [
        1.4889327513873385,
        1.930829957149475,
        1.323196034132384
    ],
    "scale": [
        0.05,
        0.05,
        0.05
    ],
    "transform_matrix": [
        [
            1.0,
            0.0,
            0.0,
            0.0
        ],
        [
            0.0,
            1.0,
            0.0,
            0.0
        ],
        [
            0.0,
            0.0,
            1.0,
            0.0
        ],
        [
            0.0,
            0.0,
            0.0,
            1.0
        ]
    ],
    "target_pose": [],
    "contact_points_pose": [
        [
            [
                1.0,
                0.0,
                0.0,
                0.0
            ],
            [
                0.0,
                1.0,
                0.0,
                1.3252999782562256
            ],
            [
                0.0,
                -0.0,
                1.0,
                -0.0
            ],
            [
                0.0,
                0.0,
                0.0,
                1.0
            ]
        ],
        [
            [
                -0.0,
                0.0,
                1.0,
                0.0
            ],
            [
                -0.0,
                1.0,
                -0.0,
                1.3252999782562256
            ],
            [
                -1.0,
                0.0,
                0.0,
                -0.0
            ],
            [
                0.0,
                0.0,
                0.0,
                1.0
            ]
        ],
        [
            [
                -1.0,
                0.0,
                0.0,
                0.0
            ],
            [
                0.0,
                1.0,
                -0.0,
                1.3252999782562256
            ],
            [
                0.0,
                -0.0,
                -1.0,
                -0.0
            ],
            [
                0.0,
                0.0,
                0.0,
                1.0
            ]
        ],
        [
            [
                -0.0,
                -0.0,
                -1.0,
                0.0
            ],
            [
                0.0,
                1.0,
                -0.0,
                1.3252999782562256
            ],
            [
                1.0,
                0.0,
                0.0,
                -0.0
            ],
            [
                0.0,
                0.0,
                0.0,
                1.0
            ]
        ],
        [
            [
                0.0004900000058114529,
                -2.9999999242136255e-05,
                1.0,
                0.0
            ],
            [
                1.0,
                -0.0003499999875202775,
                -0.0004900000058114529,
                0.6189699769020081
            ],
            [
                0.0003499999875202775,
                1.0,
                2.9999999242136255e-05,
                0.0002099999983329326
            ],
            [
                0.0,
                0.0,
                0.0,
                1.0
            ]
        ],
        [
            [
                0.0004900000058114529,
                1.0,
                2.9999999242136255e-05,
                0.0
            ],
            [
                1.0,
                -0.0004900000058114529,
                0.0003499999875202775,
                0.6189699769020081
            ],
            [
                0.0003499999875202775,
                2.9999999242136255e-05,
                -1.0,
                0.0002099999983329326
            ],
            [
                0.0,
                0.0,
                0.0,
                1.0
            ]
        ],
        [
            [
                0.0004900000058114529,
                2.9999999242136255e-05,
                -1.0,
                0.0
            ],
            [
                1.0,
                0.0003499999875202775,
                0.0004900000058114529,
                0.6189699769020081
            ],
            [
                0.0003499999875202775,
                -1.0,
                -2.9999999242136255e-05,
                0.0002099999983329326
            ],
            [
                0.0,
                0.0,
                0.0,
                1.0
            ]
        ],
        [
            [
                0.0004900000058114529,
                -1.0,
                -2.9999999242136255e-05,
                0.0
            ],
            [
                1.0,
                0.0004900000058114529,
                -0.0003499999875202775,
                0.6189699769020081
            ],
            [
                0.0003499999875202775,
                -2.9999999242136255e-05,
                1.0,
                0.0002099999983329326
            ],
            [
                0.0,
                0.0,
                0.0,
                1.0
            ]
        ]
    ],
    "functional_matrix": [],
    "orientation_point": [],
    "contact_points_group": [
        [
            0,
            1,
            2,
            3
        ],
        [
            4,
            5,
            6,
            7
        ]
    ],
    "contact_points_mask": [
        true,
        true,
        true
    ],
    "target_point_discription": [],
    "contact_points_discription": [],
    "functional_point_discription": [],
    "orientation_point_discription": [],
    "stable": true
}