{
    "center": [
        2.0727850808110033e-05,
        0.9475096175350719,
        -1.4772905209910268e-06
    ],
    "extents": [
        1.4807550508775562,
        1.9279197439200138,
        1.4128112784870126
    ],
    "scale": [
        0.04,
        0.04,
        0.04
    ],
    "transform_matrix": [
        [
            1.0,
            0.0,
            0.0,
            0.0
        ],
        [
            0.0,
            1.0,
            0.0,
            0.0
        ],
        [
            0.0,
            0.0,
            1.0,
            0.0
        ],
        [
            0.0,
            0.0,
            0.0,
            1.0
        ]
    ],
    "target_pose": [],
    "contact_points_pose": [
        [
            [
                1.0,
                0.0,
                0.0,
                0.0
            ],
            [
                0.0,
                1.0,
                0.0,
                1.7590500116348267
            ],
            [
                0.0,
                -0.0,
                1.0,
                -0.0
            ],
            [
                0.0,
                0.0,
                0.0,
                1.0
            ]
        ],
        [
            [
                -0.0,
                0.0,
                1.0,
                0.0
            ],
            [
                -0.0,
                1.0,
                -0.0,
                1.7590500116348267
            ],
            [
                -1.0,
                0.0,
                0.0,
                -0.0
            ],
            [
                0.0,
                0.0,
                0.0,
                1.0
            ]
        ],
        [
            [
                -1.0,
                0.0,
                0.0,
                0.0
            ],
            [
                0.0,
                1.0,
                -0.0,
                1.7590500116348267
            ],
            [
                0.0,
                -0.0,
                -1.0,
                -0.0
            ],
            [
                0.0,
                0.0,
                0.0,
                1.0
            ]
        ],
        [
            [
                -0.0,
                -0.0,
                -1.0,
                0.0
            ],
            [
                0.0,
                1.0,
                -0.0,
                1.7590500116348267
            ],
            [
                1.0,
                0.0,
                0.0,
                -0.0
            ],
            [
                0.0,
                0.0,
                0.0,
                1.0
            ]
        ],
        [
            [
                0.0005099999834783375,
                -0.02263999916613102,
                0.9997400045394897,
                -0.05722999945282936
            ],
            [
                1.0,
                -0.0003600000054575503,
                -0.0005200000014156103,
                1.1459200382232666
            ],
            [
                0.0003699999942909926,
                0.9997400045394897,
                0.02263999916613102,
                0.0002099999983329326
            ],
            [
                0.0,
                0.0,
                0.0,
                1.0
            ]
        ],
        [
            [
                0.0004900000058114529,
                1.0,
                2.9999999242136255e-05,
                -0.05722999945282936
            ],
            [
                1.0,
                -0.0004900000058114529,
                0.0003499999875202775,
                1.1459200382232666
            ],
            [
                0.0003499999875202775,
                2.9999999242136255e-05,
                -1.0,
                0.0002099999983329326
            ],
            [
                0.0,
                0.0,
                0.0,
                1.0
            ]
        ],
        [
            [
                0.0004900000058114529,
                2.9999999242136255e-05,
                -1.0,
                -0.05722999945282936
            ],
            [
                1.0,
                0.0003499999875202775,
                0.0004900000058114529,
                1.1459200382232666
            ],
            [
                0.0003499999875202775,
                -1.0,
                -2.9999999242136255e-05,
                0.0002099999983329326
            ],
            [
                0.0,
                0.0,
                0.0,
                1.0
            ]
        ],
        [
            [
                0.0004900000058114529,
                -1.0,
                -2.9999999242136255e-05,
                -0.05722999945282936
            ],
            [
                1.0,
                0.0004900000058114529,
                -0.0003499999875202775,
                1.1459200382232666
            ],
            [
                0.0003499999875202775,
                -2.9999999242136255e-05,
                1.0,
                0.0002099999983329326
            ],
            [
                0.0,
                0.0,
                0.0,
                1.0
            ]
        ]
    ],
    "functional_matrix": [],
    "orientation_point": [],
    "contact_points_group": [
        [
            0,
            1,
            2,
            3
        ],
        [
            4,
            5,
            6,
            7
        ]
    ],
    "contact_points_mask": [
        true,
        true,
        true
    ],
    "target_point_discription": [],
    "contact_points_discription": [],
    "functional_point_discription": [],
    "orientation_point_discription": [],
    "stable": true
}