{
    "center": [
        0.13375882947618717,
        0.1179364588628201,
        0.07273010249477062
    ],
    "extents": [
        1.7459980698230693,
        0.2719420586857527,
        2.1197357853196466
    ],
    "scale": [
        0.14,
        0.14,
        0.14
    ],
    "transform_matrix": [
        [
            1.0,
            0.0,
            0.0,
            0.0
        ],
        [
            0.0,
            1.0,
            0.0,
            0.0
        ],
        [
            0.0,
            0.0,
            1.0,
            0.0
        ],
        [
            0.0,
            0.0,
            0.0,
            1.0
        ]
    ],
    "target_pose": [],
    "contact_points_pose": [
        [
            [
                -0.0,
                -0.0,
                -1.0,
                0.004189999774098396
            ],
            [
                0.0,
                1.0,
                -0.0,
                0.2021699994802475
            ],
            [
                1.0,
                0.0,
                0.0,
                -0.5895100235939026
            ],
            [
                0.0,
                0.0,
                0.0,
                1.0
            ]
        ]
    ],
    "functional_matrix": [
        [
            [
                1.0,
                0.0,
                0.0,
                0.011959999799728394
            ],
            [
                -0.0,
                -0.0,
                1.0,
                0.12971000373363495
            ],
            [
                0.0,
                -1.0,
                0.0,
                0.508840024471283
            ],
            [
                0.0,
                0.0,
                0.0,
                1.0
            ]
        ]
    ],
    "orientation_point": [],
    "contact_points_group": [],
    "contact_points_mask": [],
    "target_point_discription": [],
    "contact_points_discription": [],
    "functional_point_discription": [],
    "orientation_point_discription": [],
    "stable": true
}