{
    "center": [
        -0.09900219540022576,
        0.13281491705167506,
        0.058690675772224095
    ],
    "extents": [
        1.8663900574690184,
        0.30062709914460756,
        2.1237208105795005
    ],
    "scale": [
        0.14,
        0.14,
        0.14
    ],
    "transform_matrix": [
        [
            1.0,
            0.0,
            0.0,
            0.0
        ],
        [
            0.0,
            1.0,
            0.0,
            0.0
        ],
        [
            0.0,
            0.0,
            1.0,
            0.0
        ],
        [
            0.0,
            0.0,
            0.0,
            1.0
        ]
    ],
    "target_pose": [],
    "contact_points_pose": [
        [
            [
                -0.0,
                -0.0,
                -1.0,
                0.004189999774098396
            ],
            [
                0.0,
                1.0,
                -0.0,
                0.2021699994802475
            ],
            [
                1.0,
                0.0,
                0.0,
                -0.5895100235939026
            ],
            [
                0.0,
                0.0,
                0.0,
                1.0
            ]
        ]
    ],
    "functional_matrix": [
        [
            [
                1.0,
                0.0,
                0.0,
                0.025469999760389328
            ],
            [
                -0.0,
                -0.0,
                1.0,
                -0.010180000215768814
            ],
            [
                0.0,
                -1.0,
                0.0,
                0.5032299757003784
            ],
            [
                0.0,
                0.0,
                0.0,
                1.0
            ]
        ]
    ],
    "orientation_point": [],
    "contact_points_group": [],
    "contact_points_mask": [],
    "target_point_discription": [],
    "contact_points_discription": [],
    "functional_point_discription": [],
    "orientation_point_discription": [],
    "stable": false
}