{
    "center": [
        0.11790091589904979,
        0.19240635505670595,
        0.06804415043277762
    ],
    "extents": [
        1.8113836799307421,
        0.4814551194000897,
        2.1175744948991233
    ],
    "scale": [
        0.14,
        0.14,
        0.14
    ],
    "transform_matrix": [
        [
            1.0,
            0.0,
            0.0,
            0.0
        ],
        [
            0.0,
            1.0,
            0.0,
            0.0
        ],
        [
            0.0,
            0.0,
            1.0,
            0.0
        ],
        [
            0.0,
            0.0,
            0.0,
            1.0
        ]
    ],
    "target_pose": [],
    "contact_points_pose": [
        [
            [
                -0.0,
                -0.0,
                -1.0,
                0.004189999774098396
            ],
            [
                0.0,
                1.0,
                -0.0,
                0.2021699994802475
            ],
            [
                1.0,
                0.0,
                0.0,
                -0.5895100235939026
            ],
            [
                0.0,
                0.0,
                0.0,
                1.0
            ]
        ]
    ],
    "functional_matrix": [
        [
            [
                1.0,
                0.0,
                0.0,
                -0.018209999427199364
            ],
            [
                0.0,
                -0.0004900000058114529,
                1.0,
                -0.00011000000085914508
            ],
            [
                0.0,
                -1.0,
                -0.0004900000058114529,
                0.4741699993610382
            ],
            [
                0.0,
                0.0,
                0.0,
                1.0
            ]
        ]
    ],
    "orientation_point": [],
    "contact_points_group": [],
    "contact_points_mask": [],
    "target_point_discription": [],
    "contact_points_discription": [],
    "functional_point_discription": [],
    "orientation_point_discription": [],
    "stable": false
}