{
    "center": [
        0.08350928625951483,
        0.15845186451891144,
        0.04862562615884581
    ],
    "extents": [
        1.7305674721974542,
        0.3527034627223532,
        2.0907685160773988
    ],
    "scale": [
        0.14,
        0.14,
        0.14
    ],
    "transform_matrix": [
        [
            1.0,
            0.0,
            0.0,
            0.0
        ],
        [
            0.0,
            1.0,
            0.0,
            0.0
        ],
        [
            0.0,
            0.0,
            1.0,
            0.0
        ],
        [
            0.0,
            0.0,
            0.0,
            1.0
        ]
    ],
    "target_pose": [],
    "contact_points_pose": [
        [
            [
                -0.0,
                -0.0,
                -1.0,
                0.004189999774098396
            ],
            [
                0.0,
                1.0,
                -0.0,
                0.2021699994802475
            ],
            [
                1.0,
                0.0,
                0.0,
                -0.5895100235939026
            ],
            [
                0.0,
                0.0,
                0.0,
                1.0
            ]
        ]
    ],
    "functional_matrix": [
        [
            [
                1.0,
                0.0,
                0.0,
                0.04975000023841858
            ],
            [
                -0.0,
                -0.0,
                1.0,
                0.012729999609291553
            ],
            [
                0.0,
                -1.0,
                0.0,
                0.37953001260757446
            ],
            [
                0.0,
                0.0,
                0.0,
                1.0
            ]
        ]
    ],
    "orientation_point": [],
    "contact_points_group": [],
    "contact_points_mask": [],
    "target_point_discription": [],
    "contact_points_discription": [],
    "functional_point_discription": [],
    "orientation_point_discription": [],
    "stable": true
}