{
    "center": [
        0.007238643029073353,
        0.9488332733275774,
        -0.003960764960576113
    ],
    "extents": [
        0.6348589417053964,
        1.9285210302354852,
        0.6216427750149484
    ],
    "scale": [
        0.08,
        0.08,
        0.08
    ],
    "transform_matrix": [
        [
            1.0,
            0.0,
            0.0,
            0.0
        ],
        [
            0.0,
            1.0,
            0.0,
            0.0
        ],
        [
            0.0,
            0.0,
            1.0,
            0.0
        ],
        [
            0.0,
            0.0,
            0.0,
            1.0
        ]
    ],
    "target_pose": [],
    "contact_points_pose": [
        [
            [
                -0.0,
                -1.0,
                -1.9999999494757503e-05,
                0.0
            ],
            [
                1.0,
                -0.0,
                0.0,
                0.9103299975395203
            ],
            [
                -0.0,
                -1.9999999494757503e-05,
                1.0,
                -0.0
            ],
            [
                0.0,
                0.0,
                0.0,
                1.0
            ]
        ],
        [
            [
                -0.0,
                -1.9999999494757503e-05,
                1.0,
                0.0
            ],
            [
                1.0,
                0.0,
                0.0,
                0.9103299975395203
            ],
            [
                -0.0,
                1.0,
                1.9999999494757503e-05,
                -0.0
            ],
            [
                0.0,
                0.0,
                0.0,
                1.0
            ]
        ],
        [
            [
                -0.0,
                1.0,
                1.9999999494757503e-05,
                0.0
            ],
            [
                1.0,
                0.0,
                -0.0,
                0.9103299975395203
            ],
            [
                -0.0,
                1.9999999494757503e-05,
                -1.0,
                -0.0
            ],
            [
                0.0,
                0.0,
                0.0,
                1.0
            ]
        ],
        [
            [
                -0.0,
                1.9999999494757503e-05,
                -1.0,
                0.0
            ],
            [
                1.0,
                -0.0,
                -0.0,
                0.9103299975395203
            ],
            [
                -0.0,
                -1.0,
                -1.9999999494757503e-05,
                -0.0
            ],
            [
                0.0,
                0.0,
                0.0,
                1.0
            ]
        ]
    ],
    "functional_matrix": [
        [
            [
                1.0,
                0.0,
                0.0,
                0.0
            ],
            [
                0.0,
                0.0,
                -1.0,
                0.0
            ],
            [
                0.0,
                1.0,
                0.0,
                0.0
            ],
            [
                0.0,
                0.0,
                0.0,
                1.0
            ]
        ]
    ],
    "orientation_point": [],
    "contact_points_group": [
        [
            0,
            1,
            2,
            3
        ]
    ],
    "contact_points_mask": [
        true
    ],
    "target_point_discription": [],
    "contact_points_discription": [],
    "functional_point_discription": [],
    "orientation_point_discription": []
}