{
    "center": [
        0.0004253143198627546,
        0.9503868932627929,
        -0.0003954741387503448
    ],
    "extents": [
        0.9726943218093641,
        1.9371916406929626,
        0.8434662099216026
    ],
    "scale": [
        0.1,
        0.1,
        0.1
    ],
    "transform_matrix": [
        [
            1.0,
            0.0,
            0.0,
            0.0
        ],
        [
            0.0,
            1.0,
            0.0,
            0.0
        ],
        [
            0.0,
            0.0,
            1.0,
            0.0
        ],
        [
            0.0,
            0.0,
            0.0,
            1.0
        ]
    ],
    "target_pose": [],
    "contact_points_pose": [
        [
            [
                0.0031500000040978193,
                -0.9999899864196777,
                0.0016799999866634607,
                0.0
            ],
            [
                1.0,
                0.0031500000040978193,
                -0.0,
                0.679830014705658
            ],
            [
                -0.0,
                0.0016799999866634607,
                1.0,
                -0.0
            ],
            [
                0.0,
                0.0,
                0.0,
                1.0
            ]
        ],
        [
            [
                0.0031399999279528856,
                1.0,
                -2.9999999242136255e-05,
                0.0
            ],
            [
                1.0,
                -0.0031399999279528856,
                0.0,
                0.679830014705658
            ],
            [
                -0.0,
                -2.9999999242136255e-05,
                -1.0,
                -0.0
            ],
            [
                0.0,
                0.0,
                0.0,
                1.0
            ]
        ]
    ],
    "functional_matrix": [],
    "orientation_point": [],
    "contact_points_group": [
        [
            0,
            1
        ]
    ],
    "contact_points_mask": [
        true
    ],
    "target_point_discription": [],
    "contact_points_discription": [],
    "functional_point_discription": [],
    "orientation_point_discription": [],
    "stable": false
}