{
    "center": [
        0.00018452516622251912,
        0.950905892249378,
        6.445352696752492e-05
    ],
    "extents": [
        0.5809536148362155,
        1.9357081749509626,
        0.5074656663740997
    ],
    "scale": [
        0.1,
        0.1,
        0.1
    ],
    "transform_matrix": [
        [
            1.0,
            0.0,
            0.0,
            0.0
        ],
        [
            0.0,
            1.0,
            0.0,
            0.0
        ],
        [
            0.0,
            0.0,
            1.0,
            0.0
        ],
        [
            0.0,
            0.0,
            0.0,
            1.0
        ]
    ],
    "target_pose": [],
    "contact_points_pose": [
        [
            [
                0.0031500000040978193,
                -0.9999899864196777,
                0.0006399999838322401,
                0.0
            ],
            [
                1.0,
                0.0031500000040978193,
                -0.0,
                0.8946300148963928
            ],
            [
                -0.0,
                0.0006399999838322401,
                1.0,
                -0.0
            ],
            [
                0.0,
                0.0,
                0.0,
                1.0
            ]
        ],
        [
            [
                0.0031399999279528856,
                1.0,
                -2.9999999242136255e-05,
                0.0
            ],
            [
                1.0,
                -0.0031399999279528856,
                0.0,
                0.8946300148963928
            ],
            [
                -0.0,
                -2.9999999242136255e-05,
                -1.0,
                -0.0
            ],
            [
                0.0,
                0.0,
                0.0,
                1.0
            ]
        ]
    ],
    "functional_matrix": [],
    "orientation_point": [],
    "contact_points_group": [
        [
            0,
            1
        ]
    ],
    "contact_points_mask": [
        true
    ],
    "target_point_discription": [],
    "contact_points_discription": [],
    "functional_point_discription": [],
    "orientation_point_discription": [],
    "stable": true
}