{
    "center": [
        -0.00026696238332613693,
        0.950395631899677,
        8.464848746141719e-05
    ],
    "extents": [
        1.1637013063139712,
        1.9362212676193984,
        0.8363004639005138
    ],
    "scale": [
        0.1,
        0.1,
        0.1
    ],
    "transform_matrix": [
        [
            1.0,
            0.0,
            0.0,
            0.0
        ],
        [
            0.0,
            1.0,
            0.0,
            0.0
        ],
        [
            0.0,
            0.0,
            1.0,
            0.0
        ],
        [
            0.0,
            0.0,
            0.0,
            1.0
        ]
    ],
    "target_pose": [],
    "contact_points_pose": [
        [
            [
                0.0031500000040978193,
                -0.9999899864196777,
                0.0009699999936856329,
                0.0
            ],
            [
                1.0,
                0.0031500000040978193,
                -0.0,
                0.7171000242233276
            ],
            [
                -0.0,
                0.0009699999936856329,
                1.0,
                -0.0
            ],
            [
                0.0,
                0.0,
                0.0,
                1.0
            ]
        ],
        [
            [
                0.0031399999279528856,
                1.0,
                -2.9999999242136255e-05,
                0.0
            ],
            [
                1.0,
                -0.0031399999279528856,
                0.0,
                0.7171000242233276
            ],
            [
                -0.0,
                -2.9999999242136255e-05,
                -1.0,
                -0.0
            ],
            [
                0.0,
                0.0,
                0.0,
                1.0
            ]
        ]
    ],
    "functional_matrix": [],
    "orientation_point": [],
    "contact_points_group": [
        [
            0,
            1
        ]
    ],
    "contact_points_mask": [
        true
    ],
    "target_point_discription": [],
    "contact_points_discription": [],
    "functional_point_discription": [],
    "orientation_point_discription": [],
    "stable": true
}