{
    "center": [
        0.0006037329650250106,
        0.9504604626881581,
        0.0002286282382692763
    ],
    "extents": [
        0.700294094481695,
        1.9353534906609475,
        0.4375149138128556
    ],
    "scale": [
        0.1,
        0.1,
        0.1
    ],
    "transform_matrix": [
        [
            1.0,
            0.0,
            0.0,
            0.0
        ],
        [
            0.0,
            1.0,
            0.0,
            0.0
        ],
        [
            0.0,
            0.0,
            1.0,
            0.0
        ],
        [
            0.0,
            0.0,
            0.0,
            1.0
        ]
    ],
    "target_pose": [],
    "contact_points_pose": [
        [
            [
                0.0031500000040978193,
                -0.9999899864196777,
                0.0006399999838322401,
                0.0
            ],
            [
                1.0,
                0.0031500000040978193,
                -0.0,
                0.8946300148963928
            ],
            [
                -0.0,
                0.0006399999838322401,
                1.0,
                -0.0
            ],
            [
                0.0,
                0.0,
                0.0,
                1.0
            ]
        ],
        [
            [
                0.0031399999279528856,
                1.0,
                -2.9999999242136255e-05,
                0.0
            ],
            [
                1.0,
                -0.0031399999279528856,
                0.0,
                0.8946300148963928
            ],
            [
                -0.0,
                -2.9999999242136255e-05,
                -1.0,
                -0.0
            ],
            [
                0.0,
                0.0,
                0.0,
                1.0
            ]
        ]
    ],
    "functional_matrix": [],
    "orientation_point": [],
    "contact_points_group": [
        [
            0,
            1
        ]
    ],
    "contact_points_mask": [
        true
    ],
    "target_point_discription": [],
    "contact_points_discription": [],
    "functional_point_discription": [],
    "orientation_point_discription": [],
    "stable": true
}