{
    "center": [
        -0.00039296381882338645,
        0.9484448404837601,
        2.4681285779014683e-06
    ],
    "extents": [
        0.8518450116046155,
        1.9476744186046426,
        0.6139695975477379
    ],
    "scale": [
        0.1,
        0.1,
        0.1
    ],
    "transform_matrix": [
        [
            1.0,
            0.0,
            0.0,
            0.0
        ],
        [
            0.0,
            1.0,
            0.0,
            0.0
        ],
        [
            0.0,
            0.0,
            1.0,
            0.0
        ],
        [
            0.0,
            0.0,
            0.0,
            1.0
        ]
    ],
    "target_pose": [],
    "contact_points_pose": [
        [
            [
                0.0031500000040978193,
                -0.9999899864196777,
                0.0022299999836832285,
                0.0
            ],
            [
                1.0,
                0.0031500000040978193,
                -0.0,
                0.5481100082397461
            ],
            [
                -0.0,
                0.0022299999836832285,
                1.0,
                -0.0
            ],
            [
                0.0,
                0.0,
                0.0,
                1.0
            ]
        ],
        [
            [
                0.0031399999279528856,
                1.0,
                -2.9999999242136255e-05,
                0.0
            ],
            [
                1.0,
                -0.0031399999279528856,
                0.0,
                0.5481100082397461
            ],
            [
                -0.0,
                -2.9999999242136255e-05,
                -1.0,
                -0.0
            ],
            [
                0.0,
                0.0,
                0.0,
                1.0
            ]
        ]
    ],
    "functional_matrix": [],
    "orientation_point": [],
    "contact_points_group": [
        [
            0,
            1
        ]
    ],
    "contact_points_mask": [
        true
    ],
    "target_point_discription": [],
    "contact_points_discription": [],
    "functional_point_discription": [],
    "orientation_point_discription": [],
    "stable": true
}