{
    "center": [
        0.020775987208634945,
        0.41461130794326473,
        0.002023718307274421
    ],
    "extents": [
        1.491304010706707,
        1.0174291558827933,
        2.0424777395577287
    ],
    "scale": [
        0.1,
        0.1,
        0.1
    ],
    "transform_matrix": [
        [
            1.0,
            0.0,
            0.0,
            0.0
        ],
        [
            0.0,
            1.0,
            0.0,
            0.0
        ],
        [
            0.0,
            0.0,
            1.0,
            0.0
        ],
        [
            0.0,
            0.0,
            0.0,
            1.0
        ]
    ],
    "target_pose": [],
    "contact_points_pose": [
        [
            [
                0.015799999237060547,
                0.029009999707341194,
                -0.9994500279426575,
                0.011620000004768372
            ],
            [
                0.9998800158500671,
                -0.0004600000102072954,
                0.015790000557899475,
                0.6985899806022644
            ],
            [
                -0.0,
                -0.9995800256729126,
                -0.029009999707341194,
                -0.9329000115394592
            ],
            [
                0.0,
                0.0,
                0.0,
                1.0
            ]
        ]
    ],
    "functional_matrix": [
        [
            [
                0.9999799728393555,
                0.0,
                0.006370000075548887,
                -0.000539999979082495
            ],
            [
                -0.004170000087469816,
                0.7563400268554688,
                0.6541699767112732,
                0.7520099878311157
            ],
            [
                -0.004819999914616346,
                -0.6541799902915955,
                0.7563199996948242,
                0.8614799976348877
            ],
            [
                0.0,
                0.0,
                0.0,
                1.0
            ]
        ]
    ],
    "orientation_point": [],
    "contact_points_group": [],
    "contact_points_mask": [],
    "target_point_discription": [],
    "contact_points_discription": [],
    "functional_point_discription": [],
    "orientation_point_discription": [],
    "stable": true
}