{
    "center": [
        -0.08365825736076993,
        0.5990595752201668,
        0.028127868197122315
    ],
    "extents": [
        1.6797984564996948,
        1.5019383127115469,
        2.1827510367746696
    ],
    "scale": [
        0.1,
        0.1,
        0.1
    ],
    "transform_matrix": [
        [
            1.0,
            0.0,
            0.0,
            0.0
        ],
        [
            0.0,
            1.0,
            0.0,
            0.0
        ],
        [
            0.0,
            0.0,
            1.0,
            0.0
        ],
        [
            0.0,
            0.0,
            0.0,
            1.0
        ]
    ],
    "target_pose": [],
    "contact_points_pose": [
        [
            [
                -0.01600000075995922,
                -0.05333000048995018,
                0.998449981212616,
                0.0011399999493733048
            ],
            [
                0.729610025882721,
                0.6821699738502502,
                0.04812999814748764,
                1.1762499809265137
            ],
            [
                -0.68367999792099,
                0.7292500138282776,
                0.02800000086426735,
                0.5520399808883667
            ],
            [
                0.0,
                0.0,
                0.0,
                1.0
            ]
        ]
    ],
    "functional_matrix": [
        [
            [
                -0.9994999766349792,
                0.012740000151097775,
                -0.02897999994456768,
                -0.002589999930933118
            ],
            [
                -0.010420000180602074,
                0.731909990310669,
                0.6813200116157532,
                0.949999988079071
            ],
            [
                0.029890000820159912,
                0.6812800168991089,
                -0.7314199805259705,
                -0.7073500156402588
            ],
            [
                0.0,
                0.0,
                0.0,
                1.0
            ]
        ]
    ],
    "orientation_point": [],
    "contact_points_group": [],
    "contact_points_mask": [],
    "target_point_discription": [],
    "contact_points_discription": [],
    "functional_point_discription": [],
    "orientation_point_discription": [],
    "stable": true
}