{
    "center": [
        0.01076037375950284,
        0.71949673383465,
        -0.09421359649535765
    ],
    "extents": [
        0.8583914462335898,
        2.2124780809575557,
        2.2233385958127787
    ],
    "scale": [
        0.1,
        0.1,
        0.1
    ],
    "transform_matrix": [
        [
            1.0,
            0.0,
            0.0,
            0.0
        ],
        [
            0.0,
            1.0,
            0.0,
            0.0
        ],
        [
            0.0,
            0.0,
            1.0,
            0.0
        ],
        [
            0.0,
            0.0,
            0.0,
            1.0
        ]
    ],
    "target_pose": [],
    "contact_points_pose": [
        [
            [
                -0.0457100011408329,
                -0.04442000016570091,
                -0.9979699850082397,
                -0.007079999893903732
            ],
            [
                -0.02565000019967556,
                0.9987300038337708,
                -0.04328000172972679,
                1.2661199569702148
            ],
            [
                0.9986299872398376,
                0.0236200001090765,
                -0.046790000051259995,
                -0.30524998903274536
            ],
            [
                0.0,
                0.0,
                0.0,
                1.0
            ]
        ]
    ],
    "functional_matrix": [
        [
            [
                -0.9994999766349792,
                0.012760000303387642,
                -0.029009999707341194,
                -9.000000136438757e-05
            ],
            [
                -0.02889999933540821,
                -0.7428500056266785,
                0.6688299775123596,
                1.0949699878692627
            ],
            [
                -0.013020000420510769,
                0.6693300008773804,
                0.7428500056266785,
                0.8243600130081177
            ],
            [
                0.0,
                0.0,
                0.0,
                1.0
            ]
        ]
    ],
    "orientation_point": [],
    "contact_points_group": [],
    "contact_points_mask": [],
    "target_point_discription": [],
    "contact_points_discription": [],
    "functional_point_discription": [],
    "orientation_point_discription": [],
    "stable": false
}