{
    "center": [
        -0.051253055424595205,
        0.6413411928996242,
        -0.02216753649957458
    ],
    "extents": [
        1.293994360196464,
        1.5100813483008744,
        2.08585372971173
    ],
    "scale": [
        0.1,
        0.1,
        0.1
    ],
    "transform_matrix": [
        [
            1.0,
            0.0,
            0.0,
            0.0
        ],
        [
            0.0,
            1.0,
            0.0,
            0.0
        ],
        [
            0.0,
            0.0,
            1.0,
            0.0
        ],
        [
            0.0,
            0.0,
            0.0,
            1.0
        ]
    ],
    "target_pose": [],
    "contact_points_pose": [
        [
            [
                -0.0457100011408329,
                -0.04442000016570091,
                -0.9979699850082397,
                -0.007079999893903732
            ],
            [
                -0.02565000019967556,
                0.9987300038337708,
                -0.04328000172972679,
                1.2661199569702148
            ],
            [
                0.9986299872398376,
                0.0236200001090765,
                -0.046790000051259995,
                -0.30524998903274536
            ],
            [
                0.0,
                0.0,
                0.0,
                1.0
            ]
        ]
    ],
    "functional_matrix": [
        [
            [
                -0.9994999766349792,
                0.012760000303387642,
                -0.029030000790953636,
                0.005929999984800816
            ],
            [
                -0.022590000182390213,
                -0.9288700222969055,
                0.3697200119495392,
                1.0421600341796875
            ],
            [
                -0.02223999984562397,
                0.3702000081539154,
                0.9286900162696838,
                0.8266800045967102
            ],
            [
                0.0,
                0.0,
                0.0,
                1.0
            ]
        ]
    ],
    "orientation_point": [],
    "contact_points_group": [],
    "contact_points_mask": [],
    "target_point_discription": [],
    "contact_points_discription": [],
    "functional_point_discription": [],
    "orientation_point_discription": [],
    "stable": true
}