{
    "center": [
        0.0003505472616181242,
        0.6677462845364726,
        0.04967395973099871
    ],
    "extents": [
        0.7861397957955667,
        1.6062545509707853,
        2.115873778179046
    ],
    "scale": [
        0.1,
        0.1,
        0.1
    ],
    "transform_matrix": [
        [
            1.0,
            0.0,
            0.0,
            0.0
        ],
        [
            0.0,
            1.0,
            0.0,
            0.0
        ],
        [
            0.0,
            0.0,
            1.0,
            0.0
        ],
        [
            0.0,
            0.0,
            0.0,
            1.0
        ]
    ],
    "target_pose": [],
    "contact_points_pose": [
        [
            [
                -0.0457100011408329,
                -0.04442000016570091,
                -0.9979699850082397,
                -0.007079999893903732
            ],
            [
                -0.02565000019967556,
                0.9987300038337708,
                -0.04328000172972679,
                1.2661199569702148
            ],
            [
                0.9986299872398376,
                0.0236200001090765,
                -0.046790000051259995,
                -0.30524998903274536
            ],
            [
                0.0,
                0.0,
                0.0,
                1.0
            ]
        ]
    ],
    "functional_matrix": [
        [
            [
                -0.9994999766349792,
                0.012760000303387642,
                -0.029020000249147415,
                -9.000000136438757e-05
            ],
            [
                -0.018559999763965607,
                -0.977649986743927,
                0.20942999422550201,
                1.237720012664795
            ],
            [
                -0.025699999183416367,
                0.20985999703407288,
                0.9773899912834167,
                0.8986899852752686
            ],
            [
                0.0,
                0.0,
                0.0,
                1.0
            ]
        ]
    ],
    "orientation_point": [],
    "contact_points_group": [],
    "contact_points_mask": [],
    "target_point_discription": [],
    "contact_points_discription": [],
    "functional_point_discription": [],
    "orientation_point_discription": [],
    "stable": false
}