{
    "center": [
        0.0007213610475039555,
        0.624474747025477,
        0.01654660525077878
    ],
    "extents": [
        0.7209285099069117,
        1.4184065029657047,
        2.0128790905362255
    ],
    "scale": [
        0.1,
        0.1,
        0.1
    ],
    "transform_matrix": [
        [
            1.0,
            0.0,
            0.0,
            0.0
        ],
        [
            0.0,
            1.0,
            0.0,
            0.0
        ],
        [
            0.0,
            0.0,
            1.0,
            0.0
        ],
        [
            0.0,
            0.0,
            0.0,
            1.0
        ]
    ],
    "target_pose": [],
    "contact_points_pose": [
        [
            [
                0.015799999237060547,
                0.029020000249147415,
                -0.9994500279426575,
                0.011620000004768372
            ],
            [
                0.9998800158500671,
                -0.0004600000102072954,
                0.015790000557899475,
                0.8738600015640259
            ],
            [
                -0.0,
                -0.9995800256729126,
                -0.029020000249147415,
                -0.8984699845314026
            ],
            [
                0.0,
                0.0,
                0.0,
                1.0
            ]
        ]
    ],
    "functional_matrix": [
        [
            [
                0.9999799728393555,
                0.0,
                0.006370000075548887,
                -0.000539999979082495
            ],
            [
                -0.0023799999617040157,
                0.9277399778366089,
                0.3732300102710724,
                1.1075700521469116
            ],
            [
                -0.005909999832510948,
                -0.37323999404907227,
                0.9277200102806091,
                0.8614799976348877
            ],
            [
                0.0,
                0.0,
                0.0,
                1.0
            ]
        ]
    ],
    "orientation_point": [],
    "contact_points_group": [],
    "contact_points_mask": [],
    "target_point_discription": [],
    "contact_points_discription": [],
    "functional_point_discription": [],
    "orientation_point_discription": [],
    "stable": false
}