{
    "center": [
        -0.05326517381428035,
        0.4697107233387982,
        -0.014418105143579359
    ],
    "extents": [
        1.493838501003732,
        1.0126219696662337,
        2.0718567907963386
    ],
    "scale": [
        0.1,
        0.1,
        0.1
    ],
    "transform_matrix": [
        [
            1.0,
            0.0,
            0.0,
            0.0
        ],
        [
            0.0,
            1.0,
            0.0,
            0.0
        ],
        [
            0.0,
            0.0,
            1.0,
            0.0
        ],
        [
            0.0,
            0.0,
            0.0,
            1.0
        ]
    ],
    "target_pose": [],
    "contact_points_pose": [
        [
            [
                0.015799999237060547,
                0.029009999707341194,
                -0.9994500279426575,
                0.011620000004768372
            ],
            [
                0.9998800158500671,
                -0.0004600000102072954,
                0.015790000557899475,
                0.4122200012207031
            ],
            [
                -0.0,
                -0.9995800256729126,
                -0.029009999707341194,
                -0.9329000115394592
            ],
            [
                0.0,
                0.0,
                0.0,
                1.0
            ]
        ]
    ],
    "functional_matrix": [
        [
            [
                0.9999799728393555,
                -0.0,
                0.006370000075548887,
                0.0
            ],
            [
                -0.004689999856054783,
                0.6766800284385681,
                0.7362599968910217,
                0.8903700113296509
            ],
            [
                -0.004310000222176313,
                -0.7362800240516663,
                0.6766600012779236,
                0.8540599942207336
            ],
            [
                0.0,
                0.0,
                0.0,
                1.0
            ]
        ]
    ],
    "orientation_point": [],
    "contact_points_group": [],
    "contact_points_mask": [],
    "target_point_discription": [],
    "contact_points_discription": [],
    "functional_point_discription": [],
    "orientation_point_discription": [],
    "stable": true
}