{
    "center": [
        -0.015447413214866415,
        0.7277495208804303,
        0.0573376217744761
    ],
    "extents": [
        0.8114179224867787,
        1.8634976252251618,
        2.182715767306263
    ],
    "scale": [
        0.1,
        0.1,
        0.1
    ],
    "transform_matrix": [
        [
            1.0,
            0.0,
            0.0,
            0.0
        ],
        [
            0.0,
            1.0,
            0.0,
            0.0
        ],
        [
            0.0,
            0.0,
            1.0,
            0.0
        ],
        [
            0.0,
            0.0,
            0.0,
            1.0
        ]
    ],
    "target_pose": [],
    "contact_points_pose": [
        [
            [
                -0.0457100011408329,
                -0.04442000016570091,
                -0.9979699850082397,
                -0.007079999893903732
            ],
            [
                0.19537000358104706,
                0.9793199896812439,
                -0.05254000052809715,
                1.3019200563430786
            ],
            [
                0.9796599745750427,
                -0.1973699927330017,
                -0.036090001463890076,
                -0.4368000030517578
            ],
            [
                0.0,
                0.0,
                0.0,
                1.0
            ]
        ]
    ],
    "functional_matrix": [
        [
            [
                -0.9994999766349792,
                0.012760000303387642,
                -0.029009999707341194,
                -9.000000136438757e-05
            ],
            [
                -0.02889999933540821,
                -0.7428500056266785,
                0.6688299775123596,
                1.100849986076355
            ],
            [
                -0.013020000420510769,
                0.6693300008773804,
                0.7428500056266785,
                0.8245199918746948
            ],
            [
                0.0,
                0.0,
                0.0,
                1.0
            ]
        ]
    ],
    "orientation_point": [],
    "contact_points_group": [],
    "contact_points_mask": [],
    "target_point_discription": [],
    "contact_points_discription": [],
    "functional_point_discription": [],
    "orientation_point_discription": [],
    "stable": true
}