{
    "center": [
        0.00012777061483304876,
        0.9490618335086392,
        -0.0026741120005503377
    ],
    "extents": [
        1.3495330521223514,
        1.9323678742892632,
        0.5734661225974592
    ],
    "scale": [
        0.08,
        0.08,
        0.08
    ],
    "transform_matrix": [
        [
            1.0,
            0.0,
            0.0,
            0.0
        ],
        [
            0.0,
            1.0,
            0.0,
            0.0
        ],
        [
            0.0,
            0.0,
            1.0,
            0.0
        ],
        [
            0.0,
            0.0,
            0.0,
            1.0
        ]
    ],
    "target_pose": [],
    "contact_points_pose": [
        [
            [
                -0.0,
                -0.0,
                -1.0,
                0.0
            ],
            [
                1.0,
                -0.0,
                -0.0,
                1.6510100364685059
            ],
            [
                -0.0,
                -1.0,
                0.0,
                -0.0
            ],
            [
                0.0,
                0.0,
                0.0,
                1.0
            ]
        ],
        [
            [
                -0.0,
                -0.7071099877357483,
                -0.7071099877357483,
                0.0
            ],
            [
                1.0,
                -0.0,
                -0.0,
                1.6510100364685059
            ],
            [
                -0.0,
                -0.7071099877357483,
                0.7071099877357483,
                -0.0
            ],
            [
                0.0,
                0.0,
                0.0,
                1.0
            ]
        ],
        [
            [
                -0.0,
                -1.0,
                0.0,
                0.0
            ],
            [
                1.0,
                0.0,
                0.0,
                1.6510100364685059
            ],
            [
                -0.0,
                0.0,
                1.0,
                -0.0
            ],
            [
                0.0,
                0.0,
                0.0,
                1.0
            ]
        ],
        [
            [
                0.0,
                -0.7071099877357483,
                0.7071099877357483,
                0.0
            ],
            [
                1.0,
                0.0,
                0.0,
                1.6510100364685059
            ],
            [
                -0.0,
                0.7071099877357483,
                0.7071099877357483,
                -0.0
            ],
            [
                0.0,
                0.0,
                0.0,
                1.0
            ]
        ],
        [
            [
                -0.0,
                0.0,
                1.0,
                0.0
            ],
            [
                1.0,
                0.0,
                -0.0,
                1.6510100364685059
            ],
            [
                -0.0,
                1.0,
                -0.0,
                -0.0
            ],
            [
                0.0,
                0.0,
                0.0,
                1.0
            ]
        ],
        [
            [
                -0.0,
                0.7071099877357483,
                0.7071099877357483,
                0.0
            ],
            [
                1.0,
                0.0,
                -0.0,
                1.6510100364685059
            ],
            [
                -0.0,
                0.7071099877357483,
                -0.7071099877357483,
                -0.0
            ],
            [
                0.0,
                0.0,
                0.0,
                1.0
            ]
        ],
        [
            [
                -0.0,
                1.0,
                -0.0,
                0.0
            ],
            [
                1.0,
                0.0,
                -0.0,
                1.6510100364685059
            ],
            [
                -0.0,
                0.0,
                -1.0,
                -0.0
            ],
            [
                0.0,
                0.0,
                0.0,
                1.0
            ]
        ],
        [
            [
                0.0,
                0.7071099877357483,
                -0.7071099877357483,
                0.0
            ],
            [
                1.0,
                -0.0,
                -0.0,
                1.6510100364685059
            ],
            [
                -0.0,
                -0.7071099877357483,
                -0.7071099877357483,
                -0.0
            ],
            [
                0.0,
                0.0,
                0.0,
                1.0
            ]
        ],
        [
            [
                0.0,
                -0.9999899864196777,
                -0.004459999967366457,
                0.0
            ],
            [
                1.0,
                0.0,
                -1.9999999494757503e-05,
                0.757070004940033
            ],
            [
                1.9999999494757503e-05,
                -0.004459999967366457,
                0.9999899864196777,
                -0.0
            ],
            [
                0.0,
                0.0,
                0.0,
                1.0
            ]
        ],
        [
            [
                0.0,
                -0.004459999967366457,
                0.9999899864196777,
                0.0
            ],
            [
                1.0,
                -1.9999999494757503e-05,
                -0.0,
                0.757070004940033
            ],
            [
                1.9999999494757503e-05,
                0.9999899864196777,
                0.004459999967366457,
                -0.0
            ],
            [
                0.0,
                0.0,
                0.0,
                1.0
            ]
        ],
        [
            [
                0.0,
                0.9999899864196777,
                0.004459999967366457,
                0.0
            ],
            [
                1.0,
                -0.0,
                1.9999999494757503e-05,
                0.757070004940033
            ],
            [
                1.9999999494757503e-05,
                0.004459999967366457,
                -0.9999899864196777,
                -0.0
            ],
            [
                0.0,
                0.0,
                0.0,
                1.0
            ]
        ],
        [
            [
                0.0,
                0.004459999967366457,
                -0.9999899864196777,
                0.0
            ],
            [
                1.0,
                1.9999999494757503e-05,
                0.0,
                0.757070004940033
            ],
            [
                1.9999999494757503e-05,
                -0.9999899864196777,
                -0.004459999967366457,
                -0.0
            ],
            [
                0.0,
                0.0,
                0.0,
                1.0
            ]
        ]
    ],
    "functional_matrix": [
        [
            [
                1.0,
                0.0,
                0.0,
                0.0
            ],
            [
                0.0,
                0.0,
                -1.0,
                0.0
            ],
            [
                0.0,
                1.0,
                0.0,
                0.0
            ],
            [
                0.0,
                0.0,
                0.0,
                1.0
            ]
        ]
    ],
    "orientation_point": [],