{
    "center": [
        -2.149497105096615e-05,
        0.3205763739982033,
        0.002473049476405589
    ],
    "extents": [
        0.5965027678416318,
        0.6934744616401813,
        1.6679602576361539
    ],
    "scale": [
        0.13,
        0.13,
        0.13
    ],
    "target_pose": [
        [
            [
                1.0,
                0.0,
                0.0,
                0.0
            ],
            [
                0.0,
                1.0,
                0.0,
                0.09678955865533836
            ],
            [
                0.0,
                0.0,
                1.0,
                0.0
            ],
            [
                0.0,
                0.0,
                0.0,
                1.0
            ]
        ]
    ],
    "contact_points_pose": [
        [
            [
                6.123233995736766e-17,
                0.0,
                -1.0,
                0.0
            ],
            [
                0.0,
                1.0,
                0.0,
                0.32263186218446116
            ],
            [
                1.0,
                0.0,
                6.123233995736766e-17,
                0.0
            ],
            [
                0.0,
                0.0,
                0.0,
                1.0
            ]
        ],
        [
            [
                6.123233995736766e-17,
                0.0,
                1.0,
                0.0
            ],
            [
                0.0,
                1.0,
                0.0,
                0.32263186218446116
            ],
            [
                -1.0,
                0.0,
                6.123233995736766e-17,
                0.0
            ],
            [
                0.0,
                0.0,
                0.0,
                1.0
            ]
        ]
    ],
    "transform_matrix": [
        [
            1.0,
            0.0,
            0.0,
            0.0
        ],
        [
            0.0,
            1.0,
            0.0,
            0.0
        ],
        [
            -0.0,
            0.0,
            1.0,
            0.0
        ],
        [
            0.0,
            0.0,
            0.0,
            1.0
        ]
    ],
    "functional_matrix": [
        [
            [
                1.0,
                0.0,
                0.0,
                0.0
            ],
            [
                0.0,
                6.123233995736766e-17,
                -1.0,
                0.09678955865533836
            ],
            [
                0.0,
                1.0,
                6.123233995736766e-17,
                0.0
            ],
            [
                0.0,
                0.0,
                0.0,
                1.0
            ]
        ]
    ],
    "orientation_point": [
        [
            1.0,
            0.0,
            0.0,
            0.0
        ],
        [
            0.0,
            1.0,
            0.0,
            0.32263186218446116
        ],
        [
            0.0,
            0.0,
            1.0,
            0.8179678433425165
        ],
        [
            0.0,
            0.0,
            0.0,
            1.0
        ]
    ],
    "contact_points_group": [
        [
            0,
            1
        ]
    ],
    "contact_points_mask": [
        true
    ],
    "contact_points_discription": [
        "Grab the shoes from top to bottom",
        "Grab the shoes from top to bottom"
    ],
    "target_point_discription": [
        "The center point on the bottom of the shoes."
    ],
    "functional_point_discription": [
        "Point0: The center point on the bottom of the shoes, and functional direction is the down side."
    ],
    "orientation_point_discription": [
        "The point is on the head of shoe."
    ],
    "stable": false
}