{
    "center": [
        -0.0006447458245131979,
        0.42453541529496447,
        0.0036384502487962745
    ],
    "extents": [
        0.6684929439455962,
        0.9241723530727162,
        1.9667548406625155
    ],
    "scale": [
        0.11,
        0.11,
        0.11
    ],
    "target_pose": [
        [
            [
                1.0,
                0.0,
                0.0,
                0.0
            ],
            [
                0.0,
                1.0,
                0.0,
                0.14098612807375638
            ],
            [
                0.0,
                0.0,
                1.0,
                0.0
            ],
            [
                0.0,
                0.0,
                0.0,
                1.0
            ]
        ]
    ],
    "contact_points_pose": [
        [
            [
                6.123233995736766e-17,
                0.0,
                -1.0,
                0.0
            ],
            [
                0.0,
                1.0,
                0.0,
                0.4699537602458545
            ],
            [
                1.0,
                0.0,
                6.123233995736766e-17,
                0.0
            ],
            [
                0.0,
                0.0,
                0.0,
                1.0
            ]
        ],
        [
            [
                6.123233995736766e-17,
                0.0,
                1.0,
                0.0
            ],
            [
                0.0,
                1.0,
                0.0,
                0.4699537602458545
            ],
            [
                -1.0,
                0.0,
                6.123233995736766e-17,
                0.0
            ],
            [
                0.0,
                0.0,
                0.0,
                1.0
            ]
        ]
    ],
    "transform_matrix": [
        [
            1.0,
            0.0,
            0.0,
            0.0
        ],
        [
            0.0,
            1.0,
            0.0,
            0.0
        ],
        [
            -0.0,
            0.0,
            1.0,
            0.0
        ],
        [
            0.0,
            0.0,
            0.0,
            1.0
        ]
    ],
    "functional_matrix": [
        [
            [
                1.0,
                0.0,
                0.0,
                0.0
            ],
            [
                0.0,
                6.123233995736766e-17,
                -1.0,
                0.14098612807375638
            ],
            [
                0.0,
                1.0,
                6.123233995736766e-17,
                0.0
            ],
            [
                0.0,
                0.0,
                0.0,
                1.0
            ]
        ]
    ],
    "orientation_point": [
        [
            1.0,
            0.0,
            0.0,
            0.0
        ],
        [
            0.0,
            1.0,
            0.0,
            0.4699537602458545
        ],
        [
            0.0,
            0.0,
            1.0,
            0.9909710635477587
        ],
        [
            0.0,
            0.0,
            0.0,
            1.0
        ]
    ],
    "contact_points_group": [
        [
            0,
            1
        ]
    ],
    "contact_points_mask": [
        true
    ],
    "contact_points_discription": [
        "Grab the shoes from top to bottom",
        "Grab the shoes from top to bottom"
    ],
    "target_point_discription": [
        "The center point on the bottom of the shoes."
    ],
    "functional_point_discription": [
        "Point0: The center point on the bottom of the shoes, and functional direction is the down side."
    ],
    "orientation_point_discription": [
        "The point is on the head of shoe."
    ],
    "stable": false
}