{
    "center": [
        0.013916866070916032,
        0.4643875257008122,
        0.003907572336295224
    ],
    "extents": [
        0.7590664125286366,
        0.994900828384045,
        1.9799502332539052
    ],
    "scale": [
        0.11,
        0.11,
        0.11
    ],
    "target_pose": [
        [
            [
                1.0,
                0.0,
                0.0,
                0.0
            ],
            [
                0.0,
                1.0,
                0.0,
                0.14454762154183115
            ],
            [
                0.0,
                0.0,
                1.0,
                0.0
            ],
            [
                0.0,
                0.0,
                0.0,
                1.0
            ]
        ]
    ],
    "contact_points_pose": [
        [
            [
                6.123233995736766e-17,
                0.0,
                -1.0,
                0.0
            ],
            [
                0.0,
                1.0,
                0.0,
                0.48182540513943717
            ],
            [
                1.0,
                0.0,
                6.123233995736766e-17,
                0.0
            ],
            [
                0.0,
                0.0,
                0.0,
                1.0
            ]
        ],
        [
            [
                6.123233995736766e-17,
                0.0,
                1.0,
                0.0
            ],
            [
                0.0,
                1.0,
                0.0,
                0.48182540513943717
            ],
            [
                -1.0,
                0.0,
                6.123233995736766e-17,
                0.0
            ],
            [
                0.0,
                0.0,
                0.0,
                1.0
            ]
        ]
    ],
    "transform_matrix": [
        [
            1.0,
            0.0,
            0.0,
            0.0
        ],
        [
            0.0,
            1.0,
            0.0,
            0.0
        ],
        [
            -0.0,
            0.0,
            1.0,
            0.0
        ],
        [
            0.0,
            0.0,
            0.0,
            1.0
        ]
    ],
    "functional_matrix": [
        [
            [
                1.0,
                0.0,
                0.0,
                0.0
            ],
            [
                0.0,
                6.123233995736766e-17,
                -1.0,
                0.14454762154183115
            ],
            [
                0.0,
                1.0,
                6.123233995736766e-17,
                0.0
            ],
            [
                0.0,
                0.0,
                0.0,
                1.0
            ]
        ]
    ],
    "orientation_point": [
        [
            1.0,
            0.0,
            0.0,
            0.0
        ],
        [
            0.0,
            1.0,
            0.0,
            0.48182540513943717
        ],
        [
            0.0,
            0.0,
            1.0,
            0.9704808697144669
        ],
        [
            0.0,
            0.0,
            0.0,
            1.0
        ]
    ],
    "contact_points_group": [
        [
            0,
            1
        ]
    ],
    "contact_points_mask": [
        true
    ],
    "contact_points_discription": [
        "Grab the shoes from top to bottom",
        "Grab the shoes from top to bottom"
    ],
    "target_point_discription": [
        "The center point on the bottom of the shoes."
    ],
    "functional_point_discription": [
        "Point0: The center point on the bottom of the shoes, and functional direction is the down side."
    ],
    "orientation_point_discription": [
        "The point is on the head of shoe."
    ],
    "stable": false
}