{
    "center": [
        -0.018326232741702187,
        0.36380844068834306,
        0.006021145828030514
    ],
    "extents": [
        0.7634294140765676,
        0.7730575906281048,
        1.9766308667830503
    ],
    "scale": [
        0.11,
        0.11,
        0.11
    ],
    "target_pose": [
        [
            [
                1.0,
                0.0,
                0.0,
                0.0
            ],
            [
                0.0,
                1.0,
                0.0,
                0.11593673401833449
            ],
            [
                0.0,
                0.0,
                1.0,
                0.0
            ],
            [
                0.0,
                0.0,
                0.0,
                1.0
            ]
        ]
    ],
    "contact_points_pose": [
        [
            [
                6.123233995736766e-17,
                0.0,
                -1.0,
                0.0
            ],
            [
                0.0,
                1.0,
                0.0,
                0.38645578006111486
            ],
            [
                1.0,
                0.0,
                6.123233995736766e-17,
                0.0
            ],
            [
                0.0,
                0.0,
                0.0,
                1.0
            ]
        ],
        [
            [
                6.123233995736766e-17,
                0.0,
                1.0,
                0.0
            ],
            [
                0.0,
                1.0,
                0.0,
                0.38645578006111486
            ],
            [
                -1.0,
                0.0,
                6.123233995736766e-17,
                0.0
            ],
            [
                0.0,
                0.0,
                0.0,
                1.0
            ]
        ]
    ],
    "transform_matrix": [
        [
            1.0,
            0.0,
            0.0,
            0.0
        ],
        [
            0.0,
            1.0,
            0.0,
            0.0
        ],
        [
            -0.0,
            0.0,
            1.0,
            0.0
        ],
        [
            0.0,
            0.0,
            0.0,
            1.0
        ]
    ],
    "functional_matrix": [
        [
            [
                1.0,
                0.0,
                0.0,
                0.0
            ],
            [
                0.0,
                6.123233995736766e-17,
                -1.0,
                0.11593673401833449
            ],
            [
                0.0,
                1.0,
                6.123233995736766e-17,
                0.0
            ],
            [
                0.0,
                0.0,
                0.0,
                1.0
            ]
        ]
    ],
    "orientation_point": [
        [
            1.0,
            0.0,
            0.0,
            0.0
        ],
        [
            0.0,
            1.0,
            0.0,
            0.38645578006111486
        ],
        [
            0.0,
            0.0,
            1.0,
            0.9755024884437965
        ],
        [
            0.0,
            0.0,
            0.0,
            1.0
        ]
    ],
    "contact_points_group": [
        [
            0,
            1
        ]
    ],
    "contact_points_mask": [
        true
    ],
    "contact_points_discription": [
        "Grab the shoes from top to bottom",
        "Grab the shoes from top to bottom"
    ],
    "target_point_discription": [
        "The center point on the bottom of the shoes."
    ],
    "functional_point_discription": [
        "Point0: The center point on the bottom of the shoes, and functional direction is the down side."
    ],
    "orientation_point_discription": [
        "The point is on the head of shoe."
    ],
    "stable": false
}