{
    "stable": true,
    "center": [
        -3.936272838109184e-06,
        0.12500897121664978,
        -2.0973384380275444e-06
    ],
    "extents": [
        0.06752529862234015,
        0.2545134239505337,
        0.06748802214860918
    ]
}