{
    "stable": true,
    "center": [
        -0.00014271353249134032,
        0.12483606505019114,
        0.000205778252986475
    ],
    "extents": [
        0.11529605801217219,
        0.2544990449731629,
        0.11546459793295721
    ]
}