{
    "stable": true,
    "center": [
        1.4381691686311212e-05,
        0.12467909005881514,
        -4.0516665754358796e-07
    ],
    "extents": [
        0.09263688213429822,
        0.253947829030388,
        0.0892830141001728
    ]
}