{
    "stable": true,
    "center": [
        3.773109673208707e-06,
        0.07496046052414097,
        0.00017618969184003908
    ],
    "extents": [
        0.08248157195140629,
        0.15303568239717258,
        0.08299944958913578
    ]
}