{
    "stable": true,
    "center": [
        3.065877398678061e-05,
        0.149990997802302,
        0.0038847305124027043
    ],
    "extents": [
        0.15756797965639893,
        0.305511474822099,
        0.15744751858093542
    ]
}