{"min": [-0.57029, -0.682887, -0.44261], "max": [0.588709, 0.724469, 0.515108]}