{
    "scale": 0.15,
    "transform_matrix": [
        [
            0.9999990463256836,
            0.0014011238235980272,
            3.141687159313733e-07,
            0
        ],
        [
            -0.0014011238235980272,
            0.9999990463256836,
            -6.747611109858553e-07,
            0
        ],
        [
            -3.1511385145677195e-07,
            6.743202334291709e-07,
            1.0,
            0.03344152867794037
        ],
        [
            0.0,
            0.0,
            0.0,
            1.0
        ]
    ],
    "init_qpos": [],
    "target_points": [],
    "contact_points": [
        {
            "matrix": [
                [
                    0.9997900128364563,
                    -0.01513999979943037,
                    -0.013690000399947166,
                    0.0225600004196167
                ],
                [
                    0.01816999912261963,
                    0.9657999873161316,
                    0.2586599886417389,
                    0.8686000108718872
                ],
                [
                    0.00930000003427267,
                    -0.2588599920272827,
                    0.9658700227737427,
                    -0.26750999689102173
                ],
                [
                    0.0,
                    0.0,
                    0.0,
                    1.0
                ]
            ],
            "base": "link_0"
        },
        {
            "matrix": [
                [
                    0.9997900128364563,
                    -0.01551000028848648,
                    -0.013260000385344028,
                    0.02377999946475029
                ],
                [
                    0.018160000443458557,
                    0.9725300073623657,
                    0.23207999765872955,
                    0.8158100247383118
                ],
                [
                    0.00930000003427267,
                    -0.2322700023651123,
                    0.9726099967956543,
                    -0.48982998728752136
                ],
                [
                    0.0,
                    0.0,
                    0.0,
                    1.0
                ]
            ],
            "base": "link_0"
        },
        {
            "matrix": [
                [
                    -0.01551000028848648,
                    -0.013240000233054161,
                    0.9997900128364563,
                    0.02102999947965145
                ],
                [
                    0.9725199937820435,
                    0.23208999633789062,
                    0.018160000443458557,
                    0.8654199838638306
                ],
                [
                    -0.23228000104427338,
                    0.972599983215332,
                    0.009279999881982803,
                    -0.29137998819351196
                ],
                [
                    0.0,
                    0.0,
                    0.0,
                    1.0
                ]
            ],
            "base": "link_0"
        },
        {
            "matrix": [
                [
                    -0.0004600000102072954,
                    0.0006200000061653554,
                    1.0,
                    -0.0
                ],
                [
                    0.8129299879074097,
                    0.582360029220581,
                    1.9999999494757503e-05,
                    -0.02745000086724758
                ],
                [
                    -0.582360029220581,
                    0.8129299879074097,
                    -0.0007699999841861427,
                    0.6781200170516968
                ],
                [
                    0.0,
                    0.0,
                    0.0,
                    1.0
                ]
            ],
            "base": "link_1"
        }
    ],
    "functional_points": [],
    "orientation_point": [],
    "contact_points_group": [
        [
            0,
            1
        ]
    ],
    "contact_points_mask": [
        true
    ],
    "target_points_discription": [],
    "contact_points_discription": [],
    "functional_points_discription": [],
    "orientation_point_discription": []
}