{"min": [-0.625332, -0.244269, -0.426365], "max": [0.64123, 0.723396, 0.710503]}