{
    "scale": 0.15,
    "transform_matrix": [
        [
            0.9999988675117493,
            0.0015073452377691865,
            -2.733921519393334e-06,
            0
        ],
        [
            -0.0015073452377691865,
            0.9999988675117493,
            -2.720044847137615e-07,
            0
        ],
        [
            2.7335086087987293e-06,
            2.761251209904003e-07,
            1.0,
            0.0366404727101326
        ],
        [
            0.0,
            0.0,
            0.0,
            1.0
        ]
    ],
    "init_qpos": [],
    "target_points": [],
    "contact_points": [
        {
            "matrix": [
                [
                    0.9997900128364563,
                    -0.015169999562203884,
                    -0.01358999963849783,
                    -0.5019800066947937
                ],
                [
                    0.01816999912261963,
                    0.9657899737358093,
                    0.25867998600006104,
                    0.907829999923706
                ],
                [
                    0.009200000204145908,
                    -0.258870005607605,
                    0.9658700227737427,
                    -0.24350999295711517
                ],
                [
                    0.0,
                    0.0,
                    0.0,
                    1.0
                ]
            ],
            "base": "link_0"
        },
        {
            "matrix": [
                [
                    0.9997900128364563,
                    -0.015530000440776348,
                    -0.013150000013411045,
                    -0.4963800013065338
                ],
                [
                    0.018160000443458557,
                    0.9725199937820435,
                    0.23208999633789062,
                    0.8522400259971619
                ],
                [
                    0.009189999662339687,
                    -0.23228000104427338,
                    0.9726099967956543,
                    -0.4111500084400177
                ],
                [
                    0.0,
                    0.0,
                    0.0,
                    1.0
                ]
            ],
            "base": "link_0"
        },
        {
            "matrix": [
                [
                    -0.015519999898970127,
                    -0.013159999623894691,
                    0.9997900128364563,
                    -0.49873998761177063
                ],
                [
                    0.9724400043487549,
                    0.23242999613285065,
                    0.018160000443458557,
                    0.9052900075912476
                ],
                [
                    -0.2326200008392334,
                    0.9725199937820435,
                    0.009189999662339687,
                    -0.25940999388694763
                ],
                [
                    0.0,
                    0.0,
                    0.0,
                    1.0
                ]
            ],
            "base": "link_0"
        },
        {
            "matrix": [
                [
                    0.005049999803304672,
                    -0.005530000198632479,
                    0.999970018863678,
                    0.0
                ],
                [
                    0.7384399771690369,
                    0.6743199825286865,
                    0.0,
                    -0.14920000731945038
                ],
                [
                    -0.6743000149726868,
                    0.7384200096130371,
                    0.00749000022187829,
                    0.6683499813079834
                ],
                [
                    0.0,
                    0.0,
                    0.0,
                    1.0
                ]
            ],
            "base": "link_1"
        }
    ],
    "functional_points": [],
    "orientation_point": [],
    "contact_points_group": [
        [
            0,
            1
        ]
    ],
    "contact_points_mask": [
        true
    ],
    "target_points_discription": [],
    "contact_points_discription": [],
    "functional_points_discription": [],
    "orientation_point_discription": []
}